 0.00000000e+00  0.00000000e+00 
 1.00000000e-14  3.43471380e-06 
 2.00000000e-14  1.02975537e-05 
 4.00000000e-14  3.08663358e-05 
 8.00000000e-14  1.12905316e-04 
 1.60000000e-13  4.39028968e-04 
 3.20000000e-13  1.72719180e-03 
 6.40000000e-13  6.75233499e-03 
 1.28000000e-12  2.58885845e-02 
 2.28000000e-12  7.72355382e-02 
 3.28000000e-12  1.50976825e-01 
 4.28000000e-12  2.43186269e-01 
 5.28000000e-12  3.50626032e-01 
 6.28000000e-12  4.70625933e-01 
 7.28000000e-12  6.00983928e-01 
 8.28000000e-12  7.39884036e-01 
 9.28000000e-12  8.85828652e-01 
 1.00000000e-11  9.94596511e-01 
 1.01000000e-11  1.00960848e+00 
 1.03000000e-11  1.03906635e+00 
 1.07000000e-11  1.09471132e+00 
 1.15000000e-11  1.19408554e+00 
 1.25000000e-11  1.29870323e+00 
 1.35000000e-11  1.38497934e+00 
 1.45000000e-11  1.45612952e+00 
 1.55000000e-11  1.51480564e+00 
 1.65000000e-11  1.56319467e+00 
 1.75000000e-11  1.60310012e+00 
 1.85000000e-11  1.63600935e+00 
 1.95000000e-11  1.66314893e+00 
 2.05000000e-11  1.68553040e+00 
 2.15000000e-11  1.70398795e+00 
 2.25000000e-11  1.71920952e+00 
 2.35000000e-11  1.73176244e+00 
 2.45000000e-11  1.74211458e+00 
 2.55000000e-11  1.75065179e+00 
 2.65000000e-11  1.75769225e+00 
 2.75000000e-11  1.76349838e+00 
 2.85000000e-11  1.76828658e+00 
 2.95000000e-11  1.77223531e+00 
 3.05000000e-11  1.77549174e+00 
 3.15000000e-11  1.77817726e+00 
 3.25000000e-11  1.78039196e+00 
 3.35000000e-11  1.78221837e+00 
 3.45000000e-11  1.78372458e+00 
 3.55000000e-11  1.78496672e+00 
 3.65000000e-11  1.78599108e+00 
 3.75000000e-11  1.78683586e+00 
 3.85000000e-11  1.78753253e+00 
 3.95000000e-11  1.78810706e+00 
 4.05000000e-11  1.78858086e+00 
 4.15000000e-11  1.78897159e+00 
 4.25000000e-11  1.78929382e+00 
 4.35000000e-11  1.78955956e+00 
 4.45000000e-11  1.78977871e+00 
 4.55000000e-11  1.78995944e+00 
 4.65000000e-11  1.79010848e+00 
 4.75000000e-11  1.79023139e+00 
 4.85000000e-11  1.79033276e+00 
 4.95000000e-11  1.79041635e+00 
 5.05000000e-11  1.79048529e+00 
 5.15000000e-11  1.79054214e+00 
 5.25000000e-11  1.79058902e+00 
 5.35000000e-11  1.79062768e+00 
 5.45000000e-11  1.79065957e+00 
 5.55000000e-11  1.79068586e+00 
 5.65000000e-11  1.79070755e+00 
 5.75000000e-11  1.79072543e+00 
 5.85000000e-11  1.79074018e+00 
 5.95000000e-11  1.79075234e+00 
 6.05000000e-11  1.79076237e+00 
 6.15000000e-11  1.79077065e+00 
 6.25000000e-11  1.79077747e+00 
 6.35000000e-11  1.79078309e+00 
 6.45000000e-11  1.79078773e+00 
 6.55000000e-11  1.79079156e+00 
 6.65000000e-11  1.79079471e+00 
 6.75000000e-11  1.79079731e+00 
 6.85000000e-11  1.79079946e+00 
 6.95000000e-11  1.79080123e+00 
 7.05000000e-11  1.79080269e+00 
 7.15000000e-11  1.79080389e+00 
 7.25000000e-11  1.79080489e+00 
 7.35000000e-11  1.79080570e+00 
 7.45000000e-11  1.79080638e+00 
 7.55000000e-11  1.79080694e+00 
 7.65000000e-11  1.79080739e+00 
 7.75000000e-11  1.79080777e+00 
 7.85000000e-11  1.79080809e+00 
 7.95000000e-11  1.79080834e+00 
 8.05000000e-11  1.79080856e+00 
 8.15000000e-11  1.79080873e+00 
 8.25000000e-11  1.79080887e+00 
 8.35000000e-11  1.79080899e+00 
 8.45000000e-11  1.79080909e+00 
 8.55000000e-11  1.79080917e+00 
 8.65000000e-11  1.79080924e+00 
 8.75000000e-11  1.79080930e+00 
 8.85000000e-11  1.79080934e+00 
 8.95000000e-11  1.79080938e+00 
 9.05000000e-11  1.79080941e+00 
 9.15000000e-11  1.79080943e+00 
 9.25000000e-11  1.79080946e+00 
 9.35000000e-11  1.79080947e+00 
 9.45000000e-11  1.79080949e+00 
 9.55000000e-11  1.79080950e+00 
 9.65000000e-11  1.79080951e+00 
 9.75000000e-11  1.79080952e+00 
 9.85000000e-11  1.79080952e+00 
 9.95000000e-11  1.79080953e+00 
 1.00500000e-10  1.79080953e+00 
 1.01500000e-10  1.79080954e+00 
 1.02500000e-10  1.79080954e+00 
 1.03500000e-10  1.79080954e+00 
 1.04500000e-10  1.79080954e+00 
 1.05500000e-10  1.79080955e+00 
 1.06500000e-10  1.79080955e+00 
 1.07500000e-10  1.79080955e+00 
 1.08500000e-10  1.79080955e+00 
 1.09500000e-10  1.79080955e+00 
 1.10500000e-10  1.79080955e+00 
 1.11500000e-10  1.79080955e+00 
 1.12500000e-10  1.79080955e+00 
 1.13500000e-10  1.79080955e+00 
 1.14500000e-10  1.79080955e+00 
 1.15500000e-10  1.79080955e+00 
 1.16500000e-10  1.79080955e+00 
 1.17500000e-10  1.79080955e+00 
 1.18500000e-10  1.79080955e+00 
 1.19500000e-10  1.79080955e+00 
 1.20500000e-10  1.79080955e+00 
 1.21500000e-10  1.79080955e+00 
 1.22500000e-10  1.79080955e+00 
 1.23500000e-10  1.79080955e+00 
 1.24500000e-10  1.79080955e+00 
 1.25500000e-10  1.79080955e+00 
 1.26500000e-10  1.79080955e+00 
 1.27500000e-10  1.79080955e+00 
 1.28500000e-10  1.79080955e+00 
 1.29500000e-10  1.79080955e+00 
 1.30500000e-10  1.79080955e+00 
 1.31500000e-10  1.79080955e+00 
 1.32500000e-10  1.79080955e+00 
 1.33500000e-10  1.79080955e+00 
 1.34500000e-10  1.79080955e+00 
 1.35500000e-10  1.79080955e+00 
 1.36500000e-10  1.79080955e+00 
 1.37500000e-10  1.79080955e+00 
 1.38500000e-10  1.79080955e+00 
 1.39500000e-10  1.79080955e+00 
 1.40500000e-10  1.79080955e+00 
 1.41500000e-10  1.79080955e+00 
 1.42500000e-10  1.79080955e+00 
 1.43500000e-10  1.79080955e+00 
 1.44500000e-10  1.79080955e+00 
 1.45500000e-10  1.79080955e+00 
 1.46500000e-10  1.79080955e+00 
 1.47500000e-10  1.79080955e+00 
 1.48500000e-10  1.79080955e+00 
 1.49500000e-10  1.79080955e+00 
 1.50500000e-10  1.79080955e+00 
 1.51500000e-10  1.79080955e+00 
 1.52500000e-10  1.79080955e+00 
 1.53500000e-10  1.79080955e+00 
 1.54500000e-10  1.79080955e+00 
 1.55500000e-10  1.79080955e+00 
 1.56500000e-10  1.79080955e+00 
 1.57500000e-10  1.79080955e+00 
 1.58500000e-10  1.79080955e+00 
 1.59500000e-10  1.79080955e+00 
 1.60500000e-10  1.79080955e+00 
 1.61500000e-10  1.79080955e+00 
 1.62500000e-10  1.79080955e+00 
 1.63500000e-10  1.79080955e+00 
 1.64500000e-10  1.79080955e+00 
 1.65500000e-10  1.79080955e+00 
 1.66500000e-10  1.79080955e+00 
 1.67500000e-10  1.79080955e+00 
 1.68500000e-10  1.79080955e+00 
 1.69500000e-10  1.79080955e+00 
 1.70500000e-10  1.79080955e+00 
 1.71500000e-10  1.79080955e+00 
 1.72500000e-10  1.79080955e+00 
 1.73500000e-10  1.79080955e+00 
 1.74500000e-10  1.79080955e+00 
 1.75500000e-10  1.79080955e+00 
 1.76500000e-10  1.79080955e+00 
 1.77500000e-10  1.79080955e+00 
 1.78500000e-10  1.79080955e+00 
 1.79500000e-10  1.79080955e+00 
 1.80500000e-10  1.79080955e+00 
 1.81500000e-10  1.79080955e+00 
 1.82500000e-10  1.79080955e+00 
 1.83500000e-10  1.79080955e+00 
 1.84500000e-10  1.79080955e+00 
 1.85500000e-10  1.79080955e+00 
 1.86500000e-10  1.79080955e+00 
 1.87500000e-10  1.79080955e+00 
 1.88500000e-10  1.79080955e+00 
 1.89500000e-10  1.79080955e+00 
 1.90500000e-10  1.79080955e+00 
 1.91500000e-10  1.79080955e+00 
 1.92500000e-10  1.79080955e+00 
 1.93500000e-10  1.79080955e+00 
 1.94500000e-10  1.79080955e+00 
 1.95500000e-10  1.79080955e+00 
 1.96500000e-10  1.79080955e+00 
 1.97500000e-10  1.79080955e+00 
 1.98500000e-10  1.79080955e+00 
 1.99500000e-10  1.79080955e+00 
 2.00500000e-10  1.79080955e+00 
 2.01500000e-10  1.79080955e+00 
 2.02500000e-10  1.79080955e+00 
 2.03500000e-10  1.79080955e+00 
 2.04500000e-10  1.79080955e+00 
 2.05500000e-10  1.79080955e+00 
 2.06500000e-10  1.79080955e+00 
 2.07500000e-10  1.79080955e+00 
 2.08500000e-10  1.79080955e+00 
 2.09500000e-10  1.79080955e+00 
 2.10500000e-10  1.79080955e+00 
 2.11500000e-10  1.79080955e+00 
 2.12500000e-10  1.79080955e+00 
 2.13500000e-10  1.79080955e+00 
 2.14500000e-10  1.79080955e+00 
 2.15500000e-10  1.79080955e+00 
 2.16500000e-10  1.79080955e+00 
 2.17500000e-10  1.79080955e+00 
 2.18500000e-10  1.79080955e+00 
 2.19500000e-10  1.79080955e+00 
 2.20500000e-10  1.79080955e+00 
 2.21500000e-10  1.79080955e+00 
 2.22500000e-10  1.79080955e+00 
 2.23500000e-10  1.79080955e+00 
 2.24500000e-10  1.79080955e+00 
 2.25500000e-10  1.79080955e+00 
 2.26500000e-10  1.79080955e+00 
 2.27500000e-10  1.79080955e+00 
 2.28500000e-10  1.79080955e+00 
 2.29500000e-10  1.79080955e+00 
 2.30500000e-10  1.79080955e+00 
 2.31500000e-10  1.79080955e+00 
 2.32500000e-10  1.79080955e+00 
 2.33500000e-10  1.79080955e+00 
 2.34500000e-10  1.79080955e+00 
 2.35500000e-10  1.79080955e+00 
 2.36500000e-10  1.79080955e+00 
 2.37500000e-10  1.79080955e+00 
 2.38500000e-10  1.79080955e+00 
 2.39500000e-10  1.79080955e+00 
 2.40500000e-10  1.79080955e+00 
 2.41500000e-10  1.79080955e+00 
 2.42500000e-10  1.79080955e+00 
 2.43500000e-10  1.79080955e+00 
 2.44500000e-10  1.79080955e+00 
 2.45500000e-10  1.79080955e+00 
 2.46500000e-10  1.79080955e+00 
 2.47500000e-10  1.79080955e+00 
 2.48500000e-10  1.79080955e+00 
 2.49500000e-10  1.79080955e+00 
 2.50500000e-10  1.79080955e+00 
 2.51500000e-10  1.79080955e+00 
 2.52500000e-10  1.79080955e+00 
 2.53500000e-10  1.79080955e+00 
 2.54500000e-10  1.79080955e+00 
 2.55500000e-10  1.79080955e+00 
 2.56500000e-10  1.79080955e+00 
 2.57500000e-10  1.79080955e+00 
 2.58500000e-10  1.79080955e+00 
 2.59500000e-10  1.79080955e+00 
 2.60500000e-10  1.79080955e+00 
 2.61500000e-10  1.79080955e+00 
 2.62500000e-10  1.79080955e+00 
 2.63500000e-10  1.79080955e+00 
 2.64500000e-10  1.79080955e+00 
 2.65500000e-10  1.79080955e+00 
 2.66500000e-10  1.79080955e+00 
 2.67500000e-10  1.79080955e+00 
 2.68500000e-10  1.79080955e+00 
 2.69500000e-10  1.79080955e+00 
 2.70500000e-10  1.79080955e+00 
 2.71500000e-10  1.79080955e+00 
 2.72500000e-10  1.79080955e+00 
 2.73500000e-10  1.79080955e+00 
 2.74500000e-10  1.79080955e+00 
 2.75500000e-10  1.79080955e+00 
 2.76500000e-10  1.79080955e+00 
 2.77500000e-10  1.79080955e+00 
 2.78500000e-10  1.79080955e+00 
 2.79500000e-10  1.79080955e+00 
 2.80500000e-10  1.79080955e+00 
 2.81500000e-10  1.79080955e+00 
 2.82500000e-10  1.79080955e+00 
 2.83500000e-10  1.79080955e+00 
 2.84500000e-10  1.79080955e+00 
 2.85500000e-10  1.79080955e+00 
 2.86500000e-10  1.79080955e+00 
 2.87500000e-10  1.79080955e+00 
 2.88500000e-10  1.79080955e+00 
 2.89500000e-10  1.79080955e+00 
 2.90500000e-10  1.79080955e+00 
 2.91500000e-10  1.79080955e+00 
 2.92500000e-10  1.79080955e+00 
 2.93500000e-10  1.79080955e+00 
 2.94500000e-10  1.79080955e+00 
 2.95500000e-10  1.79080955e+00 
 2.96500000e-10  1.79080955e+00 
 2.97500000e-10  1.79080955e+00 
 2.98500000e-10  1.79080955e+00 
 2.99500000e-10  1.79080955e+00 
 3.00500000e-10  1.79080955e+00 
 3.01500000e-10  1.79080955e+00 
 3.02500000e-10  1.79080955e+00 
 3.03500000e-10  1.79080955e+00 
 3.04500000e-10  1.79080955e+00 
 3.05500000e-10  1.79080955e+00 
 3.06500000e-10  1.79080955e+00 
 3.07500000e-10  1.79080955e+00 
 3.08500000e-10  1.79080955e+00 
 3.09500000e-10  1.79080955e+00 
 3.10500000e-10  1.79080955e+00 
 3.11500000e-10  1.79080955e+00 
 3.12500000e-10  1.79080955e+00 
 3.13500000e-10  1.79080955e+00 
 3.14500000e-10  1.79080955e+00 
 3.15500000e-10  1.79080955e+00 
 3.16500000e-10  1.79080955e+00 
 3.17500000e-10  1.79080955e+00 
 3.18500000e-10  1.79080955e+00 
 3.19500000e-10  1.79080955e+00 
 3.20500000e-10  1.79080955e+00 
 3.21500000e-10  1.79080955e+00 
 3.22500000e-10  1.79080955e+00 
 3.23500000e-10  1.79080955e+00 
 3.24500000e-10  1.79080955e+00 
 3.25500000e-10  1.79080955e+00 
 3.26500000e-10  1.79080955e+00 
 3.27500000e-10  1.79080955e+00 
 3.28500000e-10  1.79080955e+00 
 3.29500000e-10  1.79080955e+00 
 3.30500000e-10  1.79080955e+00 
 3.31500000e-10  1.79080955e+00 
 3.32500000e-10  1.79080955e+00 
 3.33500000e-10  1.79080955e+00 
 3.34500000e-10  1.79080955e+00 
 3.35500000e-10  1.79080955e+00 
 3.36500000e-10  1.79080955e+00 
 3.37500000e-10  1.79080955e+00 
 3.38500000e-10  1.79080955e+00 
 3.39500000e-10  1.79080955e+00 
 3.40500000e-10  1.79080955e+00 
 3.41500000e-10  1.79080955e+00 
 3.42500000e-10  1.79080955e+00 
 3.43500000e-10  1.79080955e+00 
 3.44500000e-10  1.79080955e+00 
 3.45500000e-10  1.79080955e+00 
 3.46500000e-10  1.79080955e+00 
 3.47500000e-10  1.79080955e+00 
 3.48500000e-10  1.79080955e+00 
 3.49500000e-10  1.79080955e+00 
 3.50500000e-10  1.79080955e+00 
 3.51500000e-10  1.79080955e+00 
 3.52500000e-10  1.79080955e+00 
 3.53500000e-10  1.79080955e+00 
 3.54500000e-10  1.79080955e+00 
 3.55500000e-10  1.79080955e+00 
 3.56500000e-10  1.79080955e+00 
 3.57500000e-10  1.79080955e+00 
 3.58500000e-10  1.79080955e+00 
 3.59500000e-10  1.79080955e+00 
 3.60500000e-10  1.79080955e+00 
 3.61500000e-10  1.79080955e+00 
 3.62500000e-10  1.79080955e+00 
 3.63500000e-10  1.79080955e+00 
 3.64500000e-10  1.79080955e+00 
 3.65500000e-10  1.79080955e+00 
 3.66500000e-10  1.79080955e+00 
 3.67500000e-10  1.79080955e+00 
 3.68500000e-10  1.79080955e+00 
 3.69500000e-10  1.79080955e+00 
 3.70500000e-10  1.79080955e+00 
 3.71500000e-10  1.79080955e+00 
 3.72500000e-10  1.79080955e+00 
 3.73500000e-10  1.79080955e+00 
 3.74500000e-10  1.79080955e+00 
 3.75500000e-10  1.79080955e+00 
 3.76500000e-10  1.79080955e+00 
 3.77500000e-10  1.79080955e+00 
 3.78500000e-10  1.79080955e+00 
 3.79500000e-10  1.79080955e+00 
 3.80500000e-10  1.79080955e+00 
 3.81500000e-10  1.79080955e+00 
 3.82500000e-10  1.79080955e+00 
 3.83500000e-10  1.79080955e+00 
 3.84500000e-10  1.79080955e+00 
 3.85500000e-10  1.79080955e+00 
 3.86500000e-10  1.79080955e+00 
 3.87500000e-10  1.79080955e+00 
 3.88500000e-10  1.79080955e+00 
 3.89500000e-10  1.79080955e+00 
 3.90500000e-10  1.79080955e+00 
 3.91500000e-10  1.79080955e+00 
 3.92500000e-10  1.79080955e+00 
 3.93500000e-10  1.79080955e+00 
 3.94500000e-10  1.79080955e+00 
 3.95500000e-10  1.79080955e+00 
 3.96500000e-10  1.79080955e+00 
 3.97500000e-10  1.79080955e+00 
 3.98500000e-10  1.79080955e+00 
 3.99500000e-10  1.79080955e+00 
 4.00500000e-10  1.79080955e+00 
 4.01500000e-10  1.79080955e+00 
 4.02500000e-10  1.79080955e+00 
 4.03500000e-10  1.79080955e+00 
 4.04500000e-10  1.79080955e+00 
 4.05500000e-10  1.79080955e+00 
 4.06500000e-10  1.79080955e+00 
 4.07500000e-10  1.79080955e+00 
 4.08500000e-10  1.79080955e+00 
 4.09500000e-10  1.79080955e+00 
 4.10500000e-10  1.79080955e+00 
 4.11500000e-10  1.79080955e+00 
 4.12500000e-10  1.79080955e+00 
 4.13500000e-10  1.79080955e+00 
 4.14500000e-10  1.79080955e+00 
 4.15500000e-10  1.79080955e+00 
 4.16500000e-10  1.79080955e+00 
 4.17500000e-10  1.79080955e+00 
 4.18500000e-10  1.79080955e+00 
 4.19500000e-10  1.79080955e+00 
 4.20500000e-10  1.79080955e+00 
 4.21500000e-10  1.79080955e+00 
 4.22500000e-10  1.79080955e+00 
 4.23500000e-10  1.79080955e+00 
 4.24500000e-10  1.79080955e+00 
 4.25500000e-10  1.79080955e+00 
 4.26500000e-10  1.79080955e+00 
 4.27500000e-10  1.79080955e+00 
 4.28500000e-10  1.79080955e+00 
 4.29500000e-10  1.79080955e+00 
 4.30500000e-10  1.79080955e+00 
 4.31500000e-10  1.79080955e+00 
 4.32500000e-10  1.79080955e+00 
 4.33500000e-10  1.79080955e+00 
 4.34500000e-10  1.79080955e+00 
 4.35500000e-10  1.79080955e+00 
 4.36500000e-10  1.79080955e+00 
 4.37500000e-10  1.79080955e+00 
 4.38500000e-10  1.79080955e+00 
 4.39500000e-10  1.79080955e+00 
 4.40500000e-10  1.79080955e+00 
 4.41500000e-10  1.79080955e+00 
 4.42500000e-10  1.79080955e+00 
 4.43500000e-10  1.79080955e+00 
 4.44500000e-10  1.79080955e+00 
 4.45500000e-10  1.79080955e+00 
 4.46500000e-10  1.79080955e+00 
 4.47500000e-10  1.79080955e+00 
 4.48500000e-10  1.79080955e+00 
 4.49500000e-10  1.79080955e+00 
 4.50500000e-10  1.79080955e+00 
 4.51500000e-10  1.79080955e+00 
 4.52500000e-10  1.79080955e+00 
 4.53500000e-10  1.79080955e+00 
 4.54500000e-10  1.79080955e+00 
 4.55500000e-10  1.79080955e+00 
 4.56500000e-10  1.79080955e+00 
 4.57500000e-10  1.79080955e+00 
 4.58500000e-10  1.79080955e+00 
 4.59500000e-10  1.79080955e+00 
 4.60500000e-10  1.79080955e+00 
 4.61500000e-10  1.79080955e+00 
 4.62500000e-10  1.79080955e+00 
 4.63500000e-10  1.79080955e+00 
 4.64500000e-10  1.79080955e+00 
 4.65500000e-10  1.79080955e+00 
 4.66500000e-10  1.79080955e+00 
 4.67500000e-10  1.79080955e+00 
 4.68500000e-10  1.79080955e+00 
 4.69500000e-10  1.79080955e+00 
 4.70500000e-10  1.79080955e+00 
 4.71500000e-10  1.79080955e+00 
 4.72500000e-10  1.79080955e+00 
 4.73500000e-10  1.79080955e+00 
 4.74500000e-10  1.79080955e+00 
 4.75500000e-10  1.79080955e+00 
 4.76500000e-10  1.79080955e+00 
 4.77500000e-10  1.79080955e+00 
 4.78500000e-10  1.79080955e+00 
 4.79500000e-10  1.79080955e+00 
 4.80500000e-10  1.79080955e+00 
 4.81500000e-10  1.79080955e+00 
 4.82500000e-10  1.79080955e+00 
 4.83500000e-10  1.79080955e+00 
 4.84500000e-10  1.79080955e+00 
 4.85500000e-10  1.79080955e+00 
 4.86500000e-10  1.79080955e+00 
 4.87500000e-10  1.79080955e+00 
 4.88500000e-10  1.79080955e+00 
 4.89500000e-10  1.79080955e+00 
 4.90500000e-10  1.79080955e+00 
 4.91500000e-10  1.79080955e+00 
 4.92500000e-10  1.79080955e+00 
 4.93500000e-10  1.79080955e+00 
 4.94500000e-10  1.79080955e+00 
 4.95500000e-10  1.79080955e+00 
 4.96500000e-10  1.79080955e+00 
 4.97500000e-10  1.79080955e+00 
 4.98500000e-10  1.79080955e+00 
 4.99500000e-10  1.79080955e+00 
 5.00500000e-10  1.79080955e+00 
 5.01500000e-10  1.79080955e+00 
 5.02500000e-10  1.79080955e+00 
 5.03500000e-10  1.79080955e+00 
 5.04500000e-10  1.79080955e+00 
 5.05500000e-10  1.79080955e+00 
 5.06500000e-10  1.79080955e+00 
 5.07500000e-10  1.79080955e+00 
 5.08500000e-10  1.79080955e+00 
 5.09500000e-10  1.79080955e+00 
 5.10500000e-10  1.79080955e+00 
 5.11500000e-10  1.79080955e+00 
 5.12500000e-10  1.79080955e+00 
 5.13500000e-10  1.79080955e+00 
 5.14500000e-10  1.79080955e+00 
 5.15500000e-10  1.79080955e+00 
 5.16500000e-10  1.79080955e+00 
 5.17500000e-10  1.79080955e+00 
 5.18500000e-10  1.79080955e+00 
 5.19500000e-10  1.79080955e+00 
 5.20500000e-10  1.79080955e+00 
 5.21500000e-10  1.79080955e+00 
 5.22500000e-10  1.79080955e+00 
 5.23500000e-10  1.79080955e+00 
 5.24500000e-10  1.79080955e+00 
 5.25500000e-10  1.79080955e+00 
 5.26500000e-10  1.79080955e+00 
 5.27500000e-10  1.79080955e+00 
 5.28500000e-10  1.79080955e+00 
 5.29500000e-10  1.79080955e+00 
 5.30500000e-10  1.79080955e+00 
 5.31500000e-10  1.79080955e+00 
 5.32500000e-10  1.79080955e+00 
 5.33500000e-10  1.79080955e+00 
 5.34500000e-10  1.79080955e+00 
 5.35500000e-10  1.79080955e+00 
 5.36500000e-10  1.79080955e+00 
 5.37500000e-10  1.79080955e+00 
 5.38500000e-10  1.79080955e+00 
 5.39500000e-10  1.79080955e+00 
 5.40500000e-10  1.79080955e+00 
 5.41500000e-10  1.79080955e+00 
 5.42500000e-10  1.79080955e+00 
 5.43500000e-10  1.79080955e+00 
 5.44500000e-10  1.79080955e+00 
 5.45500000e-10  1.79080955e+00 
 5.46500000e-10  1.79080955e+00 
 5.47500000e-10  1.79080955e+00 
 5.48500000e-10  1.79080955e+00 
 5.49500000e-10  1.79080955e+00 
 5.50500000e-10  1.79080955e+00 
 5.51500000e-10  1.79080955e+00 
 5.52500000e-10  1.79080955e+00 
 5.53500000e-10  1.79080955e+00 
 5.54500000e-10  1.79080955e+00 
 5.55500000e-10  1.79080955e+00 
 5.56500000e-10  1.79080955e+00 
 5.57500000e-10  1.79080955e+00 
 5.58500000e-10  1.79080955e+00 
 5.59500000e-10  1.79080955e+00 
 5.60500000e-10  1.79080955e+00 
 5.61500000e-10  1.79080955e+00 
 5.62500000e-10  1.79080955e+00 
 5.63500000e-10  1.79080955e+00 
 5.64500000e-10  1.79080955e+00 
 5.65500000e-10  1.79080955e+00 
 5.66500000e-10  1.79080955e+00 
 5.67500000e-10  1.79080955e+00 
 5.68500000e-10  1.79080955e+00 
 5.69500000e-10  1.79080955e+00 
 5.70500000e-10  1.79080955e+00 
 5.71500000e-10  1.79080955e+00 
 5.72500000e-10  1.79080955e+00 
 5.73500000e-10  1.79080955e+00 
 5.74500000e-10  1.79080955e+00 
 5.75500000e-10  1.79080955e+00 
 5.76500000e-10  1.79080955e+00 
 5.77500000e-10  1.79080955e+00 
 5.78500000e-10  1.79080955e+00 
 5.79500000e-10  1.79080955e+00 
 5.80500000e-10  1.79080955e+00 
 5.81500000e-10  1.79080955e+00 
 5.82500000e-10  1.79080955e+00 
 5.83500000e-10  1.79080955e+00 
 5.84500000e-10  1.79080955e+00 
 5.85500000e-10  1.79080955e+00 
 5.86500000e-10  1.79080955e+00 
 5.87500000e-10  1.79080955e+00 
 5.88500000e-10  1.79080955e+00 
 5.89500000e-10  1.79080955e+00 
 5.90500000e-10  1.79080955e+00 
 5.91500000e-10  1.79080955e+00 
 5.92500000e-10  1.79080955e+00 
 5.93500000e-10  1.79080955e+00 
 5.94500000e-10  1.79080955e+00 
 5.95500000e-10  1.79080955e+00 
 5.96500000e-10  1.79080955e+00 
 5.97500000e-10  1.79080955e+00 
 5.98500000e-10  1.79080955e+00 
 5.99500000e-10  1.79080955e+00 
 6.00500000e-10  1.79080955e+00 
 6.01500000e-10  1.79080955e+00 
 6.02500000e-10  1.79080955e+00 
 6.03500000e-10  1.79080955e+00 
 6.04500000e-10  1.79080955e+00 
 6.05500000e-10  1.79080955e+00 
 6.06500000e-10  1.79080955e+00 
 6.07500000e-10  1.79080955e+00 
 6.08500000e-10  1.79080955e+00 
 6.09500000e-10  1.79080955e+00 
 6.10500000e-10  1.79080955e+00 
 6.11500000e-10  1.79080955e+00 
 6.12500000e-10  1.79080955e+00 
 6.13500000e-10  1.79080955e+00 
 6.14500000e-10  1.79080955e+00 
 6.15500000e-10  1.79080955e+00 
 6.16500000e-10  1.79080955e+00 
 6.17500000e-10  1.79080955e+00 
 6.18500000e-10  1.79080955e+00 
 6.19500000e-10  1.79080955e+00 
 6.20500000e-10  1.79080955e+00 
 6.21500000e-10  1.79080955e+00 
 6.22500000e-10  1.79080955e+00 
 6.23500000e-10  1.79080955e+00 
 6.24500000e-10  1.79080955e+00 
 6.25500000e-10  1.79080955e+00 
 6.26500000e-10  1.79080955e+00 
 6.27500000e-10  1.79080955e+00 
 6.28500000e-10  1.79080955e+00 
 6.29500000e-10  1.79080955e+00 
 6.30500000e-10  1.79080955e+00 
 6.31500000e-10  1.79080955e+00 
 6.32500000e-10  1.79080955e+00 
 6.33500000e-10  1.79080955e+00 
 6.34500000e-10  1.79080955e+00 
 6.35500000e-10  1.79080955e+00 
 6.36500000e-10  1.79080955e+00 
 6.37500000e-10  1.79080955e+00 
 6.38500000e-10  1.79080955e+00 
 6.39500000e-10  1.79080955e+00 
 6.40500000e-10  1.79080955e+00 
 6.41500000e-10  1.79080955e+00 
 6.42500000e-10  1.79080955e+00 
 6.43500000e-10  1.79080955e+00 
 6.44500000e-10  1.79080955e+00 
 6.45500000e-10  1.79080955e+00 
 6.46500000e-10  1.79080955e+00 
 6.47500000e-10  1.79080955e+00 
 6.48500000e-10  1.79080955e+00 
 6.49500000e-10  1.79080955e+00 
 6.50500000e-10  1.79080955e+00 
 6.51500000e-10  1.79080955e+00 
 6.52500000e-10  1.79080955e+00 
 6.53500000e-10  1.79080955e+00 
 6.54500000e-10  1.79080955e+00 
 6.55500000e-10  1.79080955e+00 
 6.56500000e-10  1.79080955e+00 
 6.57500000e-10  1.79080955e+00 
 6.58500000e-10  1.79080955e+00 
 6.59500000e-10  1.79080955e+00 
 6.60500000e-10  1.79080955e+00 
 6.61500000e-10  1.79080955e+00 
 6.62500000e-10  1.79080955e+00 
 6.63500000e-10  1.79080955e+00 
 6.64500000e-10  1.79080955e+00 
 6.65500000e-10  1.79080955e+00 
 6.66500000e-10  1.79080955e+00 
 6.67500000e-10  1.79080955e+00 
 6.68500000e-10  1.79080955e+00 
 6.69500000e-10  1.79080955e+00 
 6.70500000e-10  1.79080955e+00 
 6.71500000e-10  1.79080955e+00 
 6.72500000e-10  1.79080955e+00 
 6.73500000e-10  1.79080955e+00 
 6.74500000e-10  1.79080955e+00 
 6.75500000e-10  1.79080955e+00 
 6.76500000e-10  1.79080955e+00 
 6.77500000e-10  1.79080955e+00 
 6.78500000e-10  1.79080955e+00 
 6.79500000e-10  1.79080955e+00 
 6.80500000e-10  1.79080955e+00 
 6.81500000e-10  1.79080955e+00 
 6.82500000e-10  1.79080955e+00 
 6.83500000e-10  1.79080955e+00 
 6.84500000e-10  1.79080955e+00 
 6.85500000e-10  1.79080955e+00 
 6.86500000e-10  1.79080955e+00 
 6.87500000e-10  1.79080955e+00 
 6.88500000e-10  1.79080955e+00 
 6.89500000e-10  1.79080955e+00 
 6.90500000e-10  1.79080955e+00 
 6.91500000e-10  1.79080955e+00 
 6.92500000e-10  1.79080955e+00 
 6.93500000e-10  1.79080955e+00 
 6.94500000e-10  1.79080955e+00 
 6.95500000e-10  1.79080955e+00 
 6.96500000e-10  1.79080955e+00 
 6.97500000e-10  1.79080955e+00 
 6.98500000e-10  1.79080955e+00 
 6.99500000e-10  1.79080955e+00 
 7.00500000e-10  1.79080955e+00 
 7.01500000e-10  1.79080955e+00 
 7.02500000e-10  1.79080955e+00 
 7.03500000e-10  1.79080955e+00 
 7.04500000e-10  1.79080955e+00 
 7.05500000e-10  1.79080955e+00 
 7.06500000e-10  1.79080955e+00 
 7.07500000e-10  1.79080955e+00 
 7.08500000e-10  1.79080955e+00 
 7.09500000e-10  1.79080955e+00 
 7.10500000e-10  1.79080955e+00 
 7.11500000e-10  1.79080955e+00 
 7.12500000e-10  1.79080955e+00 
 7.13500000e-10  1.79080955e+00 
 7.14500000e-10  1.79080955e+00 
 7.15500000e-10  1.79080955e+00 
 7.16500000e-10  1.79080955e+00 
 7.17500000e-10  1.79080955e+00 
 7.18500000e-10  1.79080955e+00 
 7.19500000e-10  1.79080955e+00 
 7.20500000e-10  1.79080955e+00 
 7.21500000e-10  1.79080955e+00 
 7.22500000e-10  1.79080955e+00 
 7.23500000e-10  1.79080955e+00 
 7.24500000e-10  1.79080955e+00 
 7.25500000e-10  1.79080955e+00 
 7.26500000e-10  1.79080955e+00 
 7.27500000e-10  1.79080955e+00 
 7.28500000e-10  1.79080955e+00 
 7.29500000e-10  1.79080955e+00 
 7.30500000e-10  1.79080955e+00 
 7.31500000e-10  1.79080955e+00 
 7.32500000e-10  1.79080955e+00 
 7.33500000e-10  1.79080955e+00 
 7.34500000e-10  1.79080955e+00 
 7.35500000e-10  1.79080955e+00 
 7.36500000e-10  1.79080955e+00 
 7.37500000e-10  1.79080955e+00 
 7.38500000e-10  1.79080955e+00 
 7.39500000e-10  1.79080955e+00 
 7.40500000e-10  1.79080955e+00 
 7.41500000e-10  1.79080955e+00 
 7.42500000e-10  1.79080955e+00 
 7.43500000e-10  1.79080955e+00 
 7.44500000e-10  1.79080955e+00 
 7.45500000e-10  1.79080955e+00 
 7.46500000e-10  1.79080955e+00 
 7.47500000e-10  1.79080955e+00 
 7.48500000e-10  1.79080955e+00 
 7.49500000e-10  1.79080955e+00 
 7.50500000e-10  1.79080955e+00 
 7.51500000e-10  1.79080955e+00 
 7.52500000e-10  1.79080955e+00 
 7.53500000e-10  1.79080955e+00 
 7.54500000e-10  1.79080955e+00 
 7.55500000e-10  1.79080955e+00 
 7.56500000e-10  1.79080955e+00 
 7.57500000e-10  1.79080955e+00 
 7.58500000e-10  1.79080955e+00 
 7.59500000e-10  1.79080955e+00 
 7.60500000e-10  1.79080955e+00 
 7.61500000e-10  1.79080955e+00 
 7.62500000e-10  1.79080955e+00 
 7.63500000e-10  1.79080955e+00 
 7.64500000e-10  1.79080955e+00 
 7.65500000e-10  1.79080955e+00 
 7.66500000e-10  1.79080955e+00 
 7.67500000e-10  1.79080955e+00 
 7.68500000e-10  1.79080955e+00 
 7.69500000e-10  1.79080955e+00 
 7.70500000e-10  1.79080955e+00 
 7.71500000e-10  1.79080955e+00 
 7.72500000e-10  1.79080955e+00 
 7.73500000e-10  1.79080955e+00 
 7.74500000e-10  1.79080955e+00 
 7.75500000e-10  1.79080955e+00 
 7.76500000e-10  1.79080955e+00 
 7.77500000e-10  1.79080955e+00 
 7.78500000e-10  1.79080955e+00 
 7.79500000e-10  1.79080955e+00 
 7.80500000e-10  1.79080955e+00 
 7.81500000e-10  1.79080955e+00 
 7.82500000e-10  1.79080955e+00 
 7.83500000e-10  1.79080955e+00 
 7.84500000e-10  1.79080955e+00 
 7.85500000e-10  1.79080955e+00 
 7.86500000e-10  1.79080955e+00 
 7.87500000e-10  1.79080955e+00 
 7.88500000e-10  1.79080955e+00 
 7.89500000e-10  1.79080955e+00 
 7.90500000e-10  1.79080955e+00 
 7.91500000e-10  1.79080955e+00 
 7.92500000e-10  1.79080955e+00 
 7.93500000e-10  1.79080955e+00 
 7.94500000e-10  1.79080955e+00 
 7.95500000e-10  1.79080955e+00 
 7.96500000e-10  1.79080955e+00 
 7.97500000e-10  1.79080955e+00 
 7.98500000e-10  1.79080955e+00 
 7.99500000e-10  1.79080955e+00 
 8.00500000e-10  1.79080955e+00 
 8.01500000e-10  1.79080955e+00 
 8.02500000e-10  1.79080955e+00 
 8.03500000e-10  1.79080955e+00 
 8.04500000e-10  1.79080955e+00 
 8.05500000e-10  1.79080955e+00 
 8.06500000e-10  1.79080955e+00 
 8.07500000e-10  1.79080955e+00 
 8.08500000e-10  1.79080955e+00 
 8.09500000e-10  1.79080955e+00 
 8.10500000e-10  1.79080955e+00 
 8.11500000e-10  1.79080955e+00 
 8.12500000e-10  1.79080955e+00 
 8.13500000e-10  1.79080955e+00 
 8.14500000e-10  1.79080955e+00 
 8.15500000e-10  1.79080955e+00 
 8.16500000e-10  1.79080955e+00 
 8.17500000e-10  1.79080955e+00 
 8.18500000e-10  1.79080955e+00 
 8.19500000e-10  1.79080955e+00 
 8.20500000e-10  1.79080955e+00 
 8.21500000e-10  1.79080955e+00 
 8.22500000e-10  1.79080955e+00 
 8.23500000e-10  1.79080955e+00 
 8.24500000e-10  1.79080955e+00 
 8.25500000e-10  1.79080955e+00 
 8.26500000e-10  1.79080955e+00 
 8.27500000e-10  1.79080955e+00 
 8.28500000e-10  1.79080955e+00 
 8.29500000e-10  1.79080955e+00 
 8.30500000e-10  1.79080955e+00 
 8.31500000e-10  1.79080955e+00 
 8.32500000e-10  1.79080955e+00 
 8.33500000e-10  1.79080955e+00 
 8.34500000e-10  1.79080955e+00 
 8.35500000e-10  1.79080955e+00 
 8.36500000e-10  1.79080955e+00 
 8.37500000e-10  1.79080955e+00 
 8.38500000e-10  1.79080955e+00 
 8.39500000e-10  1.79080955e+00 
 8.40500000e-10  1.79080955e+00 
 8.41500000e-10  1.79080955e+00 
 8.42500000e-10  1.79080955e+00 
 8.43500000e-10  1.79080955e+00 
 8.44500000e-10  1.79080955e+00 
 8.45500000e-10  1.79080955e+00 
 8.46500000e-10  1.79080955e+00 
 8.47500000e-10  1.79080955e+00 
 8.48500000e-10  1.79080955e+00 
 8.49500000e-10  1.79080955e+00 
 8.50500000e-10  1.79080955e+00 
 8.51500000e-10  1.79080955e+00 
 8.52500000e-10  1.79080955e+00 
 8.53500000e-10  1.79080955e+00 
 8.54500000e-10  1.79080955e+00 
 8.55500000e-10  1.79080955e+00 
 8.56500000e-10  1.79080955e+00 
 8.57500000e-10  1.79080955e+00 
 8.58500000e-10  1.79080955e+00 
 8.59500000e-10  1.79080955e+00 
 8.60500000e-10  1.79080955e+00 
 8.61500000e-10  1.79080955e+00 
 8.62500000e-10  1.79080955e+00 
 8.63500000e-10  1.79080955e+00 
 8.64500000e-10  1.79080955e+00 
 8.65500000e-10  1.79080955e+00 
 8.66500000e-10  1.79080955e+00 
 8.67500000e-10  1.79080955e+00 
 8.68500000e-10  1.79080955e+00 
 8.69500000e-10  1.79080955e+00 
 8.70500000e-10  1.79080955e+00 
 8.71500000e-10  1.79080955e+00 
 8.72500000e-10  1.79080955e+00 
 8.73500000e-10  1.79080955e+00 
 8.74500000e-10  1.79080955e+00 
 8.75500000e-10  1.79080955e+00 
 8.76500000e-10  1.79080955e+00 
 8.77500000e-10  1.79080955e+00 
 8.78500000e-10  1.79080955e+00 
 8.79500000e-10  1.79080955e+00 
 8.80500000e-10  1.79080955e+00 
 8.81500000e-10  1.79080955e+00 
 8.82500000e-10  1.79080955e+00 
 8.83500000e-10  1.79080955e+00 
 8.84500000e-10  1.79080955e+00 
 8.85500000e-10  1.79080955e+00 
 8.86500000e-10  1.79080955e+00 
 8.87500000e-10  1.79080955e+00 
 8.88500000e-10  1.79080955e+00 
 8.89500000e-10  1.79080955e+00 
 8.90500000e-10  1.79080955e+00 
 8.91500000e-10  1.79080955e+00 
 8.92500000e-10  1.79080955e+00 
 8.93500000e-10  1.79080955e+00 
 8.94500000e-10  1.79080955e+00 
 8.95500000e-10  1.79080955e+00 
 8.96500000e-10  1.79080955e+00 
 8.97500000e-10  1.79080955e+00 
 8.98500000e-10  1.79080955e+00 
 8.99500000e-10  1.79080955e+00 
 9.00500000e-10  1.79080955e+00 
 9.01500000e-10  1.79080955e+00 
 9.02500000e-10  1.79080955e+00 
 9.03500000e-10  1.79080955e+00 
 9.04500000e-10  1.79080955e+00 
 9.05500000e-10  1.79080955e+00 
 9.06500000e-10  1.79080955e+00 
 9.07500000e-10  1.79080955e+00 
 9.08500000e-10  1.79080955e+00 
 9.09500000e-10  1.79080955e+00 
 9.10500000e-10  1.79080955e+00 
 9.11500000e-10  1.79080955e+00 
 9.12500000e-10  1.79080955e+00 
 9.13500000e-10  1.79080955e+00 
 9.14500000e-10  1.79080955e+00 
 9.15500000e-10  1.79080955e+00 
 9.16500000e-10  1.79080955e+00 
 9.17500000e-10  1.79080955e+00 
 9.18500000e-10  1.79080955e+00 
 9.19500000e-10  1.79080955e+00 
 9.20500000e-10  1.79080955e+00 
 9.21500000e-10  1.79080955e+00 
 9.22500000e-10  1.79080955e+00 
 9.23500000e-10  1.79080955e+00 
 9.24500000e-10  1.79080955e+00 
 9.25500000e-10  1.79080955e+00 
 9.26500000e-10  1.79080955e+00 
 9.27500000e-10  1.79080955e+00 
 9.28500000e-10  1.79080955e+00 
 9.29500000e-10  1.79080955e+00 
 9.30500000e-10  1.79080955e+00 
 9.31500000e-10  1.79080955e+00 
 9.32500000e-10  1.79080955e+00 
 9.33500000e-10  1.79080955e+00 
 9.34500000e-10  1.79080955e+00 
 9.35500000e-10  1.79080955e+00 
 9.36500000e-10  1.79080955e+00 
 9.37500000e-10  1.79080955e+00 
 9.38500000e-10  1.79080955e+00 
 9.39500000e-10  1.79080955e+00 
 9.40500000e-10  1.79080955e+00 
 9.41500000e-10  1.79080955e+00 
 9.42500000e-10  1.79080955e+00 
 9.43500000e-10  1.79080955e+00 
 9.44500000e-10  1.79080955e+00 
 9.45500000e-10  1.79080955e+00 
 9.46500000e-10  1.79080955e+00 
 9.47500000e-10  1.79080955e+00 
 9.48500000e-10  1.79080955e+00 
 9.49500000e-10  1.79080955e+00 
 9.50500000e-10  1.79080955e+00 
 9.51500000e-10  1.79080955e+00 
 9.52500000e-10  1.79080955e+00 
 9.53500000e-10  1.79080955e+00 
 9.54500000e-10  1.79080955e+00 
 9.55500000e-10  1.79080955e+00 
 9.56500000e-10  1.79080955e+00 
 9.57500000e-10  1.79080955e+00 
 9.58500000e-10  1.79080955e+00 
 9.59500000e-10  1.79080955e+00 
 9.60500000e-10  1.79080955e+00 
 9.61500000e-10  1.79080955e+00 
 9.62500000e-10  1.79080955e+00 
 9.63500000e-10  1.79080955e+00 
 9.64500000e-10  1.79080955e+00 
 9.65500000e-10  1.79080955e+00 
 9.66500000e-10  1.79080955e+00 
 9.67500000e-10  1.79080955e+00 
 9.68500000e-10  1.79080955e+00 
 9.69500000e-10  1.79080955e+00 
 9.70500000e-10  1.79080955e+00 
 9.71500000e-10  1.79080955e+00 
 9.72500000e-10  1.79080955e+00 
 9.73500000e-10  1.79080955e+00 
 9.74500000e-10  1.79080955e+00 
 9.75500000e-10  1.79080955e+00 
 9.76500000e-10  1.79080955e+00 
 9.77500000e-10  1.79080955e+00 
 9.78500000e-10  1.79080955e+00 
 9.79500000e-10  1.79080955e+00 
 9.80500000e-10  1.79080955e+00 
 9.81500000e-10  1.79080955e+00 
 9.82500000e-10  1.79080955e+00 
 9.83500000e-10  1.79080955e+00 
 9.84500000e-10  1.79080955e+00 
 9.85500000e-10  1.79080955e+00 
 9.86500000e-10  1.79080955e+00 
 9.87500000e-10  1.79080955e+00 
 9.88500000e-10  1.79080955e+00 
 9.89500000e-10  1.79080955e+00 
 9.90500000e-10  1.79080955e+00 
 9.91500000e-10  1.79080955e+00 
 9.92500000e-10  1.79080955e+00 
 9.93500000e-10  1.79080955e+00 
 9.94500000e-10  1.79080955e+00 
 9.95500000e-10  1.79080955e+00 
 9.96500000e-10  1.79080955e+00 
 9.97500000e-10  1.79080955e+00 
 9.98500000e-10  1.79080955e+00 
 9.99500000e-10  1.79080955e+00 
 1.00050000e-09  1.79080955e+00 
 1.00150000e-09  1.79080955e+00 
 1.00250000e-09  1.79080955e+00 
 1.00350000e-09  1.79080955e+00 
 1.00450000e-09  1.79080955e+00 
 1.00550000e-09  1.79080955e+00 
 1.00650000e-09  1.79080955e+00 
 1.00750000e-09  1.79080955e+00 
 1.00850000e-09  1.79080955e+00 
 1.00950000e-09  1.79080955e+00 
 1.01050000e-09  1.79080955e+00 
 1.01150000e-09  1.79080955e+00 
 1.01250000e-09  1.79080955e+00 
 1.01350000e-09  1.79080955e+00 
 1.01450000e-09  1.79080955e+00 
 1.01550000e-09  1.79080955e+00 
 1.01650000e-09  1.79080955e+00 
 1.01750000e-09  1.79080955e+00 
 1.01850000e-09  1.79080955e+00 
 1.01950000e-09  1.79080955e+00 
 1.02050000e-09  1.79080955e+00 
 1.02150000e-09  1.79080955e+00 
 1.02250000e-09  1.79080955e+00 
 1.02350000e-09  1.79080955e+00 
 1.02450000e-09  1.79080955e+00 
 1.02550000e-09  1.79080955e+00 
 1.02650000e-09  1.79080955e+00 
 1.02750000e-09  1.79080955e+00 
 1.02850000e-09  1.79080955e+00 
 1.02950000e-09  1.79080955e+00 
 1.03050000e-09  1.79080955e+00 
 1.03150000e-09  1.79080955e+00 
 1.03250000e-09  1.79080955e+00 
 1.03350000e-09  1.79080955e+00 
 1.03450000e-09  1.79080955e+00 
 1.03550000e-09  1.79080955e+00 
 1.03650000e-09  1.79080955e+00 
 1.03750000e-09  1.79080955e+00 
 1.03850000e-09  1.79080955e+00 
 1.03950000e-09  1.79080955e+00 
 1.04050000e-09  1.79080955e+00 
 1.04150000e-09  1.79080955e+00 
 1.04250000e-09  1.79080955e+00 
 1.04350000e-09  1.79080955e+00 
 1.04450000e-09  1.79080955e+00 
 1.04550000e-09  1.79080955e+00 
 1.04650000e-09  1.79080955e+00 
 1.04750000e-09  1.79080955e+00 
 1.04850000e-09  1.79080955e+00 
 1.04950000e-09  1.79080955e+00 
 1.05050000e-09  1.79080955e+00 
 1.05150000e-09  1.79080955e+00 
 1.05250000e-09  1.79080955e+00 
 1.05350000e-09  1.79080955e+00 
 1.05450000e-09  1.79080955e+00 
 1.05550000e-09  1.79080955e+00 
 1.05650000e-09  1.79080955e+00 
 1.05750000e-09  1.79080955e+00 
 1.05850000e-09  1.79080955e+00 
 1.05950000e-09  1.79080955e+00 
 1.06050000e-09  1.79080955e+00 
 1.06150000e-09  1.79080955e+00 
 1.06250000e-09  1.79080955e+00 
 1.06350000e-09  1.79080955e+00 
 1.06450000e-09  1.79080955e+00 
 1.06550000e-09  1.79080955e+00 
 1.06650000e-09  1.79080955e+00 
 1.06750000e-09  1.79080955e+00 
 1.06850000e-09  1.79080955e+00 
 1.06950000e-09  1.79080955e+00 
 1.07050000e-09  1.79080955e+00 
 1.07150000e-09  1.79080955e+00 
 1.07250000e-09  1.79080955e+00 
 1.07350000e-09  1.79080955e+00 
 1.07450000e-09  1.79080955e+00 
 1.07550000e-09  1.79080955e+00 
 1.07650000e-09  1.79080955e+00 
 1.07750000e-09  1.79080955e+00 
 1.07850000e-09  1.79080955e+00 
 1.07950000e-09  1.79080955e+00 
 1.08050000e-09  1.79080955e+00 
 1.08150000e-09  1.79080955e+00 
 1.08250000e-09  1.79080955e+00 
 1.08350000e-09  1.79080955e+00 
 1.08450000e-09  1.79080955e+00 
 1.08550000e-09  1.79080955e+00 
 1.08650000e-09  1.79080955e+00 
 1.08750000e-09  1.79080955e+00 
 1.08850000e-09  1.79080955e+00 
 1.08950000e-09  1.79080955e+00 
 1.09050000e-09  1.79080955e+00 
 1.09150000e-09  1.79080955e+00 
 1.09250000e-09  1.79080955e+00 
 1.09350000e-09  1.79080955e+00 
 1.09450000e-09  1.79080955e+00 
 1.09550000e-09  1.79080955e+00 
 1.09650000e-09  1.79080955e+00 
 1.09750000e-09  1.79080955e+00 
 1.09850000e-09  1.79080955e+00 
 1.09950000e-09  1.79080955e+00 
 1.10050000e-09  1.79080955e+00 
 1.10150000e-09  1.79080955e+00 
 1.10250000e-09  1.79080955e+00 
 1.10350000e-09  1.79080955e+00 
 1.10450000e-09  1.79080955e+00 
 1.10550000e-09  1.79080955e+00 
 1.10650000e-09  1.79080955e+00 
 1.10750000e-09  1.79080955e+00 
 1.10850000e-09  1.79080955e+00 
 1.10950000e-09  1.79080955e+00 
 1.11050000e-09  1.79080955e+00 
 1.11150000e-09  1.79080955e+00 
 1.11250000e-09  1.79080955e+00 
 1.11350000e-09  1.79080955e+00 
 1.11450000e-09  1.79080955e+00 
 1.11550000e-09  1.79080955e+00 
 1.11650000e-09  1.79080955e+00 
 1.11750000e-09  1.79080955e+00 
 1.11850000e-09  1.79080955e+00 
 1.11950000e-09  1.79080955e+00 
 1.12050000e-09  1.79080955e+00 
 1.12150000e-09  1.79080955e+00 
 1.12250000e-09  1.79080955e+00 
 1.12350000e-09  1.79080955e+00 
 1.12450000e-09  1.79080955e+00 
 1.12550000e-09  1.79080955e+00 
 1.12650000e-09  1.79080955e+00 
 1.12750000e-09  1.79080955e+00 
 1.12850000e-09  1.79080955e+00 
 1.12950000e-09  1.79080955e+00 
 1.13050000e-09  1.79080955e+00 
 1.13150000e-09  1.79080955e+00 
 1.13250000e-09  1.79080955e+00 
 1.13350000e-09  1.79080955e+00 
 1.13450000e-09  1.79080955e+00 
 1.13550000e-09  1.79080955e+00 
 1.13650000e-09  1.79080955e+00 
 1.13750000e-09  1.79080955e+00 
 1.13850000e-09  1.79080955e+00 
 1.13950000e-09  1.79080955e+00 
 1.14050000e-09  1.79080955e+00 
 1.14150000e-09  1.79080955e+00 
 1.14250000e-09  1.79080955e+00 
 1.14350000e-09  1.79080955e+00 
 1.14450000e-09  1.79080955e+00 
 1.14550000e-09  1.79080955e+00 
 1.14650000e-09  1.79080955e+00 
 1.14750000e-09  1.79080955e+00 
 1.14850000e-09  1.79080955e+00 
 1.14950000e-09  1.79080955e+00 
 1.15050000e-09  1.79080955e+00 
 1.15150000e-09  1.79080955e+00 
 1.15250000e-09  1.79080955e+00 
 1.15350000e-09  1.79080955e+00 
 1.15450000e-09  1.79080955e+00 
 1.15550000e-09  1.79080955e+00 
 1.15650000e-09  1.79080955e+00 
 1.15750000e-09  1.79080955e+00 
 1.15850000e-09  1.79080955e+00 
 1.15950000e-09  1.79080955e+00 
 1.16050000e-09  1.79080955e+00 
 1.16150000e-09  1.79080955e+00 
 1.16250000e-09  1.79080955e+00 
 1.16350000e-09  1.79080955e+00 
 1.16450000e-09  1.79080955e+00 
 1.16550000e-09  1.79080955e+00 
 1.16650000e-09  1.79080955e+00 
 1.16750000e-09  1.79080955e+00 
 1.16850000e-09  1.79080955e+00 
 1.16950000e-09  1.79080955e+00 
 1.17050000e-09  1.79080955e+00 
 1.17150000e-09  1.79080955e+00 
 1.17250000e-09  1.79080955e+00 
 1.17350000e-09  1.79080955e+00 
 1.17450000e-09  1.79080955e+00 
 1.17550000e-09  1.79080955e+00 
 1.17650000e-09  1.79080955e+00 
 1.17750000e-09  1.79080955e+00 
 1.17850000e-09  1.79080955e+00 
 1.17950000e-09  1.79080955e+00 
 1.18050000e-09  1.79080955e+00 
 1.18150000e-09  1.79080955e+00 
 1.18250000e-09  1.79080955e+00 
 1.18350000e-09  1.79080955e+00 
 1.18450000e-09  1.79080955e+00 
 1.18550000e-09  1.79080955e+00 
 1.18650000e-09  1.79080955e+00 
 1.18750000e-09  1.79080955e+00 
 1.18850000e-09  1.79080955e+00 
 1.18950000e-09  1.79080955e+00 
 1.19050000e-09  1.79080955e+00 
 1.19150000e-09  1.79080955e+00 
 1.19250000e-09  1.79080955e+00 
 1.19350000e-09  1.79080955e+00 
 1.19450000e-09  1.79080955e+00 
 1.19550000e-09  1.79080955e+00 
 1.19650000e-09  1.79080955e+00 
 1.19750000e-09  1.79080955e+00 
 1.19850000e-09  1.79080955e+00 
 1.19950000e-09  1.79080955e+00 
 1.20050000e-09  1.79080955e+00 
 1.20150000e-09  1.79080955e+00 
 1.20250000e-09  1.79080955e+00 
 1.20350000e-09  1.79080955e+00 
 1.20450000e-09  1.79080955e+00 
 1.20550000e-09  1.79080955e+00 
 1.20650000e-09  1.79080955e+00 
 1.20750000e-09  1.79080955e+00 
 1.20850000e-09  1.79080955e+00 
 1.20950000e-09  1.79080955e+00 
 1.21050000e-09  1.79080955e+00 
 1.21150000e-09  1.79080955e+00 
 1.21250000e-09  1.79080955e+00 
 1.21350000e-09  1.79080955e+00 
 1.21450000e-09  1.79080955e+00 
 1.21550000e-09  1.79080955e+00 
 1.21650000e-09  1.79080955e+00 
 1.21750000e-09  1.79080955e+00 
 1.21850000e-09  1.79080955e+00 
 1.21950000e-09  1.79080955e+00 
 1.22050000e-09  1.79080955e+00 
 1.22150000e-09  1.79080955e+00 
 1.22250000e-09  1.79080955e+00 
 1.22350000e-09  1.79080955e+00 
 1.22450000e-09  1.79080955e+00 
 1.22550000e-09  1.79080955e+00 
 1.22650000e-09  1.79080955e+00 
 1.22750000e-09  1.79080955e+00 
 1.22850000e-09  1.79080955e+00 
 1.22950000e-09  1.79080955e+00 
 1.23050000e-09  1.79080955e+00 
 1.23150000e-09  1.79080955e+00 
 1.23250000e-09  1.79080955e+00 
 1.23350000e-09  1.79080955e+00 
 1.23450000e-09  1.79080955e+00 
 1.23550000e-09  1.79080955e+00 
 1.23650000e-09  1.79080955e+00 
 1.23750000e-09  1.79080955e+00 
 1.23850000e-09  1.79080955e+00 
 1.23950000e-09  1.79080955e+00 
 1.24050000e-09  1.79080955e+00 
 1.24150000e-09  1.79080955e+00 
 1.24250000e-09  1.79080955e+00 
 1.24350000e-09  1.79080955e+00 
 1.24450000e-09  1.79080955e+00 
 1.24550000e-09  1.79080955e+00 
 1.24650000e-09  1.79080955e+00 
 1.24750000e-09  1.79080955e+00 
 1.24850000e-09  1.79080955e+00 
 1.24950000e-09  1.79080955e+00 
 1.25050000e-09  1.79080955e+00 
 1.25150000e-09  1.79080955e+00 
 1.25250000e-09  1.79080955e+00 
 1.25350000e-09  1.79080955e+00 
 1.25450000e-09  1.79080955e+00 
 1.25550000e-09  1.79080955e+00 
 1.25650000e-09  1.79080955e+00 
 1.25750000e-09  1.79080955e+00 
 1.25850000e-09  1.79080955e+00 
 1.25950000e-09  1.79080955e+00 
 1.26050000e-09  1.79080955e+00 
 1.26150000e-09  1.79080955e+00 
 1.26250000e-09  1.79080955e+00 
 1.26350000e-09  1.79080955e+00 
 1.26450000e-09  1.79080955e+00 
 1.26550000e-09  1.79080955e+00 
 1.26650000e-09  1.79080955e+00 
 1.26750000e-09  1.79080955e+00 
 1.26850000e-09  1.79080955e+00 
 1.26950000e-09  1.79080955e+00 
 1.27050000e-09  1.79080955e+00 
 1.27150000e-09  1.79080955e+00 
 1.27250000e-09  1.79080955e+00 
 1.27350000e-09  1.79080955e+00 
 1.27450000e-09  1.79080955e+00 
 1.27550000e-09  1.79080955e+00 
 1.27650000e-09  1.79080955e+00 
 1.27750000e-09  1.79080955e+00 
 1.27850000e-09  1.79080955e+00 
 1.27950000e-09  1.79080955e+00 
 1.28050000e-09  1.79080955e+00 
 1.28150000e-09  1.79080955e+00 
 1.28250000e-09  1.79080955e+00 
 1.28350000e-09  1.79080955e+00 
 1.28450000e-09  1.79080955e+00 
 1.28550000e-09  1.79080955e+00 
 1.28650000e-09  1.79080955e+00 
 1.28750000e-09  1.79080955e+00 
 1.28850000e-09  1.79080955e+00 
 1.28950000e-09  1.79080955e+00 
 1.29050000e-09  1.79080955e+00 
 1.29150000e-09  1.79080955e+00 
 1.29250000e-09  1.79080955e+00 
 1.29350000e-09  1.79080955e+00 
 1.29450000e-09  1.79080955e+00 
 1.29550000e-09  1.79080955e+00 
 1.29650000e-09  1.79080955e+00 
 1.29750000e-09  1.79080955e+00 
 1.29850000e-09  1.79080955e+00 
 1.29950000e-09  1.79080955e+00 
 1.30050000e-09  1.79080955e+00 
 1.30150000e-09  1.79080955e+00 
 1.30250000e-09  1.79080955e+00 
 1.30350000e-09  1.79080955e+00 
 1.30450000e-09  1.79080955e+00 
 1.30550000e-09  1.79080955e+00 
 1.30650000e-09  1.79080955e+00 
 1.30750000e-09  1.79080955e+00 
 1.30850000e-09  1.79080955e+00 
 1.30950000e-09  1.79080955e+00 
 1.31050000e-09  1.79080955e+00 
 1.31150000e-09  1.79080955e+00 
 1.31250000e-09  1.79080955e+00 
 1.31350000e-09  1.79080955e+00 
 1.31450000e-09  1.79080955e+00 
 1.31550000e-09  1.79080955e+00 
 1.31650000e-09  1.79080955e+00 
 1.31750000e-09  1.79080955e+00 
 1.31850000e-09  1.79080955e+00 
 1.31950000e-09  1.79080955e+00 
 1.32050000e-09  1.79080955e+00 
 1.32150000e-09  1.79080955e+00 
 1.32250000e-09  1.79080955e+00 
 1.32350000e-09  1.79080955e+00 
 1.32450000e-09  1.79080955e+00 
 1.32550000e-09  1.79080955e+00 
 1.32650000e-09  1.79080955e+00 
 1.32750000e-09  1.79080955e+00 
 1.32850000e-09  1.79080955e+00 
 1.32950000e-09  1.79080955e+00 
 1.33050000e-09  1.79080955e+00 
 1.33150000e-09  1.79080955e+00 
 1.33250000e-09  1.79080955e+00 
 1.33350000e-09  1.79080955e+00 
 1.33450000e-09  1.79080955e+00 
 1.33550000e-09  1.79080955e+00 
 1.33650000e-09  1.79080955e+00 
 1.33750000e-09  1.79080955e+00 
 1.33850000e-09  1.79080955e+00 
 1.33950000e-09  1.79080955e+00 
 1.34050000e-09  1.79080955e+00 
 1.34150000e-09  1.79080955e+00 
 1.34250000e-09  1.79080955e+00 
 1.34350000e-09  1.79080955e+00 
 1.34450000e-09  1.79080955e+00 
 1.34550000e-09  1.79080955e+00 
 1.34650000e-09  1.79080955e+00 
 1.34750000e-09  1.79080955e+00 
 1.34850000e-09  1.79080955e+00 
 1.34950000e-09  1.79080955e+00 
 1.35050000e-09  1.79080955e+00 
 1.35150000e-09  1.79080955e+00 
 1.35250000e-09  1.79080955e+00 
 1.35350000e-09  1.79080955e+00 
 1.35450000e-09  1.79080955e+00 
 1.35550000e-09  1.79080955e+00 
 1.35650000e-09  1.79080955e+00 
 1.35750000e-09  1.79080955e+00 
 1.35850000e-09  1.79080955e+00 
 1.35950000e-09  1.79080955e+00 
 1.36050000e-09  1.79080955e+00 
 1.36150000e-09  1.79080955e+00 
 1.36250000e-09  1.79080955e+00 
 1.36350000e-09  1.79080955e+00 
 1.36450000e-09  1.79080955e+00 
 1.36550000e-09  1.79080955e+00 
 1.36650000e-09  1.79080955e+00 
 1.36750000e-09  1.79080955e+00 
 1.36850000e-09  1.79080955e+00 
 1.36950000e-09  1.79080955e+00 
 1.37050000e-09  1.79080955e+00 
 1.37150000e-09  1.79080955e+00 
 1.37250000e-09  1.79080955e+00 
 1.37350000e-09  1.79080955e+00 
 1.37450000e-09  1.79080955e+00 
 1.37550000e-09  1.79080955e+00 
 1.37650000e-09  1.79080955e+00 
 1.37750000e-09  1.79080955e+00 
 1.37850000e-09  1.79080955e+00 
 1.37950000e-09  1.79080955e+00 
 1.38050000e-09  1.79080955e+00 
 1.38150000e-09  1.79080955e+00 
 1.38250000e-09  1.79080955e+00 
 1.38350000e-09  1.79080955e+00 
 1.38450000e-09  1.79080955e+00 
 1.38550000e-09  1.79080955e+00 
 1.38650000e-09  1.79080955e+00 
 1.38750000e-09  1.79080955e+00 
 1.38850000e-09  1.79080955e+00 
 1.38950000e-09  1.79080955e+00 
 1.39050000e-09  1.79080955e+00 
 1.39150000e-09  1.79080955e+00 
 1.39250000e-09  1.79080955e+00 
 1.39350000e-09  1.79080955e+00 
 1.39450000e-09  1.79080955e+00 
 1.39550000e-09  1.79080955e+00 
 1.39650000e-09  1.79080955e+00 
 1.39750000e-09  1.79080955e+00 
 1.39850000e-09  1.79080955e+00 
 1.39950000e-09  1.79080955e+00 
 1.40050000e-09  1.79080955e+00 
 1.40150000e-09  1.79080955e+00 
 1.40250000e-09  1.79080955e+00 
 1.40350000e-09  1.79080955e+00 
 1.40450000e-09  1.79080955e+00 
 1.40550000e-09  1.79080955e+00 
 1.40650000e-09  1.79080955e+00 
 1.40750000e-09  1.79080955e+00 
 1.40850000e-09  1.79080955e+00 
 1.40950000e-09  1.79080955e+00 
 1.41050000e-09  1.79080955e+00 
 1.41150000e-09  1.79080955e+00 
 1.41250000e-09  1.79080955e+00 
 1.41350000e-09  1.79080955e+00 
 1.41450000e-09  1.79080955e+00 
 1.41550000e-09  1.79080955e+00 
 1.41650000e-09  1.79080955e+00 
 1.41750000e-09  1.79080955e+00 
 1.41850000e-09  1.79080955e+00 
 1.41950000e-09  1.79080955e+00 
 1.42050000e-09  1.79080955e+00 
 1.42150000e-09  1.79080955e+00 
 1.42250000e-09  1.79080955e+00 
 1.42350000e-09  1.79080955e+00 
 1.42450000e-09  1.79080955e+00 
 1.42550000e-09  1.79080955e+00 
 1.42650000e-09  1.79080955e+00 
 1.42750000e-09  1.79080955e+00 
 1.42850000e-09  1.79080955e+00 
 1.42950000e-09  1.79080955e+00 
 1.43050000e-09  1.79080955e+00 
 1.43150000e-09  1.79080955e+00 
 1.43250000e-09  1.79080955e+00 
 1.43350000e-09  1.79080955e+00 
 1.43450000e-09  1.79080955e+00 
 1.43550000e-09  1.79080955e+00 
 1.43650000e-09  1.79080955e+00 
 1.43750000e-09  1.79080955e+00 
 1.43850000e-09  1.79080955e+00 
 1.43950000e-09  1.79080955e+00 
 1.44050000e-09  1.79080955e+00 
 1.44150000e-09  1.79080955e+00 
 1.44250000e-09  1.79080955e+00 
 1.44350000e-09  1.79080955e+00 
 1.44450000e-09  1.79080955e+00 
 1.44550000e-09  1.79080955e+00 
 1.44650000e-09  1.79080955e+00 
 1.44750000e-09  1.79080955e+00 
 1.44850000e-09  1.79080955e+00 
 1.44950000e-09  1.79080955e+00 
 1.45050000e-09  1.79080955e+00 
 1.45150000e-09  1.79080955e+00 
 1.45250000e-09  1.79080955e+00 
 1.45350000e-09  1.79080955e+00 
 1.45450000e-09  1.79080955e+00 
 1.45550000e-09  1.79080955e+00 
 1.45650000e-09  1.79080955e+00 
 1.45750000e-09  1.79080955e+00 
 1.45850000e-09  1.79080955e+00 
 1.45950000e-09  1.79080955e+00 
 1.46050000e-09  1.79080955e+00 
 1.46150000e-09  1.79080955e+00 
 1.46250000e-09  1.79080955e+00 
 1.46350000e-09  1.79080955e+00 
 1.46450000e-09  1.79080955e+00 
 1.46550000e-09  1.79080955e+00 
 1.46650000e-09  1.79080955e+00 
 1.46750000e-09  1.79080955e+00 
 1.46850000e-09  1.79080955e+00 
 1.46950000e-09  1.79080955e+00 
 1.47050000e-09  1.79080955e+00 
 1.47150000e-09  1.79080955e+00 
 1.47250000e-09  1.79080955e+00 
 1.47350000e-09  1.79080955e+00 
 1.47450000e-09  1.79080955e+00 
 1.47550000e-09  1.79080955e+00 
 1.47650000e-09  1.79080955e+00 
 1.47750000e-09  1.79080955e+00 
 1.47850000e-09  1.79080955e+00 
 1.47950000e-09  1.79080955e+00 
 1.48050000e-09  1.79080955e+00 
 1.48150000e-09  1.79080955e+00 
 1.48250000e-09  1.79080955e+00 
 1.48350000e-09  1.79080955e+00 
 1.48450000e-09  1.79080955e+00 
 1.48550000e-09  1.79080955e+00 
 1.48650000e-09  1.79080955e+00 
 1.48750000e-09  1.79080955e+00 
 1.48850000e-09  1.79080955e+00 
 1.48950000e-09  1.79080955e+00 
 1.49050000e-09  1.79080955e+00 
 1.49150000e-09  1.79080955e+00 
 1.49250000e-09  1.79080955e+00 
 1.49350000e-09  1.79080955e+00 
 1.49450000e-09  1.79080955e+00 
 1.49550000e-09  1.79080955e+00 
 1.49650000e-09  1.79080955e+00 
 1.49750000e-09  1.79080955e+00 
 1.49850000e-09  1.79080955e+00 
 1.49950000e-09  1.79080955e+00 
 1.50050000e-09  1.79080955e+00 
 1.50150000e-09  1.79080955e+00 
 1.50250000e-09  1.79080955e+00 
 1.50350000e-09  1.79080955e+00 
 1.50450000e-09  1.79080955e+00 
 1.50550000e-09  1.79080955e+00 
 1.50650000e-09  1.79080955e+00 
 1.50750000e-09  1.79080955e+00 
 1.50850000e-09  1.79080955e+00 
 1.50950000e-09  1.79080955e+00 
 1.51050000e-09  1.79080955e+00 
 1.51150000e-09  1.79080955e+00 
 1.51250000e-09  1.79080955e+00 
 1.51350000e-09  1.79080955e+00 
 1.51450000e-09  1.79080955e+00 
 1.51550000e-09  1.79080955e+00 
 1.51650000e-09  1.79080955e+00 
 1.51750000e-09  1.79080955e+00 
 1.51850000e-09  1.79080955e+00 
 1.51950000e-09  1.79080955e+00 
 1.52050000e-09  1.79080955e+00 
 1.52150000e-09  1.79080955e+00 
 1.52250000e-09  1.79080955e+00 
 1.52350000e-09  1.79080955e+00 
 1.52450000e-09  1.79080955e+00 
 1.52550000e-09  1.79080955e+00 
 1.52650000e-09  1.79080955e+00 
 1.52750000e-09  1.79080955e+00 
 1.52850000e-09  1.79080955e+00 
 1.52950000e-09  1.79080955e+00 
 1.53050000e-09  1.79080955e+00 
 1.53150000e-09  1.79080955e+00 
 1.53250000e-09  1.79080955e+00 
 1.53350000e-09  1.79080955e+00 
 1.53450000e-09  1.79080955e+00 
 1.53550000e-09  1.79080955e+00 
 1.53650000e-09  1.79080955e+00 
 1.53750000e-09  1.79080955e+00 
 1.53850000e-09  1.79080955e+00 
 1.53950000e-09  1.79080955e+00 
 1.54050000e-09  1.79080955e+00 
 1.54150000e-09  1.79080955e+00 
 1.54250000e-09  1.79080955e+00 
 1.54350000e-09  1.79080955e+00 
 1.54450000e-09  1.79080955e+00 
 1.54550000e-09  1.79080955e+00 
 1.54650000e-09  1.79080955e+00 
 1.54750000e-09  1.79080955e+00 
 1.54850000e-09  1.79080955e+00 
 1.54950000e-09  1.79080955e+00 
 1.55050000e-09  1.79080955e+00 
 1.55150000e-09  1.79080955e+00 
 1.55250000e-09  1.79080955e+00 
 1.55350000e-09  1.79080955e+00 
 1.55450000e-09  1.79080955e+00 
 1.55550000e-09  1.79080955e+00 
 1.55650000e-09  1.79080955e+00 
 1.55750000e-09  1.79080955e+00 
 1.55850000e-09  1.79080955e+00 
 1.55950000e-09  1.79080955e+00 
 1.56050000e-09  1.79080955e+00 
 1.56150000e-09  1.79080955e+00 
 1.56250000e-09  1.79080955e+00 
 1.56350000e-09  1.79080955e+00 
 1.56450000e-09  1.79080955e+00 
 1.56550000e-09  1.79080955e+00 
 1.56650000e-09  1.79080955e+00 
 1.56750000e-09  1.79080955e+00 
 1.56850000e-09  1.79080955e+00 
 1.56950000e-09  1.79080955e+00 
 1.57050000e-09  1.79080955e+00 
 1.57150000e-09  1.79080955e+00 
 1.57250000e-09  1.79080955e+00 
 1.57350000e-09  1.79080955e+00 
 1.57450000e-09  1.79080955e+00 
 1.57550000e-09  1.79080955e+00 
 1.57650000e-09  1.79080955e+00 
 1.57750000e-09  1.79080955e+00 
 1.57850000e-09  1.79080955e+00 
 1.57950000e-09  1.79080955e+00 
 1.58050000e-09  1.79080955e+00 
 1.58150000e-09  1.79080955e+00 
 1.58250000e-09  1.79080955e+00 
 1.58350000e-09  1.79080955e+00 
 1.58450000e-09  1.79080955e+00 
 1.58550000e-09  1.79080955e+00 
 1.58650000e-09  1.79080955e+00 
 1.58750000e-09  1.79080955e+00 
 1.58850000e-09  1.79080955e+00 
 1.58950000e-09  1.79080955e+00 
 1.59050000e-09  1.79080955e+00 
 1.59150000e-09  1.79080955e+00 
 1.59250000e-09  1.79080955e+00 
 1.59350000e-09  1.79080955e+00 
 1.59450000e-09  1.79080955e+00 
 1.59550000e-09  1.79080955e+00 
 1.59650000e-09  1.79080955e+00 
 1.59750000e-09  1.79080955e+00 
 1.59850000e-09  1.79080955e+00 
 1.59950000e-09  1.79080955e+00 
 1.60050000e-09  1.79080955e+00 
 1.60150000e-09  1.79080955e+00 
 1.60250000e-09  1.79080955e+00 
 1.60350000e-09  1.79080955e+00 
 1.60450000e-09  1.79080955e+00 
 1.60550000e-09  1.79080955e+00 
 1.60650000e-09  1.79080955e+00 
 1.60750000e-09  1.79080955e+00 
 1.60850000e-09  1.79080955e+00 
 1.60950000e-09  1.79080955e+00 
 1.61050000e-09  1.79080955e+00 
 1.61150000e-09  1.79080955e+00 
 1.61250000e-09  1.79080955e+00 
 1.61350000e-09  1.79080955e+00 
 1.61450000e-09  1.79080955e+00 
 1.61550000e-09  1.79080955e+00 
 1.61650000e-09  1.79080955e+00 
 1.61750000e-09  1.79080955e+00 
 1.61850000e-09  1.79080955e+00 
 1.61950000e-09  1.79080955e+00 
 1.62050000e-09  1.79080955e+00 
 1.62150000e-09  1.79080955e+00 
 1.62250000e-09  1.79080955e+00 
 1.62350000e-09  1.79080955e+00 
 1.62450000e-09  1.79080955e+00 
 1.62550000e-09  1.79080955e+00 
 1.62650000e-09  1.79080955e+00 
 1.62750000e-09  1.79080955e+00 
 1.62850000e-09  1.79080955e+00 
 1.62950000e-09  1.79080955e+00 
 1.63050000e-09  1.79080955e+00 
 1.63150000e-09  1.79080955e+00 
 1.63250000e-09  1.79080955e+00 
 1.63350000e-09  1.79080955e+00 
 1.63450000e-09  1.79080955e+00 
 1.63550000e-09  1.79080955e+00 
 1.63650000e-09  1.79080955e+00 
 1.63750000e-09  1.79080955e+00 
 1.63850000e-09  1.79080955e+00 
 1.63950000e-09  1.79080955e+00 
 1.64050000e-09  1.79080955e+00 
 1.64150000e-09  1.79080955e+00 
 1.64250000e-09  1.79080955e+00 
 1.64350000e-09  1.79080955e+00 
 1.64450000e-09  1.79080955e+00 
 1.64550000e-09  1.79080955e+00 
 1.64650000e-09  1.79080955e+00 
 1.64750000e-09  1.79080955e+00 
 1.64850000e-09  1.79080955e+00 
 1.64950000e-09  1.79080955e+00 
 1.65050000e-09  1.79080955e+00 
 1.65150000e-09  1.79080955e+00 
 1.65250000e-09  1.79080955e+00 
 1.65350000e-09  1.79080955e+00 
 1.65450000e-09  1.79080955e+00 
 1.65550000e-09  1.79080955e+00 
 1.65650000e-09  1.79080955e+00 
 1.65750000e-09  1.79080955e+00 
 1.65850000e-09  1.79080955e+00 
 1.65950000e-09  1.79080955e+00 
 1.66050000e-09  1.79080955e+00 
 1.66150000e-09  1.79080955e+00 
 1.66250000e-09  1.79080955e+00 
 1.66350000e-09  1.79080955e+00 
 1.66450000e-09  1.79080955e+00 
 1.66550000e-09  1.79080955e+00 
 1.66650000e-09  1.79080955e+00 
 1.66750000e-09  1.79080955e+00 
 1.66850000e-09  1.79080955e+00 
 1.66950000e-09  1.79080955e+00 
 1.67050000e-09  1.79080955e+00 
 1.67150000e-09  1.79080955e+00 
 1.67250000e-09  1.79080955e+00 
 1.67350000e-09  1.79080955e+00 
 1.67450000e-09  1.79080955e+00 
 1.67550000e-09  1.79080955e+00 
 1.67650000e-09  1.79080955e+00 
 1.67750000e-09  1.79080955e+00 
 1.67850000e-09  1.79080955e+00 
 1.67950000e-09  1.79080955e+00 
 1.68050000e-09  1.79080955e+00 
 1.68150000e-09  1.79080955e+00 
 1.68250000e-09  1.79080955e+00 
 1.68350000e-09  1.79080955e+00 
 1.68450000e-09  1.79080955e+00 
 1.68550000e-09  1.79080955e+00 
 1.68650000e-09  1.79080955e+00 
 1.68750000e-09  1.79080955e+00 
 1.68850000e-09  1.79080955e+00 
 1.68950000e-09  1.79080955e+00 
 1.69050000e-09  1.79080955e+00 
 1.69150000e-09  1.79080955e+00 
 1.69250000e-09  1.79080955e+00 
 1.69350000e-09  1.79080955e+00 
 1.69450000e-09  1.79080955e+00 
 1.69550000e-09  1.79080955e+00 
 1.69650000e-09  1.79080955e+00 
 1.69750000e-09  1.79080955e+00 
 1.69850000e-09  1.79080955e+00 
 1.69950000e-09  1.79080955e+00 
 1.70050000e-09  1.79080955e+00 
 1.70150000e-09  1.79080955e+00 
 1.70250000e-09  1.79080955e+00 
 1.70350000e-09  1.79080955e+00 
 1.70450000e-09  1.79080955e+00 
 1.70550000e-09  1.79080955e+00 
 1.70650000e-09  1.79080955e+00 
 1.70750000e-09  1.79080955e+00 
 1.70850000e-09  1.79080955e+00 
 1.70950000e-09  1.79080955e+00 
 1.71050000e-09  1.79080955e+00 
 1.71150000e-09  1.79080955e+00 
 1.71250000e-09  1.79080955e+00 
 1.71350000e-09  1.79080955e+00 
 1.71450000e-09  1.79080955e+00 
 1.71550000e-09  1.79080955e+00 
 1.71650000e-09  1.79080955e+00 
 1.71750000e-09  1.79080955e+00 
 1.71850000e-09  1.79080955e+00 
 1.71950000e-09  1.79080955e+00 
 1.72050000e-09  1.79080955e+00 
 1.72150000e-09  1.79080955e+00 
 1.72250000e-09  1.79080955e+00 
 1.72350000e-09  1.79080955e+00 
 1.72450000e-09  1.79080955e+00 
 1.72550000e-09  1.79080955e+00 
 1.72650000e-09  1.79080955e+00 
 1.72750000e-09  1.79080955e+00 
 1.72850000e-09  1.79080955e+00 
 1.72950000e-09  1.79080955e+00 
 1.73050000e-09  1.79080955e+00 
 1.73150000e-09  1.79080955e+00 
 1.73250000e-09  1.79080955e+00 
 1.73350000e-09  1.79080955e+00 
 1.73450000e-09  1.79080955e+00 
 1.73550000e-09  1.79080955e+00 
 1.73650000e-09  1.79080955e+00 
 1.73750000e-09  1.79080955e+00 
 1.73850000e-09  1.79080955e+00 
 1.73950000e-09  1.79080955e+00 
 1.74050000e-09  1.79080955e+00 
 1.74150000e-09  1.79080955e+00 
 1.74250000e-09  1.79080955e+00 
 1.74350000e-09  1.79080955e+00 
 1.74450000e-09  1.79080955e+00 
 1.74550000e-09  1.79080955e+00 
 1.74650000e-09  1.79080955e+00 
 1.74750000e-09  1.79080955e+00 
 1.74850000e-09  1.79080955e+00 
 1.74950000e-09  1.79080955e+00 
 1.75050000e-09  1.79080955e+00 
 1.75150000e-09  1.79080955e+00 
 1.75250000e-09  1.79080955e+00 
 1.75350000e-09  1.79080955e+00 
 1.75450000e-09  1.79080955e+00 
 1.75550000e-09  1.79080955e+00 
 1.75650000e-09  1.79080955e+00 
 1.75750000e-09  1.79080955e+00 
 1.75850000e-09  1.79080955e+00 
 1.75950000e-09  1.79080955e+00 
 1.76050000e-09  1.79080955e+00 
 1.76150000e-09  1.79080955e+00 
 1.76250000e-09  1.79080955e+00 
 1.76350000e-09  1.79080955e+00 
 1.76450000e-09  1.79080955e+00 
 1.76550000e-09  1.79080955e+00 
 1.76650000e-09  1.79080955e+00 
 1.76750000e-09  1.79080955e+00 
 1.76850000e-09  1.79080955e+00 
 1.76950000e-09  1.79080955e+00 
 1.77050000e-09  1.79080955e+00 
 1.77150000e-09  1.79080955e+00 
 1.77250000e-09  1.79080955e+00 
 1.77350000e-09  1.79080955e+00 
 1.77450000e-09  1.79080955e+00 
 1.77550000e-09  1.79080955e+00 
 1.77650000e-09  1.79080955e+00 
 1.77750000e-09  1.79080955e+00 
 1.77850000e-09  1.79080955e+00 
 1.77950000e-09  1.79080955e+00 
 1.78050000e-09  1.79080955e+00 
 1.78150000e-09  1.79080955e+00 
 1.78250000e-09  1.79080955e+00 
 1.78350000e-09  1.79080955e+00 
 1.78450000e-09  1.79080955e+00 
 1.78550000e-09  1.79080955e+00 
 1.78650000e-09  1.79080955e+00 
 1.78750000e-09  1.79080955e+00 
 1.78850000e-09  1.79080955e+00 
 1.78950000e-09  1.79080955e+00 
 1.79050000e-09  1.79080955e+00 
 1.79150000e-09  1.79080955e+00 
 1.79250000e-09  1.79080955e+00 
 1.79350000e-09  1.79080955e+00 
 1.79450000e-09  1.79080955e+00 
 1.79550000e-09  1.79080955e+00 
 1.79650000e-09  1.79080955e+00 
 1.79750000e-09  1.79080955e+00 
 1.79850000e-09  1.79080955e+00 
 1.79950000e-09  1.79080955e+00 
 1.80050000e-09  1.79080955e+00 
 1.80150000e-09  1.79080955e+00 
 1.80250000e-09  1.79080955e+00 
 1.80350000e-09  1.79080955e+00 
 1.80450000e-09  1.79080955e+00 
 1.80550000e-09  1.79080955e+00 
 1.80650000e-09  1.79080955e+00 
 1.80750000e-09  1.79080955e+00 
 1.80850000e-09  1.79080955e+00 
 1.80950000e-09  1.79080955e+00 
 1.81050000e-09  1.79080955e+00 
 1.81150000e-09  1.79080955e+00 
 1.81250000e-09  1.79080955e+00 
 1.81350000e-09  1.79080955e+00 
 1.81450000e-09  1.79080955e+00 
 1.81550000e-09  1.79080955e+00 
 1.81650000e-09  1.79080955e+00 
 1.81750000e-09  1.79080955e+00 
 1.81850000e-09  1.79080955e+00 
 1.81950000e-09  1.79080955e+00 
 1.82050000e-09  1.79080955e+00 
 1.82150000e-09  1.79080955e+00 
 1.82250000e-09  1.79080955e+00 
 1.82350000e-09  1.79080955e+00 
 1.82450000e-09  1.79080955e+00 
 1.82550000e-09  1.79080955e+00 
 1.82650000e-09  1.79080955e+00 
 1.82750000e-09  1.79080955e+00 
 1.82850000e-09  1.79080955e+00 
 1.82950000e-09  1.79080955e+00 
 1.83050000e-09  1.79080955e+00 
 1.83150000e-09  1.79080955e+00 
 1.83250000e-09  1.79080955e+00 
 1.83350000e-09  1.79080955e+00 
 1.83450000e-09  1.79080955e+00 
 1.83550000e-09  1.79080955e+00 
 1.83650000e-09  1.79080955e+00 
 1.83750000e-09  1.79080955e+00 
 1.83850000e-09  1.79080955e+00 
 1.83950000e-09  1.79080955e+00 
 1.84050000e-09  1.79080955e+00 
 1.84150000e-09  1.79080955e+00 
 1.84250000e-09  1.79080955e+00 
 1.84350000e-09  1.79080955e+00 
 1.84450000e-09  1.79080955e+00 
 1.84550000e-09  1.79080955e+00 
 1.84650000e-09  1.79080955e+00 
 1.84750000e-09  1.79080955e+00 
 1.84850000e-09  1.79080955e+00 
 1.84950000e-09  1.79080955e+00 
 1.85050000e-09  1.79080955e+00 
 1.85150000e-09  1.79080955e+00 
 1.85250000e-09  1.79080955e+00 
 1.85350000e-09  1.79080955e+00 
 1.85450000e-09  1.79080955e+00 
 1.85550000e-09  1.79080955e+00 
 1.85650000e-09  1.79080955e+00 
 1.85750000e-09  1.79080955e+00 
 1.85850000e-09  1.79080955e+00 
 1.85950000e-09  1.79080955e+00 
 1.86050000e-09  1.79080955e+00 
 1.86150000e-09  1.79080955e+00 
 1.86250000e-09  1.79080955e+00 
 1.86350000e-09  1.79080955e+00 
 1.86450000e-09  1.79080955e+00 
 1.86550000e-09  1.79080955e+00 
 1.86650000e-09  1.79080955e+00 
 1.86750000e-09  1.79080955e+00 
 1.86850000e-09  1.79080955e+00 
 1.86950000e-09  1.79080955e+00 
 1.87050000e-09  1.79080955e+00 
 1.87150000e-09  1.79080955e+00 
 1.87250000e-09  1.79080955e+00 
 1.87350000e-09  1.79080955e+00 
 1.87450000e-09  1.79080955e+00 
 1.87550000e-09  1.79080955e+00 
 1.87650000e-09  1.79080955e+00 
 1.87750000e-09  1.79080955e+00 
 1.87850000e-09  1.79080955e+00 
 1.87950000e-09  1.79080955e+00 
 1.88050000e-09  1.79080955e+00 
 1.88150000e-09  1.79080955e+00 
 1.88250000e-09  1.79080955e+00 
 1.88350000e-09  1.79080955e+00 
 1.88450000e-09  1.79080955e+00 
 1.88550000e-09  1.79080955e+00 
 1.88650000e-09  1.79080955e+00 
 1.88750000e-09  1.79080955e+00 
 1.88850000e-09  1.79080955e+00 
 1.88950000e-09  1.79080955e+00 
 1.89050000e-09  1.79080955e+00 
 1.89150000e-09  1.79080955e+00 
 1.89250000e-09  1.79080955e+00 
 1.89350000e-09  1.79080955e+00 
 1.89450000e-09  1.79080955e+00 
 1.89550000e-09  1.79080955e+00 
 1.89650000e-09  1.79080955e+00 
 1.89750000e-09  1.79080955e+00 
 1.89850000e-09  1.79080955e+00 
 1.89950000e-09  1.79080955e+00 
 1.90050000e-09  1.79080955e+00 
 1.90150000e-09  1.79080955e+00 
 1.90250000e-09  1.79080955e+00 
 1.90350000e-09  1.79080955e+00 
 1.90450000e-09  1.79080955e+00 
 1.90550000e-09  1.79080955e+00 
 1.90650000e-09  1.79080955e+00 
 1.90750000e-09  1.79080955e+00 
 1.90850000e-09  1.79080955e+00 
 1.90950000e-09  1.79080955e+00 
 1.91050000e-09  1.79080955e+00 
 1.91150000e-09  1.79080955e+00 
 1.91250000e-09  1.79080955e+00 
 1.91350000e-09  1.79080955e+00 
 1.91450000e-09  1.79080955e+00 
 1.91550000e-09  1.79080955e+00 
 1.91650000e-09  1.79080955e+00 
 1.91750000e-09  1.79080955e+00 
 1.91850000e-09  1.79080955e+00 
 1.91950000e-09  1.79080955e+00 
 1.92050000e-09  1.79080955e+00 
 1.92150000e-09  1.79080955e+00 
 1.92250000e-09  1.79080955e+00 
 1.92350000e-09  1.79080955e+00 
 1.92450000e-09  1.79080955e+00 
 1.92550000e-09  1.79080955e+00 
 1.92650000e-09  1.79080955e+00 
 1.92750000e-09  1.79080955e+00 
 1.92850000e-09  1.79080955e+00 
 1.92950000e-09  1.79080955e+00 
 1.93050000e-09  1.79080955e+00 
 1.93150000e-09  1.79080955e+00 
 1.93250000e-09  1.79080955e+00 
 1.93350000e-09  1.79080955e+00 
 1.93450000e-09  1.79080955e+00 
 1.93550000e-09  1.79080955e+00 
 1.93650000e-09  1.79080955e+00 
 1.93750000e-09  1.79080955e+00 
 1.93850000e-09  1.79080955e+00 
 1.93950000e-09  1.79080955e+00 
 1.94050000e-09  1.79080955e+00 
 1.94150000e-09  1.79080955e+00 
 1.94250000e-09  1.79080955e+00 
 1.94350000e-09  1.79080955e+00 
 1.94450000e-09  1.79080955e+00 
 1.94550000e-09  1.79080955e+00 
 1.94650000e-09  1.79080955e+00 
 1.94750000e-09  1.79080955e+00 
 1.94850000e-09  1.79080955e+00 
 1.94950000e-09  1.79080955e+00 
 1.95050000e-09  1.79080955e+00 
 1.95150000e-09  1.79080955e+00 
 1.95250000e-09  1.79080955e+00 
 1.95350000e-09  1.79080955e+00 
 1.95450000e-09  1.79080955e+00 
 1.95550000e-09  1.79080955e+00 
 1.95650000e-09  1.79080955e+00 
 1.95750000e-09  1.79080955e+00 
 1.95850000e-09  1.79080955e+00 
 1.95950000e-09  1.79080955e+00 
 1.96050000e-09  1.79080955e+00 
 1.96150000e-09  1.79080955e+00 
 1.96250000e-09  1.79080955e+00 
 1.96350000e-09  1.79080955e+00 
 1.96450000e-09  1.79080955e+00 
 1.96550000e-09  1.79080955e+00 
 1.96650000e-09  1.79080955e+00 
 1.96750000e-09  1.79080955e+00 
 1.96850000e-09  1.79080955e+00 
 1.96950000e-09  1.79080955e+00 
 1.97050000e-09  1.79080955e+00 
 1.97150000e-09  1.79080955e+00 
 1.97250000e-09  1.79080955e+00 
 1.97350000e-09  1.79080955e+00 
 1.97450000e-09  1.79080955e+00 
 1.97550000e-09  1.79080955e+00 
 1.97650000e-09  1.79080955e+00 
 1.97750000e-09  1.79080955e+00 
 1.97850000e-09  1.79080955e+00 
 1.97950000e-09  1.79080955e+00 
 1.98050000e-09  1.79080955e+00 
 1.98150000e-09  1.79080955e+00 
 1.98250000e-09  1.79080955e+00 
 1.98350000e-09  1.79080955e+00 
 1.98450000e-09  1.79080955e+00 
 1.98550000e-09  1.79080955e+00 
 1.98650000e-09  1.79080955e+00 
 1.98750000e-09  1.79080955e+00 
 1.98850000e-09  1.79080955e+00 
 1.98950000e-09  1.79080955e+00 
 1.99050000e-09  1.79080955e+00 
 1.99150000e-09  1.79080955e+00 
 1.99250000e-09  1.79080955e+00 
 1.99350000e-09  1.79080955e+00 
 1.99450000e-09  1.79080955e+00 
 1.99550000e-09  1.79080955e+00 
 1.99650000e-09  1.79080955e+00 
 1.99750000e-09  1.79080955e+00 
 1.99850000e-09  1.79080955e+00 
 1.99950000e-09  1.79080955e+00 
 2.00050000e-09  1.79080955e+00 
 2.00150000e-09  1.79080955e+00 
 2.00250000e-09  1.79080955e+00 
 2.00350000e-09  1.79080955e+00 
 2.00450000e-09  1.79080955e+00 
 2.00550000e-09  1.79080955e+00 
 2.00650000e-09  1.79080955e+00 
 2.00750000e-09  1.79080955e+00 
 2.00850000e-09  1.79080955e+00 
 2.00950000e-09  1.79080955e+00 
 2.01050000e-09  1.79080955e+00 
 2.01150000e-09  1.79080955e+00 
 2.01250000e-09  1.79080955e+00 
 2.01350000e-09  1.79080955e+00 
 2.01450000e-09  1.79080955e+00 
 2.01550000e-09  1.79080955e+00 
 2.01650000e-09  1.79080955e+00 
 2.01750000e-09  1.79080955e+00 
 2.01850000e-09  1.79080955e+00 
 2.01950000e-09  1.79080955e+00 
 2.02050000e-09  1.79080955e+00 
 2.02150000e-09  1.79080955e+00 
 2.02250000e-09  1.79080955e+00 
 2.02350000e-09  1.79080955e+00 
 2.02450000e-09  1.79080955e+00 
 2.02550000e-09  1.79080955e+00 
 2.02650000e-09  1.79080955e+00 
 2.02750000e-09  1.79080955e+00 
 2.02850000e-09  1.79080955e+00 
 2.02950000e-09  1.79080955e+00 
 2.03050000e-09  1.79080955e+00 
 2.03150000e-09  1.79080955e+00 
 2.03250000e-09  1.79080955e+00 
 2.03350000e-09  1.79080955e+00 
 2.03450000e-09  1.79080955e+00 
 2.03550000e-09  1.79080955e+00 
 2.03650000e-09  1.79080955e+00 
 2.03750000e-09  1.79080955e+00 
 2.03850000e-09  1.79080955e+00 
 2.03950000e-09  1.79080955e+00 
 2.04050000e-09  1.79080955e+00 
 2.04150000e-09  1.79080955e+00 
 2.04250000e-09  1.79080955e+00 
 2.04350000e-09  1.79080955e+00 
 2.04450000e-09  1.79080955e+00 
 2.04550000e-09  1.79080955e+00 
 2.04650000e-09  1.79080955e+00 
 2.04750000e-09  1.79080955e+00 
 2.04850000e-09  1.79080955e+00 
 2.04950000e-09  1.79080955e+00 
 2.05050000e-09  1.79080955e+00 
 2.05150000e-09  1.79080955e+00 
 2.05250000e-09  1.79080955e+00 
 2.05350000e-09  1.79080955e+00 
 2.05450000e-09  1.79080955e+00 
 2.05550000e-09  1.79080955e+00 
 2.05650000e-09  1.79080955e+00 
 2.05750000e-09  1.79080955e+00 
 2.05850000e-09  1.79080955e+00 
 2.05950000e-09  1.79080955e+00 
 2.06050000e-09  1.79080955e+00 
 2.06150000e-09  1.79080955e+00 
 2.06250000e-09  1.79080955e+00 
 2.06350000e-09  1.79080955e+00 
 2.06450000e-09  1.79080955e+00 
 2.06550000e-09  1.79080955e+00 
 2.06650000e-09  1.79080955e+00 
 2.06750000e-09  1.79080955e+00 
 2.06850000e-09  1.79080955e+00 
 2.06950000e-09  1.79080955e+00 
 2.07050000e-09  1.79080955e+00 
 2.07150000e-09  1.79080955e+00 
 2.07250000e-09  1.79080955e+00 
 2.07350000e-09  1.79080955e+00 
 2.07450000e-09  1.79080955e+00 
 2.07550000e-09  1.79080955e+00 
 2.07650000e-09  1.79080955e+00 
 2.07750000e-09  1.79080955e+00 
 2.07850000e-09  1.79080955e+00 
 2.07950000e-09  1.79080955e+00 
 2.08050000e-09  1.79080955e+00 
 2.08150000e-09  1.79080955e+00 
 2.08250000e-09  1.79080955e+00 
 2.08350000e-09  1.79080955e+00 
 2.08450000e-09  1.79080955e+00 
 2.08550000e-09  1.79080955e+00 
 2.08650000e-09  1.79080955e+00 
 2.08750000e-09  1.79080955e+00 
 2.08850000e-09  1.79080955e+00 
 2.08950000e-09  1.79080955e+00 
 2.09050000e-09  1.79080955e+00 
 2.09150000e-09  1.79080955e+00 
 2.09250000e-09  1.79080955e+00 
 2.09350000e-09  1.79080955e+00 
 2.09450000e-09  1.79080955e+00 
 2.09550000e-09  1.79080955e+00 
 2.09650000e-09  1.79080955e+00 
 2.09750000e-09  1.79080955e+00 
 2.09850000e-09  1.79080955e+00 
 2.09950000e-09  1.79080955e+00 
 2.10050000e-09  1.79080955e+00 
 2.10150000e-09  1.79080955e+00 
 2.10250000e-09  1.79080955e+00 
 2.10350000e-09  1.79080955e+00 
 2.10450000e-09  1.79080955e+00 
 2.10550000e-09  1.79080955e+00 
 2.10650000e-09  1.79080955e+00 
 2.10750000e-09  1.79080955e+00 
 2.10850000e-09  1.79080955e+00 
 2.10950000e-09  1.79080955e+00 
 2.11050000e-09  1.79080955e+00 
 2.11150000e-09  1.79080955e+00 
 2.11250000e-09  1.79080955e+00 
 2.11350000e-09  1.79080955e+00 
 2.11450000e-09  1.79080955e+00 
 2.11550000e-09  1.79080955e+00 
 2.11650000e-09  1.79080955e+00 
 2.11750000e-09  1.79080955e+00 
 2.11850000e-09  1.79080955e+00 
 2.11950000e-09  1.79080955e+00 
 2.12050000e-09  1.79080955e+00 
 2.12150000e-09  1.79080955e+00 
 2.12250000e-09  1.79080955e+00 
 2.12350000e-09  1.79080955e+00 
 2.12450000e-09  1.79080955e+00 
 2.12550000e-09  1.79080955e+00 
 2.12650000e-09  1.79080955e+00 
 2.12750000e-09  1.79080955e+00 
 2.12850000e-09  1.79080955e+00 
 2.12950000e-09  1.79080955e+00 
 2.13050000e-09  1.79080955e+00 
 2.13150000e-09  1.79080955e+00 
 2.13250000e-09  1.79080955e+00 
 2.13350000e-09  1.79080955e+00 
 2.13450000e-09  1.79080955e+00 
 2.13550000e-09  1.79080955e+00 
 2.13650000e-09  1.79080955e+00 
 2.13750000e-09  1.79080955e+00 
 2.13850000e-09  1.79080955e+00 
 2.13950000e-09  1.79080955e+00 
 2.14050000e-09  1.79080955e+00 
 2.14150000e-09  1.79080955e+00 
 2.14250000e-09  1.79080955e+00 
 2.14350000e-09  1.79080955e+00 
 2.14450000e-09  1.79080955e+00 
 2.14550000e-09  1.79080955e+00 
 2.14650000e-09  1.79080955e+00 
 2.14750000e-09  1.79080955e+00 
 2.14850000e-09  1.79080955e+00 
 2.14950000e-09  1.79080955e+00 
 2.15050000e-09  1.79080955e+00 
 2.15150000e-09  1.79080955e+00 
 2.15250000e-09  1.79080955e+00 
 2.15350000e-09  1.79080955e+00 
 2.15450000e-09  1.79080955e+00 
 2.15550000e-09  1.79080955e+00 
 2.15650000e-09  1.79080955e+00 
 2.15750000e-09  1.79080955e+00 
 2.15850000e-09  1.79080955e+00 
 2.15950000e-09  1.79080955e+00 
 2.16050000e-09  1.79080955e+00 
 2.16150000e-09  1.79080955e+00 
 2.16250000e-09  1.79080955e+00 
 2.16350000e-09  1.79080955e+00 
 2.16450000e-09  1.79080955e+00 
 2.16550000e-09  1.79080955e+00 
 2.16650000e-09  1.79080955e+00 
 2.16750000e-09  1.79080955e+00 
 2.16850000e-09  1.79080955e+00 
 2.16950000e-09  1.79080955e+00 
 2.17050000e-09  1.79080955e+00 
 2.17150000e-09  1.79080955e+00 
 2.17250000e-09  1.79080955e+00 
 2.17350000e-09  1.79080955e+00 
 2.17450000e-09  1.79080955e+00 
 2.17550000e-09  1.79080955e+00 
 2.17650000e-09  1.79080955e+00 
 2.17750000e-09  1.79080955e+00 
 2.17850000e-09  1.79080955e+00 
 2.17950000e-09  1.79080955e+00 
 2.18050000e-09  1.79080955e+00 
 2.18150000e-09  1.79080955e+00 
 2.18250000e-09  1.79080955e+00 
 2.18350000e-09  1.79080955e+00 
 2.18450000e-09  1.79080955e+00 
 2.18550000e-09  1.79080955e+00 
 2.18650000e-09  1.79080955e+00 
 2.18750000e-09  1.79080955e+00 
 2.18850000e-09  1.79080955e+00 
 2.18950000e-09  1.79080955e+00 
 2.19050000e-09  1.79080955e+00 
 2.19150000e-09  1.79080955e+00 
 2.19250000e-09  1.79080955e+00 
 2.19350000e-09  1.79080955e+00 
 2.19450000e-09  1.79080955e+00 
 2.19550000e-09  1.79080955e+00 
 2.19650000e-09  1.79080955e+00 
 2.19750000e-09  1.79080955e+00 
 2.19850000e-09  1.79080955e+00 
 2.19950000e-09  1.79080955e+00 
 2.20050000e-09  1.79080955e+00 
 2.20150000e-09  1.79080955e+00 
 2.20250000e-09  1.79080955e+00 
 2.20350000e-09  1.79080955e+00 
 2.20450000e-09  1.79080955e+00 
 2.20550000e-09  1.79080955e+00 
 2.20650000e-09  1.79080955e+00 
 2.20750000e-09  1.79080955e+00 
 2.20850000e-09  1.79080955e+00 
 2.20950000e-09  1.79080955e+00 
 2.21050000e-09  1.79080955e+00 
 2.21150000e-09  1.79080955e+00 
 2.21250000e-09  1.79080955e+00 
 2.21350000e-09  1.79080955e+00 
 2.21450000e-09  1.79080955e+00 
 2.21550000e-09  1.79080955e+00 
 2.21650000e-09  1.79080955e+00 
 2.21750000e-09  1.79080955e+00 
 2.21850000e-09  1.79080955e+00 
 2.21950000e-09  1.79080955e+00 
 2.22050000e-09  1.79080955e+00 
 2.22150000e-09  1.79080955e+00 
 2.22250000e-09  1.79080955e+00 
 2.22350000e-09  1.79080955e+00 
 2.22450000e-09  1.79080955e+00 
 2.22550000e-09  1.79080955e+00 
 2.22650000e-09  1.79080955e+00 
 2.22750000e-09  1.79080955e+00 
 2.22850000e-09  1.79080955e+00 
 2.22950000e-09  1.79080955e+00 
 2.23050000e-09  1.79080955e+00 
 2.23150000e-09  1.79080955e+00 
 2.23250000e-09  1.79080955e+00 
 2.23350000e-09  1.79080955e+00 
 2.23450000e-09  1.79080955e+00 
 2.23550000e-09  1.79080955e+00 
 2.23650000e-09  1.79080955e+00 
 2.23750000e-09  1.79080955e+00 
 2.23850000e-09  1.79080955e+00 
 2.23950000e-09  1.79080955e+00 
 2.24050000e-09  1.79080955e+00 
 2.24150000e-09  1.79080955e+00 
 2.24250000e-09  1.79080955e+00 
 2.24350000e-09  1.79080955e+00 
 2.24450000e-09  1.79080955e+00 
 2.24550000e-09  1.79080955e+00 
 2.24650000e-09  1.79080955e+00 
 2.24750000e-09  1.79080955e+00 
 2.24850000e-09  1.79080955e+00 
 2.24950000e-09  1.79080955e+00 
 2.25050000e-09  1.79080955e+00 
 2.25150000e-09  1.79080955e+00 
 2.25250000e-09  1.79080955e+00 
 2.25350000e-09  1.79080955e+00 
 2.25450000e-09  1.79080955e+00 
 2.25550000e-09  1.79080955e+00 
 2.25650000e-09  1.79080955e+00 
 2.25750000e-09  1.79080955e+00 
 2.25850000e-09  1.79080955e+00 
 2.25950000e-09  1.79080955e+00 
 2.26050000e-09  1.79080955e+00 
 2.26150000e-09  1.79080955e+00 
 2.26250000e-09  1.79080955e+00 
 2.26350000e-09  1.79080955e+00 
 2.26450000e-09  1.79080955e+00 
 2.26550000e-09  1.79080955e+00 
 2.26650000e-09  1.79080955e+00 
 2.26750000e-09  1.79080955e+00 
 2.26850000e-09  1.79080955e+00 
 2.26950000e-09  1.79080955e+00 
 2.27050000e-09  1.79080955e+00 
 2.27150000e-09  1.79080955e+00 
 2.27250000e-09  1.79080955e+00 
 2.27350000e-09  1.79080955e+00 
 2.27450000e-09  1.79080955e+00 
 2.27550000e-09  1.79080955e+00 
 2.27650000e-09  1.79080955e+00 
 2.27750000e-09  1.79080955e+00 
 2.27850000e-09  1.79080955e+00 
 2.27950000e-09  1.79080955e+00 
 2.28050000e-09  1.79080955e+00 
 2.28150000e-09  1.79080955e+00 
 2.28250000e-09  1.79080955e+00 
 2.28350000e-09  1.79080955e+00 
 2.28450000e-09  1.79080955e+00 
 2.28550000e-09  1.79080955e+00 
 2.28650000e-09  1.79080955e+00 
 2.28750000e-09  1.79080955e+00 
 2.28850000e-09  1.79080955e+00 
 2.28950000e-09  1.79080955e+00 
 2.29050000e-09  1.79080955e+00 
 2.29150000e-09  1.79080955e+00 
 2.29250000e-09  1.79080955e+00 
 2.29350000e-09  1.79080955e+00 
 2.29450000e-09  1.79080955e+00 
 2.29550000e-09  1.79080955e+00 
 2.29650000e-09  1.79080955e+00 
 2.29750000e-09  1.79080955e+00 
 2.29850000e-09  1.79080955e+00 
 2.29950000e-09  1.79080955e+00 
 2.30050000e-09  1.79080955e+00 
 2.30150000e-09  1.79080955e+00 
 2.30250000e-09  1.79080955e+00 
 2.30350000e-09  1.79080955e+00 
 2.30450000e-09  1.79080955e+00 
 2.30550000e-09  1.79080955e+00 
 2.30650000e-09  1.79080955e+00 
 2.30750000e-09  1.79080955e+00 
 2.30850000e-09  1.79080955e+00 
 2.30950000e-09  1.79080955e+00 
 2.31050000e-09  1.79080955e+00 
 2.31150000e-09  1.79080955e+00 
 2.31250000e-09  1.79080955e+00 
 2.31350000e-09  1.79080955e+00 
 2.31450000e-09  1.79080955e+00 
 2.31550000e-09  1.79080955e+00 
 2.31650000e-09  1.79080955e+00 
 2.31750000e-09  1.79080955e+00 
 2.31850000e-09  1.79080955e+00 
 2.31950000e-09  1.79080955e+00 
 2.32050000e-09  1.79080955e+00 
 2.32150000e-09  1.79080955e+00 
 2.32250000e-09  1.79080955e+00 
 2.32350000e-09  1.79080955e+00 
 2.32450000e-09  1.79080955e+00 
 2.32550000e-09  1.79080955e+00 
 2.32650000e-09  1.79080955e+00 
 2.32750000e-09  1.79080955e+00 
 2.32850000e-09  1.79080955e+00 
 2.32950000e-09  1.79080955e+00 
 2.33050000e-09  1.79080955e+00 
 2.33150000e-09  1.79080955e+00 
 2.33250000e-09  1.79080955e+00 
 2.33350000e-09  1.79080955e+00 
 2.33450000e-09  1.79080955e+00 
 2.33550000e-09  1.79080955e+00 
 2.33650000e-09  1.79080955e+00 
 2.33750000e-09  1.79080955e+00 
 2.33850000e-09  1.79080955e+00 
 2.33950000e-09  1.79080955e+00 
 2.34050000e-09  1.79080955e+00 
 2.34150000e-09  1.79080955e+00 
 2.34250000e-09  1.79080955e+00 
 2.34350000e-09  1.79080955e+00 
 2.34450000e-09  1.79080955e+00 
 2.34550000e-09  1.79080955e+00 
 2.34650000e-09  1.79080955e+00 
 2.34750000e-09  1.79080955e+00 
 2.34850000e-09  1.79080955e+00 
 2.34950000e-09  1.79080955e+00 
 2.35050000e-09  1.79080955e+00 
 2.35150000e-09  1.79080955e+00 
 2.35250000e-09  1.79080955e+00 
 2.35350000e-09  1.79080955e+00 
 2.35450000e-09  1.79080955e+00 
 2.35550000e-09  1.79080955e+00 
 2.35650000e-09  1.79080955e+00 
 2.35750000e-09  1.79080955e+00 
 2.35850000e-09  1.79080955e+00 
 2.35950000e-09  1.79080955e+00 
 2.36050000e-09  1.79080955e+00 
 2.36150000e-09  1.79080955e+00 
 2.36250000e-09  1.79080955e+00 
 2.36350000e-09  1.79080955e+00 
 2.36450000e-09  1.79080955e+00 
 2.36550000e-09  1.79080955e+00 
 2.36650000e-09  1.79080955e+00 
 2.36750000e-09  1.79080955e+00 
 2.36850000e-09  1.79080955e+00 
 2.36950000e-09  1.79080955e+00 
 2.37050000e-09  1.79080955e+00 
 2.37150000e-09  1.79080955e+00 
 2.37250000e-09  1.79080955e+00 
 2.37350000e-09  1.79080955e+00 
 2.37450000e-09  1.79080955e+00 
 2.37550000e-09  1.79080955e+00 
 2.37650000e-09  1.79080955e+00 
 2.37750000e-09  1.79080955e+00 
 2.37850000e-09  1.79080955e+00 
 2.37950000e-09  1.79080955e+00 
 2.38050000e-09  1.79080955e+00 
 2.38150000e-09  1.79080955e+00 
 2.38250000e-09  1.79080955e+00 
 2.38350000e-09  1.79080955e+00 
 2.38450000e-09  1.79080955e+00 
 2.38550000e-09  1.79080955e+00 
 2.38650000e-09  1.79080955e+00 
 2.38750000e-09  1.79080955e+00 
 2.38850000e-09  1.79080955e+00 
 2.38950000e-09  1.79080955e+00 
 2.39050000e-09  1.79080955e+00 
 2.39150000e-09  1.79080955e+00 
 2.39250000e-09  1.79080955e+00 
 2.39350000e-09  1.79080955e+00 
 2.39450000e-09  1.79080955e+00 
 2.39550000e-09  1.79080955e+00 
 2.39650000e-09  1.79080955e+00 
 2.39750000e-09  1.79080955e+00 
 2.39850000e-09  1.79080955e+00 
 2.39950000e-09  1.79080955e+00 
 2.40050000e-09  1.79080955e+00 
 2.40150000e-09  1.79080955e+00 
 2.40250000e-09  1.79080955e+00 
 2.40350000e-09  1.79080955e+00 
 2.40450000e-09  1.79080955e+00 
 2.40550000e-09  1.79080955e+00 
 2.40650000e-09  1.79080955e+00 
 2.40750000e-09  1.79080955e+00 
 2.40850000e-09  1.79080955e+00 
 2.40950000e-09  1.79080955e+00 
 2.41050000e-09  1.79080955e+00 
 2.41150000e-09  1.79080955e+00 
 2.41250000e-09  1.79080955e+00 
 2.41350000e-09  1.79080955e+00 
 2.41450000e-09  1.79080955e+00 
 2.41550000e-09  1.79080955e+00 
 2.41650000e-09  1.79080955e+00 
 2.41750000e-09  1.79080955e+00 
 2.41850000e-09  1.79080955e+00 
 2.41950000e-09  1.79080955e+00 
 2.42050000e-09  1.79080955e+00 
 2.42150000e-09  1.79080955e+00 
 2.42250000e-09  1.79080955e+00 
 2.42350000e-09  1.79080955e+00 
 2.42450000e-09  1.79080955e+00 
 2.42550000e-09  1.79080955e+00 
 2.42650000e-09  1.79080955e+00 
 2.42750000e-09  1.79080955e+00 
 2.42850000e-09  1.79080955e+00 
 2.42950000e-09  1.79080955e+00 
 2.43050000e-09  1.79080955e+00 
 2.43150000e-09  1.79080955e+00 
 2.43250000e-09  1.79080955e+00 
 2.43350000e-09  1.79080955e+00 
 2.43450000e-09  1.79080955e+00 
 2.43550000e-09  1.79080955e+00 
 2.43650000e-09  1.79080955e+00 
 2.43750000e-09  1.79080955e+00 
 2.43850000e-09  1.79080955e+00 
 2.43950000e-09  1.79080955e+00 
 2.44050000e-09  1.79080955e+00 
 2.44150000e-09  1.79080955e+00 
 2.44250000e-09  1.79080955e+00 
 2.44350000e-09  1.79080955e+00 
 2.44450000e-09  1.79080955e+00 
 2.44550000e-09  1.79080955e+00 
 2.44650000e-09  1.79080955e+00 
 2.44750000e-09  1.79080955e+00 
 2.44850000e-09  1.79080955e+00 
 2.44950000e-09  1.79080955e+00 
 2.45050000e-09  1.79080955e+00 
 2.45150000e-09  1.79080955e+00 
 2.45250000e-09  1.79080955e+00 
 2.45350000e-09  1.79080955e+00 
 2.45450000e-09  1.79080955e+00 
 2.45550000e-09  1.79080955e+00 
 2.45650000e-09  1.79080955e+00 
 2.45750000e-09  1.79080955e+00 
 2.45850000e-09  1.79080955e+00 
 2.45950000e-09  1.79080955e+00 
 2.46050000e-09  1.79080955e+00 
 2.46150000e-09  1.79080955e+00 
 2.46250000e-09  1.79080955e+00 
 2.46350000e-09  1.79080955e+00 
 2.46450000e-09  1.79080955e+00 
 2.46550000e-09  1.79080955e+00 
 2.46650000e-09  1.79080955e+00 
 2.46750000e-09  1.79080955e+00 
 2.46850000e-09  1.79080955e+00 
 2.46950000e-09  1.79080955e+00 
 2.47050000e-09  1.79080955e+00 
 2.47150000e-09  1.79080955e+00 
 2.47250000e-09  1.79080955e+00 
 2.47350000e-09  1.79080955e+00 
 2.47450000e-09  1.79080955e+00 
 2.47550000e-09  1.79080955e+00 
 2.47650000e-09  1.79080955e+00 
 2.47750000e-09  1.79080955e+00 
 2.47850000e-09  1.79080955e+00 
 2.47950000e-09  1.79080955e+00 
 2.48050000e-09  1.79080955e+00 
 2.48150000e-09  1.79080955e+00 
 2.48250000e-09  1.79080955e+00 
 2.48350000e-09  1.79080955e+00 
 2.48450000e-09  1.79080955e+00 
 2.48550000e-09  1.79080955e+00 
 2.48650000e-09  1.79080955e+00 
 2.48750000e-09  1.79080955e+00 
 2.48850000e-09  1.79080955e+00 
 2.48950000e-09  1.79080955e+00 
 2.49050000e-09  1.79080955e+00 
 2.49150000e-09  1.79080955e+00 
 2.49250000e-09  1.79080955e+00 
 2.49350000e-09  1.79080955e+00 
 2.49450000e-09  1.79080955e+00 
 2.49550000e-09  1.79080955e+00 
 2.49650000e-09  1.79080955e+00 
 2.49750000e-09  1.79080955e+00 
 2.49850000e-09  1.79080955e+00 
 2.49950000e-09  1.79080955e+00 
 2.50050000e-09  1.79080955e+00 
 2.50150000e-09  1.79080955e+00 
 2.50250000e-09  1.79080955e+00 
 2.50350000e-09  1.79080955e+00 
 2.50450000e-09  1.79080955e+00 
 2.50550000e-09  1.79080955e+00 
 2.50650000e-09  1.79080955e+00 
 2.50750000e-09  1.79080955e+00 
 2.50850000e-09  1.79080955e+00 
 2.50950000e-09  1.79080955e+00 
 2.51050000e-09  1.79080955e+00 
 2.51150000e-09  1.79080955e+00 
 2.51250000e-09  1.79080955e+00 
 2.51350000e-09  1.79080955e+00 
 2.51450000e-09  1.79080955e+00 
 2.51550000e-09  1.79080955e+00 
 2.51650000e-09  1.79080955e+00 
 2.51750000e-09  1.79080955e+00 
 2.51850000e-09  1.79080955e+00 
 2.51950000e-09  1.79080955e+00 
 2.52050000e-09  1.79080955e+00 
 2.52150000e-09  1.79080955e+00 
 2.52250000e-09  1.79080955e+00 
 2.52350000e-09  1.79080955e+00 
 2.52450000e-09  1.79080955e+00 
 2.52550000e-09  1.79080955e+00 
 2.52650000e-09  1.79080955e+00 
 2.52750000e-09  1.79080955e+00 
 2.52850000e-09  1.79080955e+00 
 2.52950000e-09  1.79080955e+00 
 2.53050000e-09  1.79080955e+00 
 2.53150000e-09  1.79080955e+00 
 2.53250000e-09  1.79080955e+00 
 2.53350000e-09  1.79080955e+00 
 2.53450000e-09  1.79080955e+00 
 2.53550000e-09  1.79080955e+00 
 2.53650000e-09  1.79080955e+00 
 2.53750000e-09  1.79080955e+00 
 2.53850000e-09  1.79080955e+00 
 2.53950000e-09  1.79080955e+00 
 2.54050000e-09  1.79080955e+00 
 2.54150000e-09  1.79080955e+00 
 2.54250000e-09  1.79080955e+00 
 2.54350000e-09  1.79080955e+00 
 2.54450000e-09  1.79080955e+00 
 2.54550000e-09  1.79080955e+00 
 2.54650000e-09  1.79080955e+00 
 2.54750000e-09  1.79080955e+00 
 2.54850000e-09  1.79080955e+00 
 2.54950000e-09  1.79080955e+00 
 2.55050000e-09  1.79080955e+00 
 2.55150000e-09  1.79080955e+00 
 2.55250000e-09  1.79080955e+00 
 2.55350000e-09  1.79080955e+00 
 2.55450000e-09  1.79080955e+00 
 2.55550000e-09  1.79080955e+00 
 2.55650000e-09  1.79080955e+00 
 2.55750000e-09  1.79080955e+00 
 2.55850000e-09  1.79080955e+00 
 2.55950000e-09  1.79080955e+00 
 2.56050000e-09  1.79080955e+00 
 2.56150000e-09  1.79080955e+00 
 2.56250000e-09  1.79080955e+00 
 2.56350000e-09  1.79080955e+00 
 2.56450000e-09  1.79080955e+00 
 2.56550000e-09  1.79080955e+00 
 2.56650000e-09  1.79080955e+00 
 2.56750000e-09  1.79080955e+00 
 2.56850000e-09  1.79080955e+00 
 2.56950000e-09  1.79080955e+00 
 2.57050000e-09  1.79080955e+00 
 2.57150000e-09  1.79080955e+00 
 2.57250000e-09  1.79080955e+00 
 2.57350000e-09  1.79080955e+00 
 2.57450000e-09  1.79080955e+00 
 2.57550000e-09  1.79080955e+00 
 2.57650000e-09  1.79080955e+00 
 2.57750000e-09  1.79080955e+00 
 2.57850000e-09  1.79080955e+00 
 2.57950000e-09  1.79080955e+00 
 2.58050000e-09  1.79080955e+00 
 2.58150000e-09  1.79080955e+00 
 2.58250000e-09  1.79080955e+00 
 2.58350000e-09  1.79080955e+00 
 2.58450000e-09  1.79080955e+00 
 2.58550000e-09  1.79080955e+00 
 2.58650000e-09  1.79080955e+00 
 2.58750000e-09  1.79080955e+00 
 2.58850000e-09  1.79080955e+00 
 2.58950000e-09  1.79080955e+00 
 2.59050000e-09  1.79080955e+00 
 2.59150000e-09  1.79080955e+00 
 2.59250000e-09  1.79080955e+00 
 2.59350000e-09  1.79080955e+00 
 2.59450000e-09  1.79080955e+00 
 2.59550000e-09  1.79080955e+00 
 2.59650000e-09  1.79080955e+00 
 2.59750000e-09  1.79080955e+00 
 2.59850000e-09  1.79080955e+00 
 2.59950000e-09  1.79080955e+00 
 2.60050000e-09  1.79080955e+00 
 2.60150000e-09  1.79080955e+00 
 2.60250000e-09  1.79080955e+00 
 2.60350000e-09  1.79080955e+00 
 2.60450000e-09  1.79080955e+00 
 2.60550000e-09  1.79080955e+00 
 2.60650000e-09  1.79080955e+00 
 2.60750000e-09  1.79080955e+00 
 2.60850000e-09  1.79080955e+00 
 2.60950000e-09  1.79080955e+00 
 2.61050000e-09  1.79080955e+00 
 2.61150000e-09  1.79080955e+00 
 2.61250000e-09  1.79080955e+00 
 2.61350000e-09  1.79080955e+00 
 2.61450000e-09  1.79080955e+00 
 2.61550000e-09  1.79080955e+00 
 2.61650000e-09  1.79080955e+00 
 2.61750000e-09  1.79080955e+00 
 2.61850000e-09  1.79080955e+00 
 2.61950000e-09  1.79080955e+00 
 2.62050000e-09  1.79080955e+00 
 2.62150000e-09  1.79080955e+00 
 2.62250000e-09  1.79080955e+00 
 2.62350000e-09  1.79080955e+00 
 2.62450000e-09  1.79080955e+00 
 2.62550000e-09  1.79080955e+00 
 2.62650000e-09  1.79080955e+00 
 2.62750000e-09  1.79080955e+00 
 2.62850000e-09  1.79080955e+00 
 2.62950000e-09  1.79080955e+00 
 2.63050000e-09  1.79080955e+00 
 2.63150000e-09  1.79080955e+00 
 2.63250000e-09  1.79080955e+00 
 2.63350000e-09  1.79080955e+00 
 2.63450000e-09  1.79080955e+00 
 2.63550000e-09  1.79080955e+00 
 2.63650000e-09  1.79080955e+00 
 2.63750000e-09  1.79080955e+00 
 2.63850000e-09  1.79080955e+00 
 2.63950000e-09  1.79080955e+00 
 2.64050000e-09  1.79080955e+00 
 2.64150000e-09  1.79080955e+00 
 2.64250000e-09  1.79080955e+00 
 2.64350000e-09  1.79080955e+00 
 2.64450000e-09  1.79080955e+00 
 2.64550000e-09  1.79080955e+00 
 2.64650000e-09  1.79080955e+00 
 2.64750000e-09  1.79080955e+00 
 2.64850000e-09  1.79080955e+00 
 2.64950000e-09  1.79080955e+00 
 2.65050000e-09  1.79080955e+00 
 2.65150000e-09  1.79080955e+00 
 2.65250000e-09  1.79080955e+00 
 2.65350000e-09  1.79080955e+00 
 2.65450000e-09  1.79080955e+00 
 2.65550000e-09  1.79080955e+00 
 2.65650000e-09  1.79080955e+00 
 2.65750000e-09  1.79080955e+00 
 2.65850000e-09  1.79080955e+00 
 2.65950000e-09  1.79080955e+00 
 2.66050000e-09  1.79080955e+00 
 2.66150000e-09  1.79080955e+00 
 2.66250000e-09  1.79080955e+00 
 2.66350000e-09  1.79080955e+00 
 2.66450000e-09  1.79080955e+00 
 2.66550000e-09  1.79080955e+00 
 2.66650000e-09  1.79080955e+00 
 2.66750000e-09  1.79080955e+00 
 2.66850000e-09  1.79080955e+00 
 2.66950000e-09  1.79080955e+00 
 2.67050000e-09  1.79080955e+00 
 2.67150000e-09  1.79080955e+00 
 2.67250000e-09  1.79080955e+00 
 2.67350000e-09  1.79080955e+00 
 2.67450000e-09  1.79080955e+00 
 2.67550000e-09  1.79080955e+00 
 2.67650000e-09  1.79080955e+00 
 2.67750000e-09  1.79080955e+00 
 2.67850000e-09  1.79080955e+00 
 2.67950000e-09  1.79080955e+00 
 2.68050000e-09  1.79080955e+00 
 2.68150000e-09  1.79080955e+00 
 2.68250000e-09  1.79080955e+00 
 2.68350000e-09  1.79080955e+00 
 2.68450000e-09  1.79080955e+00 
 2.68550000e-09  1.79080955e+00 
 2.68650000e-09  1.79080955e+00 
 2.68750000e-09  1.79080955e+00 
 2.68850000e-09  1.79080955e+00 
 2.68950000e-09  1.79080955e+00 
 2.69050000e-09  1.79080955e+00 
 2.69150000e-09  1.79080955e+00 
 2.69250000e-09  1.79080955e+00 
 2.69350000e-09  1.79080955e+00 
 2.69450000e-09  1.79080955e+00 
 2.69550000e-09  1.79080955e+00 
 2.69650000e-09  1.79080955e+00 
 2.69750000e-09  1.79080955e+00 
 2.69850000e-09  1.79080955e+00 
 2.69950000e-09  1.79080955e+00 
 2.70050000e-09  1.79080955e+00 
 2.70150000e-09  1.79080955e+00 
 2.70250000e-09  1.79080955e+00 
 2.70350000e-09  1.79080955e+00 
 2.70450000e-09  1.79080955e+00 
 2.70550000e-09  1.79080955e+00 
 2.70650000e-09  1.79080955e+00 
 2.70750000e-09  1.79080955e+00 
 2.70850000e-09  1.79080955e+00 
 2.70950000e-09  1.79080955e+00 
 2.71050000e-09  1.79080955e+00 
 2.71150000e-09  1.79080955e+00 
 2.71250000e-09  1.79080955e+00 
 2.71350000e-09  1.79080955e+00 
 2.71450000e-09  1.79080955e+00 
 2.71550000e-09  1.79080955e+00 
 2.71650000e-09  1.79080955e+00 
 2.71750000e-09  1.79080955e+00 
 2.71850000e-09  1.79080955e+00 
 2.71950000e-09  1.79080955e+00 
 2.72050000e-09  1.79080955e+00 
 2.72150000e-09  1.79080955e+00 
 2.72250000e-09  1.79080955e+00 
 2.72350000e-09  1.79080955e+00 
 2.72450000e-09  1.79080955e+00 
 2.72550000e-09  1.79080955e+00 
 2.72650000e-09  1.79080955e+00 
 2.72750000e-09  1.79080955e+00 
 2.72850000e-09  1.79080955e+00 
 2.72950000e-09  1.79080955e+00 
 2.73050000e-09  1.79080955e+00 
 2.73150000e-09  1.79080955e+00 
 2.73250000e-09  1.79080955e+00 
 2.73350000e-09  1.79080955e+00 
 2.73450000e-09  1.79080955e+00 
 2.73550000e-09  1.79080955e+00 
 2.73650000e-09  1.79080955e+00 
 2.73750000e-09  1.79080955e+00 
 2.73850000e-09  1.79080955e+00 
 2.73950000e-09  1.79080955e+00 
 2.74050000e-09  1.79080955e+00 
 2.74150000e-09  1.79080955e+00 
 2.74250000e-09  1.79080955e+00 
 2.74350000e-09  1.79080955e+00 
 2.74450000e-09  1.79080955e+00 
 2.74550000e-09  1.79080955e+00 
 2.74650000e-09  1.79080955e+00 
 2.74750000e-09  1.79080955e+00 
 2.74850000e-09  1.79080955e+00 
 2.74950000e-09  1.79080955e+00 
 2.75050000e-09  1.79080955e+00 
 2.75150000e-09  1.79080955e+00 
 2.75250000e-09  1.79080955e+00 
 2.75350000e-09  1.79080955e+00 
 2.75450000e-09  1.79080955e+00 
 2.75550000e-09  1.79080955e+00 
 2.75650000e-09  1.79080955e+00 
 2.75750000e-09  1.79080955e+00 
 2.75850000e-09  1.79080955e+00 
 2.75950000e-09  1.79080955e+00 
 2.76050000e-09  1.79080955e+00 
 2.76150000e-09  1.79080955e+00 
 2.76250000e-09  1.79080955e+00 
 2.76350000e-09  1.79080955e+00 
 2.76450000e-09  1.79080955e+00 
 2.76550000e-09  1.79080955e+00 
 2.76650000e-09  1.79080955e+00 
 2.76750000e-09  1.79080955e+00 
 2.76850000e-09  1.79080955e+00 
 2.76950000e-09  1.79080955e+00 
 2.77050000e-09  1.79080955e+00 
 2.77150000e-09  1.79080955e+00 
 2.77250000e-09  1.79080955e+00 
 2.77350000e-09  1.79080955e+00 
 2.77450000e-09  1.79080955e+00 
 2.77550000e-09  1.79080955e+00 
 2.77650000e-09  1.79080955e+00 
 2.77750000e-09  1.79080955e+00 
 2.77850000e-09  1.79080955e+00 
 2.77950000e-09  1.79080955e+00 
 2.78050000e-09  1.79080955e+00 
 2.78150000e-09  1.79080955e+00 
 2.78250000e-09  1.79080955e+00 
 2.78350000e-09  1.79080955e+00 
 2.78450000e-09  1.79080955e+00 
 2.78550000e-09  1.79080955e+00 
 2.78650000e-09  1.79080955e+00 
 2.78750000e-09  1.79080955e+00 
 2.78850000e-09  1.79080955e+00 
 2.78950000e-09  1.79080955e+00 
 2.79050000e-09  1.79080955e+00 
 2.79150000e-09  1.79080955e+00 
 2.79250000e-09  1.79080955e+00 
 2.79350000e-09  1.79080955e+00 
 2.79450000e-09  1.79080955e+00 
 2.79550000e-09  1.79080955e+00 
 2.79650000e-09  1.79080955e+00 
 2.79750000e-09  1.79080955e+00 
 2.79850000e-09  1.79080955e+00 
 2.79950000e-09  1.79080955e+00 
 2.80050000e-09  1.79080955e+00 
 2.80150000e-09  1.79080955e+00 
 2.80250000e-09  1.79080955e+00 
 2.80350000e-09  1.79080955e+00 
 2.80450000e-09  1.79080955e+00 
 2.80550000e-09  1.79080955e+00 
 2.80650000e-09  1.79080955e+00 
 2.80750000e-09  1.79080955e+00 
 2.80850000e-09  1.79080955e+00 
 2.80950000e-09  1.79080955e+00 
 2.81050000e-09  1.79080955e+00 
 2.81150000e-09  1.79080955e+00 
 2.81250000e-09  1.79080955e+00 
 2.81350000e-09  1.79080955e+00 
 2.81450000e-09  1.79080955e+00 
 2.81550000e-09  1.79080955e+00 
 2.81650000e-09  1.79080955e+00 
 2.81750000e-09  1.79080955e+00 
 2.81850000e-09  1.79080955e+00 
 2.81950000e-09  1.79080955e+00 
 2.82050000e-09  1.79080955e+00 
 2.82150000e-09  1.79080955e+00 
 2.82250000e-09  1.79080955e+00 
 2.82350000e-09  1.79080955e+00 
 2.82450000e-09  1.79080955e+00 
 2.82550000e-09  1.79080955e+00 
 2.82650000e-09  1.79080955e+00 
 2.82750000e-09  1.79080955e+00 
 2.82850000e-09  1.79080955e+00 
 2.82950000e-09  1.79080955e+00 
 2.83050000e-09  1.79080955e+00 
 2.83150000e-09  1.79080955e+00 
 2.83250000e-09  1.79080955e+00 
 2.83350000e-09  1.79080955e+00 
 2.83450000e-09  1.79080955e+00 
 2.83550000e-09  1.79080955e+00 
 2.83650000e-09  1.79080955e+00 
 2.83750000e-09  1.79080955e+00 
 2.83850000e-09  1.79080955e+00 
 2.83950000e-09  1.79080955e+00 
 2.84050000e-09  1.79080955e+00 
 2.84150000e-09  1.79080955e+00 
 2.84250000e-09  1.79080955e+00 
 2.84350000e-09  1.79080955e+00 
 2.84450000e-09  1.79080955e+00 
 2.84550000e-09  1.79080955e+00 
 2.84650000e-09  1.79080955e+00 
 2.84750000e-09  1.79080955e+00 
 2.84850000e-09  1.79080955e+00 
 2.84950000e-09  1.79080955e+00 
 2.85050000e-09  1.79080955e+00 
 2.85150000e-09  1.79080955e+00 
 2.85250000e-09  1.79080955e+00 
 2.85350000e-09  1.79080955e+00 
 2.85450000e-09  1.79080955e+00 
 2.85550000e-09  1.79080955e+00 
 2.85650000e-09  1.79080955e+00 
 2.85750000e-09  1.79080955e+00 
 2.85850000e-09  1.79080955e+00 
 2.85950000e-09  1.79080955e+00 
 2.86050000e-09  1.79080955e+00 
 2.86150000e-09  1.79080955e+00 
 2.86250000e-09  1.79080955e+00 
 2.86350000e-09  1.79080955e+00 
 2.86450000e-09  1.79080955e+00 
 2.86550000e-09  1.79080955e+00 
 2.86650000e-09  1.79080955e+00 
 2.86750000e-09  1.79080955e+00 
 2.86850000e-09  1.79080955e+00 
 2.86950000e-09  1.79080955e+00 
 2.87050000e-09  1.79080955e+00 
 2.87150000e-09  1.79080955e+00 
 2.87250000e-09  1.79080955e+00 
 2.87350000e-09  1.79080955e+00 
 2.87450000e-09  1.79080955e+00 
 2.87550000e-09  1.79080955e+00 
 2.87650000e-09  1.79080955e+00 
 2.87750000e-09  1.79080955e+00 
 2.87850000e-09  1.79080955e+00 
 2.87950000e-09  1.79080955e+00 
 2.88050000e-09  1.79080955e+00 
 2.88150000e-09  1.79080955e+00 
 2.88250000e-09  1.79080955e+00 
 2.88350000e-09  1.79080955e+00 
 2.88450000e-09  1.79080955e+00 
 2.88550000e-09  1.79080955e+00 
 2.88650000e-09  1.79080955e+00 
 2.88750000e-09  1.79080955e+00 
 2.88850000e-09  1.79080955e+00 
 2.88950000e-09  1.79080955e+00 
 2.89050000e-09  1.79080955e+00 
 2.89150000e-09  1.79080955e+00 
 2.89250000e-09  1.79080955e+00 
 2.89350000e-09  1.79080955e+00 
 2.89450000e-09  1.79080955e+00 
 2.89550000e-09  1.79080955e+00 
 2.89650000e-09  1.79080955e+00 
 2.89750000e-09  1.79080955e+00 
 2.89850000e-09  1.79080955e+00 
 2.89950000e-09  1.79080955e+00 
 2.90050000e-09  1.79080955e+00 
 2.90150000e-09  1.79080955e+00 
 2.90250000e-09  1.79080955e+00 
 2.90350000e-09  1.79080955e+00 
 2.90450000e-09  1.79080955e+00 
 2.90550000e-09  1.79080955e+00 
 2.90650000e-09  1.79080955e+00 
 2.90750000e-09  1.79080955e+00 
 2.90850000e-09  1.79080955e+00 
 2.90950000e-09  1.79080955e+00 
 2.91050000e-09  1.79080955e+00 
 2.91150000e-09  1.79080955e+00 
 2.91250000e-09  1.79080955e+00 
 2.91350000e-09  1.79080955e+00 
 2.91450000e-09  1.79080955e+00 
 2.91550000e-09  1.79080955e+00 
 2.91650000e-09  1.79080955e+00 
 2.91750000e-09  1.79080955e+00 
 2.91850000e-09  1.79080955e+00 
 2.91950000e-09  1.79080955e+00 
 2.92050000e-09  1.79080955e+00 
 2.92150000e-09  1.79080955e+00 
 2.92250000e-09  1.79080955e+00 
 2.92350000e-09  1.79080955e+00 
 2.92450000e-09  1.79080955e+00 
 2.92550000e-09  1.79080955e+00 
 2.92650000e-09  1.79080955e+00 
 2.92750000e-09  1.79080955e+00 
 2.92850000e-09  1.79080955e+00 
 2.92950000e-09  1.79080955e+00 
 2.93050000e-09  1.79080955e+00 
 2.93150000e-09  1.79080955e+00 
 2.93250000e-09  1.79080955e+00 
 2.93350000e-09  1.79080955e+00 
 2.93450000e-09  1.79080955e+00 
 2.93550000e-09  1.79080955e+00 
 2.93650000e-09  1.79080955e+00 
 2.93750000e-09  1.79080955e+00 
 2.93850000e-09  1.79080955e+00 
 2.93950000e-09  1.79080955e+00 
 2.94050000e-09  1.79080955e+00 
 2.94150000e-09  1.79080955e+00 
 2.94250000e-09  1.79080955e+00 
 2.94350000e-09  1.79080955e+00 
 2.94450000e-09  1.79080955e+00 
 2.94550000e-09  1.79080955e+00 
 2.94650000e-09  1.79080955e+00 
 2.94750000e-09  1.79080955e+00 
 2.94850000e-09  1.79080955e+00 
 2.94950000e-09  1.79080955e+00 
 2.95050000e-09  1.79080955e+00 
 2.95150000e-09  1.79080955e+00 
 2.95250000e-09  1.79080955e+00 
 2.95350000e-09  1.79080955e+00 
 2.95450000e-09  1.79080955e+00 
 2.95550000e-09  1.79080955e+00 
 2.95650000e-09  1.79080955e+00 
 2.95750000e-09  1.79080955e+00 
 2.95850000e-09  1.79080955e+00 
 2.95950000e-09  1.79080955e+00 
 2.96050000e-09  1.79080955e+00 
 2.96150000e-09  1.79080955e+00 
 2.96250000e-09  1.79080955e+00 
 2.96350000e-09  1.79080955e+00 
 2.96450000e-09  1.79080955e+00 
 2.96550000e-09  1.79080955e+00 
 2.96650000e-09  1.79080955e+00 
 2.96750000e-09  1.79080955e+00 
 2.96850000e-09  1.79080955e+00 
 2.96950000e-09  1.79080955e+00 
 2.97050000e-09  1.79080955e+00 
 2.97150000e-09  1.79080955e+00 
 2.97250000e-09  1.79080955e+00 
 2.97350000e-09  1.79080955e+00 
 2.97450000e-09  1.79080955e+00 
 2.97550000e-09  1.79080955e+00 
 2.97650000e-09  1.79080955e+00 
 2.97750000e-09  1.79080955e+00 
 2.97850000e-09  1.79080955e+00 
 2.97950000e-09  1.79080955e+00 
 2.98050000e-09  1.79080955e+00 
 2.98150000e-09  1.79080955e+00 
 2.98250000e-09  1.79080955e+00 
 2.98350000e-09  1.79080955e+00 
 2.98450000e-09  1.79080955e+00 
 2.98550000e-09  1.79080955e+00 
 2.98650000e-09  1.79080955e+00 
 2.98750000e-09  1.79080955e+00 
 2.98850000e-09  1.79080955e+00 
 2.98950000e-09  1.79080955e+00 
 2.99050000e-09  1.79080955e+00 
 2.99150000e-09  1.79080955e+00 
 2.99250000e-09  1.79080955e+00 
 2.99350000e-09  1.79080955e+00 
 2.99450000e-09  1.79080955e+00 
 2.99550000e-09  1.79080955e+00 
 2.99650000e-09  1.79080955e+00 
 2.99750000e-09  1.79080955e+00 
 2.99850000e-09  1.79080955e+00 
 2.99950000e-09  1.79080955e+00 
 3.00050000e-09  1.79080955e+00 
 3.00150000e-09  1.79080955e+00 
 3.00250000e-09  1.79080955e+00 
 3.00350000e-09  1.79080955e+00 
 3.00450000e-09  1.79080955e+00 
 3.00550000e-09  1.79080955e+00 
 3.00650000e-09  1.79080955e+00 
 3.00750000e-09  1.79080955e+00 
 3.00850000e-09  1.79080955e+00 
 3.00950000e-09  1.79080955e+00 
 3.01050000e-09  1.79080955e+00 
 3.01150000e-09  1.79080955e+00 
 3.01250000e-09  1.79080955e+00 
 3.01350000e-09  1.79080955e+00 
 3.01450000e-09  1.79080955e+00 
 3.01550000e-09  1.79080955e+00 
 3.01650000e-09  1.79080955e+00 
 3.01750000e-09  1.79080955e+00 
 3.01850000e-09  1.79080955e+00 
 3.01950000e-09  1.79080955e+00 
 3.02050000e-09  1.79080955e+00 
 3.02150000e-09  1.79080955e+00 
 3.02250000e-09  1.79080955e+00 
 3.02350000e-09  1.79080955e+00 
 3.02450000e-09  1.79080955e+00 
 3.02550000e-09  1.79080955e+00 
 3.02650000e-09  1.79080955e+00 
 3.02750000e-09  1.79080955e+00 
 3.02850000e-09  1.79080955e+00 
 3.02950000e-09  1.79080955e+00 
 3.03050000e-09  1.79080955e+00 
 3.03150000e-09  1.79080955e+00 
 3.03250000e-09  1.79080955e+00 
 3.03350000e-09  1.79080955e+00 
 3.03450000e-09  1.79080955e+00 
 3.03550000e-09  1.79080955e+00 
 3.03650000e-09  1.79080955e+00 
 3.03750000e-09  1.79080955e+00 
 3.03850000e-09  1.79080955e+00 
 3.03950000e-09  1.79080955e+00 
 3.04050000e-09  1.79080955e+00 
 3.04150000e-09  1.79080955e+00 
 3.04250000e-09  1.79080955e+00 
 3.04350000e-09  1.79080955e+00 
 3.04450000e-09  1.79080955e+00 
 3.04550000e-09  1.79080955e+00 
 3.04650000e-09  1.79080955e+00 
 3.04750000e-09  1.79080955e+00 
 3.04850000e-09  1.79080955e+00 
 3.04950000e-09  1.79080955e+00 
 3.05050000e-09  1.79080955e+00 
 3.05150000e-09  1.79080955e+00 
 3.05250000e-09  1.79080955e+00 
 3.05350000e-09  1.79080955e+00 
 3.05450000e-09  1.79080955e+00 
 3.05550000e-09  1.79080955e+00 
 3.05650000e-09  1.79080955e+00 
 3.05750000e-09  1.79080955e+00 
 3.05850000e-09  1.79080955e+00 
 3.05950000e-09  1.79080955e+00 
 3.06050000e-09  1.79080955e+00 
 3.06150000e-09  1.79080955e+00 
 3.06250000e-09  1.79080955e+00 
 3.06350000e-09  1.79080955e+00 
 3.06450000e-09  1.79080955e+00 
 3.06550000e-09  1.79080955e+00 
 3.06650000e-09  1.79080955e+00 
 3.06750000e-09  1.79080955e+00 
 3.06850000e-09  1.79080955e+00 
 3.06950000e-09  1.79080955e+00 
 3.07050000e-09  1.79080955e+00 
 3.07150000e-09  1.79080955e+00 
 3.07250000e-09  1.79080955e+00 
 3.07350000e-09  1.79080955e+00 
 3.07450000e-09  1.79080955e+00 
 3.07550000e-09  1.79080955e+00 
 3.07650000e-09  1.79080955e+00 
 3.07750000e-09  1.79080955e+00 
 3.07850000e-09  1.79080955e+00 
 3.07950000e-09  1.79080955e+00 
 3.08050000e-09  1.79080955e+00 
 3.08150000e-09  1.79080955e+00 
 3.08250000e-09  1.79080955e+00 
 3.08350000e-09  1.79080955e+00 
 3.08450000e-09  1.79080955e+00 
 3.08550000e-09  1.79080955e+00 
 3.08650000e-09  1.79080955e+00 
 3.08750000e-09  1.79080955e+00 
 3.08850000e-09  1.79080955e+00 
 3.08950000e-09  1.79080955e+00 
 3.09050000e-09  1.79080955e+00 
 3.09150000e-09  1.79080955e+00 
 3.09250000e-09  1.79080955e+00 
 3.09350000e-09  1.79080955e+00 
 3.09450000e-09  1.79080955e+00 
 3.09550000e-09  1.79080955e+00 
 3.09650000e-09  1.79080955e+00 
 3.09750000e-09  1.79080955e+00 
 3.09850000e-09  1.79080955e+00 
 3.09950000e-09  1.79080955e+00 
 3.10050000e-09  1.79080955e+00 
 3.10150000e-09  1.79080955e+00 
 3.10250000e-09  1.79080955e+00 
 3.10350000e-09  1.79080955e+00 
 3.10450000e-09  1.79080955e+00 
 3.10550000e-09  1.79080955e+00 
 3.10650000e-09  1.79080955e+00 
 3.10750000e-09  1.79080955e+00 
 3.10850000e-09  1.79080955e+00 
 3.10950000e-09  1.79080955e+00 
 3.11050000e-09  1.79080955e+00 
 3.11150000e-09  1.79080955e+00 
 3.11250000e-09  1.79080955e+00 
 3.11350000e-09  1.79080955e+00 
 3.11450000e-09  1.79080955e+00 
 3.11550000e-09  1.79080955e+00 
 3.11650000e-09  1.79080955e+00 
 3.11750000e-09  1.79080955e+00 
 3.11850000e-09  1.79080955e+00 
 3.11950000e-09  1.79080955e+00 
 3.12050000e-09  1.79080955e+00 
 3.12150000e-09  1.79080955e+00 
 3.12250000e-09  1.79080955e+00 
 3.12350000e-09  1.79080955e+00 
 3.12450000e-09  1.79080955e+00 
 3.12550000e-09  1.79080955e+00 
 3.12650000e-09  1.79080955e+00 
 3.12750000e-09  1.79080955e+00 
 3.12850000e-09  1.79080955e+00 
 3.12950000e-09  1.79080955e+00 
 3.13050000e-09  1.79080955e+00 
 3.13150000e-09  1.79080955e+00 
 3.13250000e-09  1.79080955e+00 
 3.13350000e-09  1.79080955e+00 
 3.13450000e-09  1.79080955e+00 
 3.13550000e-09  1.79080955e+00 
 3.13650000e-09  1.79080955e+00 
 3.13750000e-09  1.79080955e+00 
 3.13850000e-09  1.79080955e+00 
 3.13950000e-09  1.79080955e+00 
 3.14050000e-09  1.79080955e+00 
 3.14150000e-09  1.79080955e+00 
 3.14250000e-09  1.79080955e+00 
 3.14350000e-09  1.79080955e+00 
 3.14450000e-09  1.79080955e+00 
 3.14550000e-09  1.79080955e+00 
 3.14650000e-09  1.79080955e+00 
 3.14750000e-09  1.79080955e+00 
 3.14850000e-09  1.79080955e+00 
 3.14950000e-09  1.79080955e+00 
 3.15050000e-09  1.79080955e+00 
 3.15150000e-09  1.79080955e+00 
 3.15250000e-09  1.79080955e+00 
 3.15350000e-09  1.79080955e+00 
 3.15450000e-09  1.79080955e+00 
 3.15550000e-09  1.79080955e+00 
 3.15650000e-09  1.79080955e+00 
 3.15750000e-09  1.79080955e+00 
 3.15850000e-09  1.79080955e+00 
 3.15950000e-09  1.79080955e+00 
 3.16050000e-09  1.79080955e+00 
 3.16150000e-09  1.79080955e+00 
 3.16250000e-09  1.79080955e+00 
 3.16350000e-09  1.79080955e+00 
 3.16450000e-09  1.79080955e+00 
 3.16550000e-09  1.79080955e+00 
 3.16650000e-09  1.79080955e+00 
 3.16750000e-09  1.79080955e+00 
 3.16850000e-09  1.79080955e+00 
 3.16950000e-09  1.79080955e+00 
 3.17050000e-09  1.79080955e+00 
 3.17150000e-09  1.79080955e+00 
 3.17250000e-09  1.79080955e+00 
 3.17350000e-09  1.79080955e+00 
 3.17450000e-09  1.79080955e+00 
 3.17550000e-09  1.79080955e+00 
 3.17650000e-09  1.79080955e+00 
 3.17750000e-09  1.79080955e+00 
 3.17850000e-09  1.79080955e+00 
 3.17950000e-09  1.79080955e+00 
 3.18050000e-09  1.79080955e+00 
 3.18150000e-09  1.79080955e+00 
 3.18250000e-09  1.79080955e+00 
 3.18350000e-09  1.79080955e+00 
 3.18450000e-09  1.79080955e+00 
 3.18550000e-09  1.79080955e+00 
 3.18650000e-09  1.79080955e+00 
 3.18750000e-09  1.79080955e+00 
 3.18850000e-09  1.79080955e+00 
 3.18950000e-09  1.79080955e+00 
 3.19050000e-09  1.79080955e+00 
 3.19150000e-09  1.79080955e+00 
 3.19250000e-09  1.79080955e+00 
 3.19350000e-09  1.79080955e+00 
 3.19450000e-09  1.79080955e+00 
 3.19550000e-09  1.79080955e+00 
 3.19650000e-09  1.79080955e+00 
 3.19750000e-09  1.79080955e+00 
 3.19850000e-09  1.79080955e+00 
 3.19950000e-09  1.79080955e+00 
 3.20050000e-09  1.79080955e+00 
 3.20150000e-09  1.79080955e+00 
 3.20250000e-09  1.79080955e+00 
 3.20350000e-09  1.79080955e+00 
 3.20450000e-09  1.79080955e+00 
 3.20550000e-09  1.79080955e+00 
 3.20650000e-09  1.79080955e+00 
 3.20750000e-09  1.79080955e+00 
 3.20850000e-09  1.79080955e+00 
 3.20950000e-09  1.79080955e+00 
 3.21050000e-09  1.79080955e+00 
 3.21150000e-09  1.79080955e+00 
 3.21250000e-09  1.79080955e+00 
 3.21350000e-09  1.79080955e+00 
 3.21450000e-09  1.79080955e+00 
 3.21550000e-09  1.79080955e+00 
 3.21650000e-09  1.79080955e+00 
 3.21750000e-09  1.79080955e+00 
 3.21850000e-09  1.79080955e+00 
 3.21950000e-09  1.79080955e+00 
 3.22050000e-09  1.79080955e+00 
 3.22150000e-09  1.79080955e+00 
 3.22250000e-09  1.79080955e+00 
 3.22350000e-09  1.79080955e+00 
 3.22450000e-09  1.79080955e+00 
 3.22550000e-09  1.79080955e+00 
 3.22650000e-09  1.79080955e+00 
 3.22750000e-09  1.79080955e+00 
 3.22850000e-09  1.79080955e+00 
 3.22950000e-09  1.79080955e+00 
 3.23050000e-09  1.79080955e+00 
 3.23150000e-09  1.79080955e+00 
 3.23250000e-09  1.79080955e+00 
 3.23350000e-09  1.79080955e+00 
 3.23450000e-09  1.79080955e+00 
 3.23550000e-09  1.79080955e+00 
 3.23650000e-09  1.79080955e+00 
 3.23750000e-09  1.79080955e+00 
 3.23850000e-09  1.79080955e+00 
 3.23950000e-09  1.79080955e+00 
 3.24050000e-09  1.79080955e+00 
 3.24150000e-09  1.79080955e+00 
 3.24250000e-09  1.79080955e+00 
 3.24350000e-09  1.79080955e+00 
 3.24450000e-09  1.79080955e+00 
 3.24550000e-09  1.79080955e+00 
 3.24650000e-09  1.79080955e+00 
 3.24750000e-09  1.79080955e+00 
 3.24850000e-09  1.79080955e+00 
 3.24950000e-09  1.79080955e+00 
 3.25050000e-09  1.79080955e+00 
 3.25150000e-09  1.79080955e+00 
 3.25250000e-09  1.79080955e+00 
 3.25350000e-09  1.79080955e+00 
 3.25450000e-09  1.79080955e+00 
 3.25550000e-09  1.79080955e+00 
 3.25650000e-09  1.79080955e+00 
 3.25750000e-09  1.79080955e+00 
 3.25850000e-09  1.79080955e+00 
 3.25950000e-09  1.79080955e+00 
 3.26050000e-09  1.79080955e+00 
 3.26150000e-09  1.79080955e+00 
 3.26250000e-09  1.79080955e+00 
 3.26350000e-09  1.79080955e+00 
 3.26450000e-09  1.79080955e+00 
 3.26550000e-09  1.79080955e+00 
 3.26650000e-09  1.79080955e+00 
 3.26750000e-09  1.79080955e+00 
 3.26850000e-09  1.79080955e+00 
 3.26950000e-09  1.79080955e+00 
 3.27050000e-09  1.79080955e+00 
 3.27150000e-09  1.79080955e+00 
 3.27250000e-09  1.79080955e+00 
 3.27350000e-09  1.79080955e+00 
 3.27450000e-09  1.79080955e+00 
 3.27550000e-09  1.79080955e+00 
 3.27650000e-09  1.79080955e+00 
 3.27750000e-09  1.79080955e+00 
 3.27850000e-09  1.79080955e+00 
 3.27950000e-09  1.79080955e+00 
 3.28050000e-09  1.79080955e+00 
 3.28150000e-09  1.79080955e+00 
 3.28250000e-09  1.79080955e+00 
 3.28350000e-09  1.79080955e+00 
 3.28450000e-09  1.79080955e+00 
 3.28550000e-09  1.79080955e+00 
 3.28650000e-09  1.79080955e+00 
 3.28750000e-09  1.79080955e+00 
 3.28850000e-09  1.79080955e+00 
 3.28950000e-09  1.79080955e+00 
 3.29050000e-09  1.79080955e+00 
 3.29150000e-09  1.79080955e+00 
 3.29250000e-09  1.79080955e+00 
 3.29350000e-09  1.79080955e+00 
 3.29450000e-09  1.79080955e+00 
 3.29550000e-09  1.79080955e+00 
 3.29650000e-09  1.79080955e+00 
 3.29750000e-09  1.79080955e+00 
 3.29850000e-09  1.79080955e+00 
 3.29950000e-09  1.79080955e+00 
 3.30050000e-09  1.79080955e+00 
 3.30150000e-09  1.79080955e+00 
 3.30250000e-09  1.79080955e+00 
 3.30350000e-09  1.79080955e+00 
 3.30450000e-09  1.79080955e+00 
 3.30550000e-09  1.79080955e+00 
 3.30650000e-09  1.79080955e+00 
 3.30750000e-09  1.79080955e+00 
 3.30850000e-09  1.79080955e+00 
 3.30950000e-09  1.79080955e+00 
 3.31050000e-09  1.79080955e+00 
 3.31150000e-09  1.79080955e+00 
 3.31250000e-09  1.79080955e+00 
 3.31350000e-09  1.79080955e+00 
 3.31450000e-09  1.79080955e+00 
 3.31550000e-09  1.79080955e+00 
 3.31650000e-09  1.79080955e+00 
 3.31750000e-09  1.79080955e+00 
 3.31850000e-09  1.79080955e+00 
 3.31950000e-09  1.79080955e+00 
 3.32050000e-09  1.79080955e+00 
 3.32150000e-09  1.79080955e+00 
 3.32250000e-09  1.79080955e+00 
 3.32350000e-09  1.79080955e+00 
 3.32450000e-09  1.79080955e+00 
 3.32550000e-09  1.79080955e+00 
 3.32650000e-09  1.79080955e+00 
 3.32750000e-09  1.79080955e+00 
 3.32850000e-09  1.79080955e+00 
 3.32950000e-09  1.79080955e+00 
 3.33050000e-09  1.79080955e+00 
 3.33150000e-09  1.79080955e+00 
 3.33250000e-09  1.79080955e+00 
 3.33350000e-09  1.79080955e+00 
 3.33450000e-09  1.79080955e+00 
 3.33550000e-09  1.79080955e+00 
 3.33650000e-09  1.79080955e+00 
 3.33750000e-09  1.79080955e+00 
 3.33850000e-09  1.79080955e+00 
 3.33950000e-09  1.79080955e+00 
 3.34050000e-09  1.79080955e+00 
 3.34150000e-09  1.79080955e+00 
 3.34250000e-09  1.79080955e+00 
 3.34350000e-09  1.79080955e+00 
 3.34450000e-09  1.79080955e+00 
 3.34550000e-09  1.79080955e+00 
 3.34650000e-09  1.79080955e+00 
 3.34750000e-09  1.79080955e+00 
 3.34850000e-09  1.79080955e+00 
 3.34950000e-09  1.79080955e+00 
 3.35050000e-09  1.79080955e+00 
 3.35150000e-09  1.79080955e+00 
 3.35250000e-09  1.79080955e+00 
 3.35350000e-09  1.79080955e+00 
 3.35450000e-09  1.79080955e+00 
 3.35550000e-09  1.79080955e+00 
 3.35650000e-09  1.79080955e+00 
 3.35750000e-09  1.79080955e+00 
 3.35850000e-09  1.79080955e+00 
 3.35950000e-09  1.79080955e+00 
 3.36050000e-09  1.79080955e+00 
 3.36150000e-09  1.79080955e+00 
 3.36250000e-09  1.79080955e+00 
 3.36350000e-09  1.79080955e+00 
 3.36450000e-09  1.79080955e+00 
 3.36550000e-09  1.79080955e+00 
 3.36650000e-09  1.79080955e+00 
 3.36750000e-09  1.79080955e+00 
 3.36850000e-09  1.79080955e+00 
 3.36950000e-09  1.79080955e+00 
 3.37050000e-09  1.79080955e+00 
 3.37150000e-09  1.79080955e+00 
 3.37250000e-09  1.79080955e+00 
 3.37350000e-09  1.79080955e+00 
 3.37450000e-09  1.79080955e+00 
 3.37550000e-09  1.79080955e+00 
 3.37650000e-09  1.79080955e+00 
 3.37750000e-09  1.79080955e+00 
 3.37850000e-09  1.79080955e+00 
 3.37950000e-09  1.79080955e+00 
 3.38050000e-09  1.79080955e+00 
 3.38150000e-09  1.79080955e+00 
 3.38250000e-09  1.79080955e+00 
 3.38350000e-09  1.79080955e+00 
 3.38450000e-09  1.79080955e+00 
 3.38550000e-09  1.79080955e+00 
 3.38650000e-09  1.79080955e+00 
 3.38750000e-09  1.79080955e+00 
 3.38850000e-09  1.79080955e+00 
 3.38950000e-09  1.79080955e+00 
 3.39050000e-09  1.79080955e+00 
 3.39150000e-09  1.79080955e+00 
 3.39250000e-09  1.79080955e+00 
 3.39350000e-09  1.79080955e+00 
 3.39450000e-09  1.79080955e+00 
 3.39550000e-09  1.79080955e+00 
 3.39650000e-09  1.79080955e+00 
 3.39750000e-09  1.79080955e+00 
 3.39850000e-09  1.79080955e+00 
 3.39950000e-09  1.79080955e+00 
 3.40050000e-09  1.79080955e+00 
 3.40150000e-09  1.79080955e+00 
 3.40250000e-09  1.79080955e+00 
 3.40350000e-09  1.79080955e+00 
 3.40450000e-09  1.79080955e+00 
 3.40550000e-09  1.79080955e+00 
 3.40650000e-09  1.79080955e+00 
 3.40750000e-09  1.79080955e+00 
 3.40850000e-09  1.79080955e+00 
 3.40950000e-09  1.79080955e+00 
 3.41050000e-09  1.79080955e+00 
 3.41150000e-09  1.79080955e+00 
 3.41250000e-09  1.79080955e+00 
 3.41350000e-09  1.79080955e+00 
 3.41450000e-09  1.79080955e+00 
 3.41550000e-09  1.79080955e+00 
 3.41650000e-09  1.79080955e+00 
 3.41750000e-09  1.79080955e+00 
 3.41850000e-09  1.79080955e+00 
 3.41950000e-09  1.79080955e+00 
 3.42050000e-09  1.79080955e+00 
 3.42150000e-09  1.79080955e+00 
 3.42250000e-09  1.79080955e+00 
 3.42350000e-09  1.79080955e+00 
 3.42450000e-09  1.79080955e+00 
 3.42550000e-09  1.79080955e+00 
 3.42650000e-09  1.79080955e+00 
 3.42750000e-09  1.79080955e+00 
 3.42850000e-09  1.79080955e+00 
 3.42950000e-09  1.79080955e+00 
 3.43050000e-09  1.79080955e+00 
 3.43150000e-09  1.79080955e+00 
 3.43250000e-09  1.79080955e+00 
 3.43350000e-09  1.79080955e+00 
 3.43450000e-09  1.79080955e+00 
 3.43550000e-09  1.79080955e+00 
 3.43650000e-09  1.79080955e+00 
 3.43750000e-09  1.79080955e+00 
 3.43850000e-09  1.79080955e+00 
 3.43950000e-09  1.79080955e+00 
 3.44050000e-09  1.79080955e+00 
 3.44150000e-09  1.79080955e+00 
 3.44250000e-09  1.79080955e+00 
 3.44350000e-09  1.79080955e+00 
 3.44450000e-09  1.79080955e+00 
 3.44550000e-09  1.79080955e+00 
 3.44650000e-09  1.79080955e+00 
 3.44750000e-09  1.79080955e+00 
 3.44850000e-09  1.79080955e+00 
 3.44950000e-09  1.79080955e+00 
 3.45050000e-09  1.79080955e+00 
 3.45150000e-09  1.79080955e+00 
 3.45250000e-09  1.79080955e+00 
 3.45350000e-09  1.79080955e+00 
 3.45450000e-09  1.79080955e+00 
 3.45550000e-09  1.79080955e+00 
 3.45650000e-09  1.79080955e+00 
 3.45750000e-09  1.79080955e+00 
 3.45850000e-09  1.79080955e+00 
 3.45950000e-09  1.79080955e+00 
 3.46050000e-09  1.79080955e+00 
 3.46150000e-09  1.79080955e+00 
 3.46250000e-09  1.79080955e+00 
 3.46350000e-09  1.79080955e+00 
 3.46450000e-09  1.79080955e+00 
 3.46550000e-09  1.79080955e+00 
 3.46650000e-09  1.79080955e+00 
 3.46750000e-09  1.79080955e+00 
 3.46850000e-09  1.79080955e+00 
 3.46950000e-09  1.79080955e+00 
 3.47050000e-09  1.79080955e+00 
 3.47150000e-09  1.79080955e+00 
 3.47250000e-09  1.79080955e+00 
 3.47350000e-09  1.79080955e+00 
 3.47450000e-09  1.79080955e+00 
 3.47550000e-09  1.79080955e+00 
 3.47650000e-09  1.79080955e+00 
 3.47750000e-09  1.79080955e+00 
 3.47850000e-09  1.79080955e+00 
 3.47950000e-09  1.79080955e+00 
 3.48050000e-09  1.79080955e+00 
 3.48150000e-09  1.79080955e+00 
 3.48250000e-09  1.79080955e+00 
 3.48350000e-09  1.79080955e+00 
 3.48450000e-09  1.79080955e+00 
 3.48550000e-09  1.79080955e+00 
 3.48650000e-09  1.79080955e+00 
 3.48750000e-09  1.79080955e+00 
 3.48850000e-09  1.79080955e+00 
 3.48950000e-09  1.79080955e+00 
 3.49050000e-09  1.79080955e+00 
 3.49150000e-09  1.79080955e+00 
 3.49250000e-09  1.79080955e+00 
 3.49350000e-09  1.79080955e+00 
 3.49450000e-09  1.79080955e+00 
 3.49550000e-09  1.79080955e+00 
 3.49650000e-09  1.79080955e+00 
 3.49750000e-09  1.79080955e+00 
 3.49850000e-09  1.79080955e+00 
 3.49950000e-09  1.79080955e+00 
 3.50050000e-09  1.79080955e+00 
 3.50150000e-09  1.79080955e+00 
 3.50250000e-09  1.79080955e+00 
 3.50350000e-09  1.79080955e+00 
 3.50450000e-09  1.79080955e+00 
 3.50550000e-09  1.79080955e+00 
 3.50650000e-09  1.79080955e+00 
 3.50750000e-09  1.79080955e+00 
 3.50850000e-09  1.79080955e+00 
 3.50950000e-09  1.79080955e+00 
 3.51050000e-09  1.79080955e+00 
 3.51150000e-09  1.79080955e+00 
 3.51250000e-09  1.79080955e+00 
 3.51350000e-09  1.79080955e+00 
 3.51450000e-09  1.79080955e+00 
 3.51550000e-09  1.79080955e+00 
 3.51650000e-09  1.79080955e+00 
 3.51750000e-09  1.79080955e+00 
 3.51850000e-09  1.79080955e+00 
 3.51950000e-09  1.79080955e+00 
 3.52050000e-09  1.79080955e+00 
 3.52150000e-09  1.79080955e+00 
 3.52250000e-09  1.79080955e+00 
 3.52350000e-09  1.79080955e+00 
 3.52450000e-09  1.79080955e+00 
 3.52550000e-09  1.79080955e+00 
 3.52650000e-09  1.79080955e+00 
 3.52750000e-09  1.79080955e+00 
 3.52850000e-09  1.79080955e+00 
 3.52950000e-09  1.79080955e+00 
 3.53050000e-09  1.79080955e+00 
 3.53150000e-09  1.79080955e+00 
 3.53250000e-09  1.79080955e+00 
 3.53350000e-09  1.79080955e+00 
 3.53450000e-09  1.79080955e+00 
 3.53550000e-09  1.79080955e+00 
 3.53650000e-09  1.79080955e+00 
 3.53750000e-09  1.79080955e+00 
 3.53850000e-09  1.79080955e+00 
 3.53950000e-09  1.79080955e+00 
 3.54050000e-09  1.79080955e+00 
 3.54150000e-09  1.79080955e+00 
 3.54250000e-09  1.79080955e+00 
 3.54350000e-09  1.79080955e+00 
 3.54450000e-09  1.79080955e+00 
 3.54550000e-09  1.79080955e+00 
 3.54650000e-09  1.79080955e+00 
 3.54750000e-09  1.79080955e+00 
 3.54850000e-09  1.79080955e+00 
 3.54950000e-09  1.79080955e+00 
 3.55050000e-09  1.79080955e+00 
 3.55150000e-09  1.79080955e+00 
 3.55250000e-09  1.79080955e+00 
 3.55350000e-09  1.79080955e+00 
 3.55450000e-09  1.79080955e+00 
 3.55550000e-09  1.79080955e+00 
 3.55650000e-09  1.79080955e+00 
 3.55750000e-09  1.79080955e+00 
 3.55850000e-09  1.79080955e+00 
 3.55950000e-09  1.79080955e+00 
 3.56050000e-09  1.79080955e+00 
 3.56150000e-09  1.79080955e+00 
 3.56250000e-09  1.79080955e+00 
 3.56350000e-09  1.79080955e+00 
 3.56450000e-09  1.79080955e+00 
 3.56550000e-09  1.79080955e+00 
 3.56650000e-09  1.79080955e+00 
 3.56750000e-09  1.79080955e+00 
 3.56850000e-09  1.79080955e+00 
 3.56950000e-09  1.79080955e+00 
 3.57050000e-09  1.79080955e+00 
 3.57150000e-09  1.79080955e+00 
 3.57250000e-09  1.79080955e+00 
 3.57350000e-09  1.79080955e+00 
 3.57450000e-09  1.79080955e+00 
 3.57550000e-09  1.79080955e+00 
 3.57650000e-09  1.79080955e+00 
 3.57750000e-09  1.79080955e+00 
 3.57850000e-09  1.79080955e+00 
 3.57950000e-09  1.79080955e+00 
 3.58050000e-09  1.79080955e+00 
 3.58150000e-09  1.79080955e+00 
 3.58250000e-09  1.79080955e+00 
 3.58350000e-09  1.79080955e+00 
 3.58450000e-09  1.79080955e+00 
 3.58550000e-09  1.79080955e+00 
 3.58650000e-09  1.79080955e+00 
 3.58750000e-09  1.79080955e+00 
 3.58850000e-09  1.79080955e+00 
 3.58950000e-09  1.79080955e+00 
 3.59050000e-09  1.79080955e+00 
 3.59150000e-09  1.79080955e+00 
 3.59250000e-09  1.79080955e+00 
 3.59350000e-09  1.79080955e+00 
 3.59450000e-09  1.79080955e+00 
 3.59550000e-09  1.79080955e+00 
 3.59650000e-09  1.79080955e+00 
 3.59750000e-09  1.79080955e+00 
 3.59850000e-09  1.79080955e+00 
 3.59950000e-09  1.79080955e+00 
 3.60050000e-09  1.79080955e+00 
 3.60150000e-09  1.79080955e+00 
 3.60250000e-09  1.79080955e+00 
 3.60350000e-09  1.79080955e+00 
 3.60450000e-09  1.79080955e+00 
 3.60550000e-09  1.79080955e+00 
 3.60650000e-09  1.79080955e+00 
 3.60750000e-09  1.79080955e+00 
 3.60850000e-09  1.79080955e+00 
 3.60950000e-09  1.79080955e+00 
 3.61050000e-09  1.79080955e+00 
 3.61150000e-09  1.79080955e+00 
 3.61250000e-09  1.79080955e+00 
 3.61350000e-09  1.79080955e+00 
 3.61450000e-09  1.79080955e+00 
 3.61550000e-09  1.79080955e+00 
 3.61650000e-09  1.79080955e+00 
 3.61750000e-09  1.79080955e+00 
 3.61850000e-09  1.79080955e+00 
 3.61950000e-09  1.79080955e+00 
 3.62050000e-09  1.79080955e+00 
 3.62150000e-09  1.79080955e+00 
 3.62250000e-09  1.79080955e+00 
 3.62350000e-09  1.79080955e+00 
 3.62450000e-09  1.79080955e+00 
 3.62550000e-09  1.79080955e+00 
 3.62650000e-09  1.79080955e+00 
 3.62750000e-09  1.79080955e+00 
 3.62850000e-09  1.79080955e+00 
 3.62950000e-09  1.79080955e+00 
 3.63050000e-09  1.79080955e+00 
 3.63150000e-09  1.79080955e+00 
 3.63250000e-09  1.79080955e+00 
 3.63350000e-09  1.79080955e+00 
 3.63450000e-09  1.79080955e+00 
 3.63550000e-09  1.79080955e+00 
 3.63650000e-09  1.79080955e+00 
 3.63750000e-09  1.79080955e+00 
 3.63850000e-09  1.79080955e+00 
 3.63950000e-09  1.79080955e+00 
 3.64050000e-09  1.79080955e+00 
 3.64150000e-09  1.79080955e+00 
 3.64250000e-09  1.79080955e+00 
 3.64350000e-09  1.79080955e+00 
 3.64450000e-09  1.79080955e+00 
 3.64550000e-09  1.79080955e+00 
 3.64650000e-09  1.79080955e+00 
 3.64750000e-09  1.79080955e+00 
 3.64850000e-09  1.79080955e+00 
 3.64950000e-09  1.79080955e+00 
 3.65050000e-09  1.79080955e+00 
 3.65150000e-09  1.79080955e+00 
 3.65250000e-09  1.79080955e+00 
 3.65350000e-09  1.79080955e+00 
 3.65450000e-09  1.79080955e+00 
 3.65550000e-09  1.79080955e+00 
 3.65650000e-09  1.79080955e+00 
 3.65750000e-09  1.79080955e+00 
 3.65850000e-09  1.79080955e+00 
 3.65950000e-09  1.79080955e+00 
 3.66050000e-09  1.79080955e+00 
 3.66150000e-09  1.79080955e+00 
 3.66250000e-09  1.79080955e+00 
 3.66350000e-09  1.79080955e+00 
 3.66450000e-09  1.79080955e+00 
 3.66550000e-09  1.79080955e+00 
 3.66650000e-09  1.79080955e+00 
 3.66750000e-09  1.79080955e+00 
 3.66850000e-09  1.79080955e+00 
 3.66950000e-09  1.79080955e+00 
 3.67050000e-09  1.79080955e+00 
 3.67150000e-09  1.79080955e+00 
 3.67250000e-09  1.79080955e+00 
 3.67350000e-09  1.79080955e+00 
 3.67450000e-09  1.79080955e+00 
 3.67550000e-09  1.79080955e+00 
 3.67650000e-09  1.79080955e+00 
 3.67750000e-09  1.79080955e+00 
 3.67850000e-09  1.79080955e+00 
 3.67950000e-09  1.79080955e+00 
 3.68050000e-09  1.79080955e+00 
 3.68150000e-09  1.79080955e+00 
 3.68250000e-09  1.79080955e+00 
 3.68350000e-09  1.79080955e+00 
 3.68450000e-09  1.79080955e+00 
 3.68550000e-09  1.79080955e+00 
 3.68650000e-09  1.79080955e+00 
 3.68750000e-09  1.79080955e+00 
 3.68850000e-09  1.79080955e+00 
 3.68950000e-09  1.79080955e+00 
 3.69050000e-09  1.79080955e+00 
 3.69150000e-09  1.79080955e+00 
 3.69250000e-09  1.79080955e+00 
 3.69350000e-09  1.79080955e+00 
 3.69450000e-09  1.79080955e+00 
 3.69550000e-09  1.79080955e+00 
 3.69650000e-09  1.79080955e+00 
 3.69750000e-09  1.79080955e+00 
 3.69850000e-09  1.79080955e+00 
 3.69950000e-09  1.79080955e+00 
 3.70050000e-09  1.79080955e+00 
 3.70150000e-09  1.79080955e+00 
 3.70250000e-09  1.79080955e+00 
 3.70350000e-09  1.79080955e+00 
 3.70450000e-09  1.79080955e+00 
 3.70550000e-09  1.79080955e+00 
 3.70650000e-09  1.79080955e+00 
 3.70750000e-09  1.79080955e+00 
 3.70850000e-09  1.79080955e+00 
 3.70950000e-09  1.79080955e+00 
 3.71050000e-09  1.79080955e+00 
 3.71150000e-09  1.79080955e+00 
 3.71250000e-09  1.79080955e+00 
 3.71350000e-09  1.79080955e+00 
 3.71450000e-09  1.79080955e+00 
 3.71550000e-09  1.79080955e+00 
 3.71650000e-09  1.79080955e+00 
 3.71750000e-09  1.79080955e+00 
 3.71850000e-09  1.79080955e+00 
 3.71950000e-09  1.79080955e+00 
 3.72050000e-09  1.79080955e+00 
 3.72150000e-09  1.79080955e+00 
 3.72250000e-09  1.79080955e+00 
 3.72350000e-09  1.79080955e+00 
 3.72450000e-09  1.79080955e+00 
 3.72550000e-09  1.79080955e+00 
 3.72650000e-09  1.79080955e+00 
 3.72750000e-09  1.79080955e+00 
 3.72850000e-09  1.79080955e+00 
 3.72950000e-09  1.79080955e+00 
 3.73050000e-09  1.79080955e+00 
 3.73150000e-09  1.79080955e+00 
 3.73250000e-09  1.79080955e+00 
 3.73350000e-09  1.79080955e+00 
 3.73450000e-09  1.79080955e+00 
 3.73550000e-09  1.79080955e+00 
 3.73650000e-09  1.79080955e+00 
 3.73750000e-09  1.79080955e+00 
 3.73850000e-09  1.79080955e+00 
 3.73950000e-09  1.79080955e+00 
 3.74050000e-09  1.79080955e+00 
 3.74150000e-09  1.79080955e+00 
 3.74250000e-09  1.79080955e+00 
 3.74350000e-09  1.79080955e+00 
 3.74450000e-09  1.79080955e+00 
 3.74550000e-09  1.79080955e+00 
 3.74650000e-09  1.79080955e+00 
 3.74750000e-09  1.79080955e+00 
 3.74850000e-09  1.79080955e+00 
 3.74950000e-09  1.79080955e+00 
 3.75050000e-09  1.79080955e+00 
 3.75150000e-09  1.79080955e+00 
 3.75250000e-09  1.79080955e+00 
 3.75350000e-09  1.79080955e+00 
 3.75450000e-09  1.79080955e+00 
 3.75550000e-09  1.79080955e+00 
 3.75650000e-09  1.79080955e+00 
 3.75750000e-09  1.79080955e+00 
 3.75850000e-09  1.79080955e+00 
 3.75950000e-09  1.79080955e+00 
 3.76050000e-09  1.79080955e+00 
 3.76150000e-09  1.79080955e+00 
 3.76250000e-09  1.79080955e+00 
 3.76350000e-09  1.79080955e+00 
 3.76450000e-09  1.79080955e+00 
 3.76550000e-09  1.79080955e+00 
 3.76650000e-09  1.79080955e+00 
 3.76750000e-09  1.79080955e+00 
 3.76850000e-09  1.79080955e+00 
 3.76950000e-09  1.79080955e+00 
 3.77050000e-09  1.79080955e+00 
 3.77150000e-09  1.79080955e+00 
 3.77250000e-09  1.79080955e+00 
 3.77350000e-09  1.79080955e+00 
 3.77450000e-09  1.79080955e+00 
 3.77550000e-09  1.79080955e+00 
 3.77650000e-09  1.79080955e+00 
 3.77750000e-09  1.79080955e+00 
 3.77850000e-09  1.79080955e+00 
 3.77950000e-09  1.79080955e+00 
 3.78050000e-09  1.79080955e+00 
 3.78150000e-09  1.79080955e+00 
 3.78250000e-09  1.79080955e+00 
 3.78350000e-09  1.79080955e+00 
 3.78450000e-09  1.79080955e+00 
 3.78550000e-09  1.79080955e+00 
 3.78650000e-09  1.79080955e+00 
 3.78750000e-09  1.79080955e+00 
 3.78850000e-09  1.79080955e+00 
 3.78950000e-09  1.79080955e+00 
 3.79050000e-09  1.79080955e+00 
 3.79150000e-09  1.79080955e+00 
 3.79250000e-09  1.79080955e+00 
 3.79350000e-09  1.79080955e+00 
 3.79450000e-09  1.79080955e+00 
 3.79550000e-09  1.79080955e+00 
 3.79650000e-09  1.79080955e+00 
 3.79750000e-09  1.79080955e+00 
 3.79850000e-09  1.79080955e+00 
 3.79950000e-09  1.79080955e+00 
 3.80050000e-09  1.79080955e+00 
 3.80150000e-09  1.79080955e+00 
 3.80250000e-09  1.79080955e+00 
 3.80350000e-09  1.79080955e+00 
 3.80450000e-09  1.79080955e+00 
 3.80550000e-09  1.79080955e+00 
 3.80650000e-09  1.79080955e+00 
 3.80750000e-09  1.79080955e+00 
 3.80850000e-09  1.79080955e+00 
 3.80950000e-09  1.79080955e+00 
 3.81050000e-09  1.79080955e+00 
 3.81150000e-09  1.79080955e+00 
 3.81250000e-09  1.79080955e+00 
 3.81350000e-09  1.79080955e+00 
 3.81450000e-09  1.79080955e+00 
 3.81550000e-09  1.79080955e+00 
 3.81650000e-09  1.79080955e+00 
 3.81750000e-09  1.79080955e+00 
 3.81850000e-09  1.79080955e+00 
 3.81950000e-09  1.79080955e+00 
 3.82050000e-09  1.79080955e+00 
 3.82150000e-09  1.79080955e+00 
 3.82250000e-09  1.79080955e+00 
 3.82350000e-09  1.79080955e+00 
 3.82450000e-09  1.79080955e+00 
 3.82550000e-09  1.79080955e+00 
 3.82650000e-09  1.79080955e+00 
 3.82750000e-09  1.79080955e+00 
 3.82850000e-09  1.79080955e+00 
 3.82950000e-09  1.79080955e+00 
 3.83050000e-09  1.79080955e+00 
 3.83150000e-09  1.79080955e+00 
 3.83250000e-09  1.79080955e+00 
 3.83350000e-09  1.79080955e+00 
 3.83450000e-09  1.79080955e+00 
 3.83550000e-09  1.79080955e+00 
 3.83650000e-09  1.79080955e+00 
 3.83750000e-09  1.79080955e+00 
 3.83850000e-09  1.79080955e+00 
 3.83950000e-09  1.79080955e+00 
 3.84050000e-09  1.79080955e+00 
 3.84150000e-09  1.79080955e+00 
 3.84250000e-09  1.79080955e+00 
 3.84350000e-09  1.79080955e+00 
 3.84450000e-09  1.79080955e+00 
 3.84550000e-09  1.79080955e+00 
 3.84650000e-09  1.79080955e+00 
 3.84750000e-09  1.79080955e+00 
 3.84850000e-09  1.79080955e+00 
 3.84950000e-09  1.79080955e+00 
 3.85050000e-09  1.79080955e+00 
 3.85150000e-09  1.79080955e+00 
 3.85250000e-09  1.79080955e+00 
 3.85350000e-09  1.79080955e+00 
 3.85450000e-09  1.79080955e+00 
 3.85550000e-09  1.79080955e+00 
 3.85650000e-09  1.79080955e+00 
 3.85750000e-09  1.79080955e+00 
 3.85850000e-09  1.79080955e+00 
 3.85950000e-09  1.79080955e+00 
 3.86050000e-09  1.79080955e+00 
 3.86150000e-09  1.79080955e+00 
 3.86250000e-09  1.79080955e+00 
 3.86350000e-09  1.79080955e+00 
 3.86450000e-09  1.79080955e+00 
 3.86550000e-09  1.79080955e+00 
 3.86650000e-09  1.79080955e+00 
 3.86750000e-09  1.79080955e+00 
 3.86850000e-09  1.79080955e+00 
 3.86950000e-09  1.79080955e+00 
 3.87050000e-09  1.79080955e+00 
 3.87150000e-09  1.79080955e+00 
 3.87250000e-09  1.79080955e+00 
 3.87350000e-09  1.79080955e+00 
 3.87450000e-09  1.79080955e+00 
 3.87550000e-09  1.79080955e+00 
 3.87650000e-09  1.79080955e+00 
 3.87750000e-09  1.79080955e+00 
 3.87850000e-09  1.79080955e+00 
 3.87950000e-09  1.79080955e+00 
 3.88050000e-09  1.79080955e+00 
 3.88150000e-09  1.79080955e+00 
 3.88250000e-09  1.79080955e+00 
 3.88350000e-09  1.79080955e+00 
 3.88450000e-09  1.79080955e+00 
 3.88550000e-09  1.79080955e+00 
 3.88650000e-09  1.79080955e+00 
 3.88750000e-09  1.79080955e+00 
 3.88850000e-09  1.79080955e+00 
 3.88950000e-09  1.79080955e+00 
 3.89050000e-09  1.79080955e+00 
 3.89150000e-09  1.79080955e+00 
 3.89250000e-09  1.79080955e+00 
 3.89350000e-09  1.79080955e+00 
 3.89450000e-09  1.79080955e+00 
 3.89550000e-09  1.79080955e+00 
 3.89650000e-09  1.79080955e+00 
 3.89750000e-09  1.79080955e+00 
 3.89850000e-09  1.79080955e+00 
 3.89950000e-09  1.79080955e+00 
 3.90050000e-09  1.79080955e+00 
 3.90150000e-09  1.79080955e+00 
 3.90250000e-09  1.79080955e+00 
 3.90350000e-09  1.79080955e+00 
 3.90450000e-09  1.79080955e+00 
 3.90550000e-09  1.79080955e+00 
 3.90650000e-09  1.79080955e+00 
 3.90750000e-09  1.79080955e+00 
 3.90850000e-09  1.79080955e+00 
 3.90950000e-09  1.79080955e+00 
 3.91050000e-09  1.79080955e+00 
 3.91150000e-09  1.79080955e+00 
 3.91250000e-09  1.79080955e+00 
 3.91350000e-09  1.79080955e+00 
 3.91450000e-09  1.79080955e+00 
 3.91550000e-09  1.79080955e+00 
 3.91650000e-09  1.79080955e+00 
 3.91750000e-09  1.79080955e+00 
 3.91850000e-09  1.79080955e+00 
 3.91950000e-09  1.79080955e+00 
 3.92050000e-09  1.79080955e+00 
 3.92150000e-09  1.79080955e+00 
 3.92250000e-09  1.79080955e+00 
 3.92350000e-09  1.79080955e+00 
 3.92450000e-09  1.79080955e+00 
 3.92550000e-09  1.79080955e+00 
 3.92650000e-09  1.79080955e+00 
 3.92750000e-09  1.79080955e+00 
 3.92850000e-09  1.79080955e+00 
 3.92950000e-09  1.79080955e+00 
 3.93050000e-09  1.79080955e+00 
 3.93150000e-09  1.79080955e+00 
 3.93250000e-09  1.79080955e+00 
 3.93350000e-09  1.79080955e+00 
 3.93450000e-09  1.79080955e+00 
 3.93550000e-09  1.79080955e+00 
 3.93650000e-09  1.79080955e+00 
 3.93750000e-09  1.79080955e+00 
 3.93850000e-09  1.79080955e+00 
 3.93950000e-09  1.79080955e+00 
 3.94050000e-09  1.79080955e+00 
 3.94150000e-09  1.79080955e+00 
 3.94250000e-09  1.79080955e+00 
 3.94350000e-09  1.79080955e+00 
 3.94450000e-09  1.79080955e+00 
 3.94550000e-09  1.79080955e+00 
 3.94650000e-09  1.79080955e+00 
 3.94750000e-09  1.79080955e+00 
 3.94850000e-09  1.79080955e+00 
 3.94950000e-09  1.79080955e+00 
 3.95050000e-09  1.79080955e+00 
 3.95150000e-09  1.79080955e+00 
 3.95250000e-09  1.79080955e+00 
 3.95350000e-09  1.79080955e+00 
 3.95450000e-09  1.79080955e+00 
 3.95550000e-09  1.79080955e+00 
 3.95650000e-09  1.79080955e+00 
 3.95750000e-09  1.79080955e+00 
 3.95850000e-09  1.79080955e+00 
 3.95950000e-09  1.79080955e+00 
 3.96050000e-09  1.79080955e+00 
 3.96150000e-09  1.79080955e+00 
 3.96250000e-09  1.79080955e+00 
 3.96350000e-09  1.79080955e+00 
 3.96450000e-09  1.79080955e+00 
 3.96550000e-09  1.79080955e+00 
 3.96650000e-09  1.79080955e+00 
 3.96750000e-09  1.79080955e+00 
 3.96850000e-09  1.79080955e+00 
 3.96950000e-09  1.79080955e+00 
 3.97050000e-09  1.79080955e+00 
 3.97150000e-09  1.79080955e+00 
 3.97250000e-09  1.79080955e+00 
 3.97350000e-09  1.79080955e+00 
 3.97450000e-09  1.79080955e+00 
 3.97550000e-09  1.79080955e+00 
 3.97650000e-09  1.79080955e+00 
 3.97750000e-09  1.79080955e+00 
 3.97850000e-09  1.79080955e+00 
 3.97950000e-09  1.79080955e+00 
 3.98050000e-09  1.79080955e+00 
 3.98150000e-09  1.79080955e+00 
 3.98250000e-09  1.79080955e+00 
 3.98350000e-09  1.79080955e+00 
 3.98450000e-09  1.79080955e+00 
 3.98550000e-09  1.79080955e+00 
 3.98650000e-09  1.79080955e+00 
 3.98750000e-09  1.79080955e+00 
 3.98850000e-09  1.79080955e+00 
 3.98950000e-09  1.79080955e+00 
 3.99050000e-09  1.79080955e+00 
 3.99150000e-09  1.79080955e+00 
 3.99250000e-09  1.79080955e+00 
 3.99350000e-09  1.79080955e+00 
 3.99450000e-09  1.79080955e+00 
 3.99550000e-09  1.79080955e+00 
 3.99650000e-09  1.79080955e+00 
 3.99750000e-09  1.79080955e+00 
 3.99850000e-09  1.79080955e+00 
 3.99950000e-09  1.79080955e+00 
 4.00050000e-09  1.79080955e+00 
 4.00150000e-09  1.79080955e+00 
 4.00250000e-09  1.79080955e+00 
 4.00350000e-09  1.79080955e+00 
 4.00450000e-09  1.79080955e+00 
 4.00550000e-09  1.79080955e+00 
 4.00650000e-09  1.79080955e+00 
 4.00750000e-09  1.79080955e+00 
 4.00850000e-09  1.79080955e+00 
 4.00950000e-09  1.79080955e+00 
 4.01050000e-09  1.79080955e+00 
 4.01150000e-09  1.79080955e+00 
 4.01250000e-09  1.79080955e+00 
 4.01350000e-09  1.79080955e+00 
 4.01450000e-09  1.79080955e+00 
 4.01550000e-09  1.79080955e+00 
 4.01650000e-09  1.79080955e+00 
 4.01750000e-09  1.79080955e+00 
 4.01850000e-09  1.79080955e+00 
 4.01950000e-09  1.79080955e+00 
 4.02050000e-09  1.79080955e+00 
 4.02150000e-09  1.79080955e+00 
 4.02250000e-09  1.79080955e+00 
 4.02350000e-09  1.79080955e+00 
 4.02450000e-09  1.79080955e+00 
 4.02550000e-09  1.79080955e+00 
 4.02650000e-09  1.79080955e+00 
 4.02750000e-09  1.79080955e+00 
 4.02850000e-09  1.79080955e+00 
 4.02950000e-09  1.79080955e+00 
 4.03050000e-09  1.79080955e+00 
 4.03150000e-09  1.79080955e+00 
 4.03250000e-09  1.79080955e+00 
 4.03350000e-09  1.79080955e+00 
 4.03450000e-09  1.79080955e+00 
 4.03550000e-09  1.79080955e+00 
 4.03650000e-09  1.79080955e+00 
 4.03750000e-09  1.79080955e+00 
 4.03850000e-09  1.79080955e+00 
 4.03950000e-09  1.79080955e+00 
 4.04050000e-09  1.79080955e+00 
 4.04150000e-09  1.79080955e+00 
 4.04250000e-09  1.79080955e+00 
 4.04350000e-09  1.79080955e+00 
 4.04450000e-09  1.79080955e+00 
 4.04550000e-09  1.79080955e+00 
 4.04650000e-09  1.79080955e+00 
 4.04750000e-09  1.79080955e+00 
 4.04850000e-09  1.79080955e+00 
 4.04950000e-09  1.79080955e+00 
 4.05050000e-09  1.79080955e+00 
 4.05150000e-09  1.79080955e+00 
 4.05250000e-09  1.79080955e+00 
 4.05350000e-09  1.79080955e+00 
 4.05450000e-09  1.79080955e+00 
 4.05550000e-09  1.79080955e+00 
 4.05650000e-09  1.79080955e+00 
 4.05750000e-09  1.79080955e+00 
 4.05850000e-09  1.79080955e+00 
 4.05950000e-09  1.79080955e+00 
 4.06050000e-09  1.79080955e+00 
 4.06150000e-09  1.79080955e+00 
 4.06250000e-09  1.79080955e+00 
 4.06350000e-09  1.79080955e+00 
 4.06450000e-09  1.79080955e+00 
 4.06550000e-09  1.79080955e+00 
 4.06650000e-09  1.79080955e+00 
 4.06750000e-09  1.79080955e+00 
 4.06850000e-09  1.79080955e+00 
 4.06950000e-09  1.79080955e+00 
 4.07050000e-09  1.79080955e+00 
 4.07150000e-09  1.79080955e+00 
 4.07250000e-09  1.79080955e+00 
 4.07350000e-09  1.79080955e+00 
 4.07450000e-09  1.79080955e+00 
 4.07550000e-09  1.79080955e+00 
 4.07650000e-09  1.79080955e+00 
 4.07750000e-09  1.79080955e+00 
 4.07850000e-09  1.79080955e+00 
 4.07950000e-09  1.79080955e+00 
 4.08050000e-09  1.79080955e+00 
 4.08150000e-09  1.79080955e+00 
 4.08250000e-09  1.79080955e+00 
 4.08350000e-09  1.79080955e+00 
 4.08450000e-09  1.79080955e+00 
 4.08550000e-09  1.79080955e+00 
 4.08650000e-09  1.79080955e+00 
 4.08750000e-09  1.79080955e+00 
 4.08850000e-09  1.79080955e+00 
 4.08950000e-09  1.79080955e+00 
 4.09050000e-09  1.79080955e+00 
 4.09150000e-09  1.79080955e+00 
 4.09250000e-09  1.79080955e+00 
 4.09350000e-09  1.79080955e+00 
 4.09450000e-09  1.79080955e+00 
 4.09550000e-09  1.79080955e+00 
 4.09650000e-09  1.79080955e+00 
 4.09750000e-09  1.79080955e+00 
 4.09850000e-09  1.79080955e+00 
 4.09950000e-09  1.79080955e+00 
 4.10050000e-09  1.79080955e+00 
 4.10150000e-09  1.79080955e+00 
 4.10250000e-09  1.79080955e+00 
 4.10350000e-09  1.79080955e+00 
 4.10450000e-09  1.79080955e+00 
 4.10550000e-09  1.79080955e+00 
 4.10650000e-09  1.79080955e+00 
 4.10750000e-09  1.79080955e+00 
 4.10850000e-09  1.79080955e+00 
 4.10950000e-09  1.79080955e+00 
 4.11050000e-09  1.79080955e+00 
 4.11150000e-09  1.79080955e+00 
 4.11250000e-09  1.79080955e+00 
 4.11350000e-09  1.79080955e+00 
 4.11450000e-09  1.79080955e+00 
 4.11550000e-09  1.79080955e+00 
 4.11650000e-09  1.79080955e+00 
 4.11750000e-09  1.79080955e+00 
 4.11850000e-09  1.79080955e+00 
 4.11950000e-09  1.79080955e+00 
 4.12050000e-09  1.79080955e+00 
 4.12150000e-09  1.79080955e+00 
 4.12250000e-09  1.79080955e+00 
 4.12350000e-09  1.79080955e+00 
 4.12450000e-09  1.79080955e+00 
 4.12550000e-09  1.79080955e+00 
 4.12650000e-09  1.79080955e+00 
 4.12750000e-09  1.79080955e+00 
 4.12850000e-09  1.79080955e+00 
 4.12950000e-09  1.79080955e+00 
 4.13050000e-09  1.79080955e+00 
 4.13150000e-09  1.79080955e+00 
 4.13250000e-09  1.79080955e+00 
 4.13350000e-09  1.79080955e+00 
 4.13450000e-09  1.79080955e+00 
 4.13550000e-09  1.79080955e+00 
 4.13650000e-09  1.79080955e+00 
 4.13750000e-09  1.79080955e+00 
 4.13850000e-09  1.79080955e+00 
 4.13950000e-09  1.79080955e+00 
 4.14050000e-09  1.79080955e+00 
 4.14150000e-09  1.79080955e+00 
 4.14250000e-09  1.79080955e+00 
 4.14350000e-09  1.79080955e+00 
 4.14450000e-09  1.79080955e+00 
 4.14550000e-09  1.79080955e+00 
 4.14650000e-09  1.79080955e+00 
 4.14750000e-09  1.79080955e+00 
 4.14850000e-09  1.79080955e+00 
 4.14950000e-09  1.79080955e+00 
 4.15050000e-09  1.79080955e+00 
 4.15150000e-09  1.79080955e+00 
 4.15250000e-09  1.79080955e+00 
 4.15350000e-09  1.79080955e+00 
 4.15450000e-09  1.79080955e+00 
 4.15550000e-09  1.79080955e+00 
 4.15650000e-09  1.79080955e+00 
 4.15750000e-09  1.79080955e+00 
 4.15850000e-09  1.79080955e+00 
 4.15950000e-09  1.79080955e+00 
 4.16050000e-09  1.79080955e+00 
 4.16150000e-09  1.79080955e+00 
 4.16250000e-09  1.79080955e+00 
 4.16350000e-09  1.79080955e+00 
 4.16450000e-09  1.79080955e+00 
 4.16550000e-09  1.79080955e+00 
 4.16650000e-09  1.79080955e+00 
 4.16750000e-09  1.79080955e+00 
 4.16850000e-09  1.79080955e+00 
 4.16950000e-09  1.79080955e+00 
 4.17050000e-09  1.79080955e+00 
 4.17150000e-09  1.79080955e+00 
 4.17250000e-09  1.79080955e+00 
 4.17350000e-09  1.79080955e+00 
 4.17450000e-09  1.79080955e+00 
 4.17550000e-09  1.79080955e+00 
 4.17650000e-09  1.79080955e+00 
 4.17750000e-09  1.79080955e+00 
 4.17850000e-09  1.79080955e+00 
 4.17950000e-09  1.79080955e+00 
 4.18050000e-09  1.79080955e+00 
 4.18150000e-09  1.79080955e+00 
 4.18250000e-09  1.79080955e+00 
 4.18350000e-09  1.79080955e+00 
 4.18450000e-09  1.79080955e+00 
 4.18550000e-09  1.79080955e+00 
 4.18650000e-09  1.79080955e+00 
 4.18750000e-09  1.79080955e+00 
 4.18850000e-09  1.79080955e+00 
 4.18950000e-09  1.79080955e+00 
 4.19050000e-09  1.79080955e+00 
 4.19150000e-09  1.79080955e+00 
 4.19250000e-09  1.79080955e+00 
 4.19350000e-09  1.79080955e+00 
 4.19450000e-09  1.79080955e+00 
 4.19550000e-09  1.79080955e+00 
 4.19650000e-09  1.79080955e+00 
 4.19750000e-09  1.79080955e+00 
 4.19850000e-09  1.79080955e+00 
 4.19950000e-09  1.79080955e+00 
 4.20050000e-09  1.79080955e+00 
 4.20150000e-09  1.79080955e+00 
 4.20250000e-09  1.79080955e+00 
 4.20350000e-09  1.79080955e+00 
 4.20450000e-09  1.79080955e+00 
 4.20550000e-09  1.79080955e+00 
 4.20650000e-09  1.79080955e+00 
 4.20750000e-09  1.79080955e+00 
 4.20850000e-09  1.79080955e+00 
 4.20950000e-09  1.79080955e+00 
 4.21050000e-09  1.79080955e+00 
 4.21150000e-09  1.79080955e+00 
 4.21250000e-09  1.79080955e+00 
 4.21350000e-09  1.79080955e+00 
 4.21450000e-09  1.79080955e+00 
 4.21550000e-09  1.79080955e+00 
 4.21650000e-09  1.79080955e+00 
 4.21750000e-09  1.79080955e+00 
 4.21850000e-09  1.79080955e+00 
 4.21950000e-09  1.79080955e+00 
 4.22050000e-09  1.79080955e+00 
 4.22150000e-09  1.79080955e+00 
 4.22250000e-09  1.79080955e+00 
 4.22350000e-09  1.79080955e+00 
 4.22450000e-09  1.79080955e+00 
 4.22550000e-09  1.79080955e+00 
 4.22650000e-09  1.79080955e+00 
 4.22750000e-09  1.79080955e+00 
 4.22850000e-09  1.79080955e+00 
 4.22950000e-09  1.79080955e+00 
 4.23050000e-09  1.79080955e+00 
 4.23150000e-09  1.79080955e+00 
 4.23250000e-09  1.79080955e+00 
 4.23350000e-09  1.79080955e+00 
 4.23450000e-09  1.79080955e+00 
 4.23550000e-09  1.79080955e+00 
 4.23650000e-09  1.79080955e+00 
 4.23750000e-09  1.79080955e+00 
 4.23850000e-09  1.79080955e+00 
 4.23950000e-09  1.79080955e+00 
 4.24050000e-09  1.79080955e+00 
 4.24150000e-09  1.79080955e+00 
 4.24250000e-09  1.79080955e+00 
 4.24350000e-09  1.79080955e+00 
 4.24450000e-09  1.79080955e+00 
 4.24550000e-09  1.79080955e+00 
 4.24650000e-09  1.79080955e+00 
 4.24750000e-09  1.79080955e+00 
 4.24850000e-09  1.79080955e+00 
 4.24950000e-09  1.79080955e+00 
 4.25050000e-09  1.79080955e+00 
 4.25150000e-09  1.79080955e+00 
 4.25250000e-09  1.79080955e+00 
 4.25350000e-09  1.79080955e+00 
 4.25450000e-09  1.79080955e+00 
 4.25550000e-09  1.79080955e+00 
 4.25650000e-09  1.79080955e+00 
 4.25750000e-09  1.79080955e+00 
 4.25850000e-09  1.79080955e+00 
 4.25950000e-09  1.79080955e+00 
 4.26050000e-09  1.79080955e+00 
 4.26150000e-09  1.79080955e+00 
 4.26250000e-09  1.79080955e+00 
 4.26350000e-09  1.79080955e+00 
 4.26450000e-09  1.79080955e+00 
 4.26550000e-09  1.79080955e+00 
 4.26650000e-09  1.79080955e+00 
 4.26750000e-09  1.79080955e+00 
 4.26850000e-09  1.79080955e+00 
 4.26950000e-09  1.79080955e+00 
 4.27050000e-09  1.79080955e+00 
 4.27150000e-09  1.79080955e+00 
 4.27250000e-09  1.79080955e+00 
 4.27350000e-09  1.79080955e+00 
 4.27450000e-09  1.79080955e+00 
 4.27550000e-09  1.79080955e+00 
 4.27650000e-09  1.79080955e+00 
 4.27750000e-09  1.79080955e+00 
 4.27850000e-09  1.79080955e+00 
 4.27950000e-09  1.79080955e+00 
 4.28050000e-09  1.79080955e+00 
 4.28150000e-09  1.79080955e+00 
 4.28250000e-09  1.79080955e+00 
 4.28350000e-09  1.79080955e+00 
 4.28450000e-09  1.79080955e+00 
 4.28550000e-09  1.79080955e+00 
 4.28650000e-09  1.79080955e+00 
 4.28750000e-09  1.79080955e+00 
 4.28850000e-09  1.79080955e+00 
 4.28950000e-09  1.79080955e+00 
 4.29050000e-09  1.79080955e+00 
 4.29150000e-09  1.79080955e+00 
 4.29250000e-09  1.79080955e+00 
 4.29350000e-09  1.79080955e+00 
 4.29450000e-09  1.79080955e+00 
 4.29550000e-09  1.79080955e+00 
 4.29650000e-09  1.79080955e+00 
 4.29750000e-09  1.79080955e+00 
 4.29850000e-09  1.79080955e+00 
 4.29950000e-09  1.79080955e+00 
 4.30050000e-09  1.79080955e+00 
 4.30150000e-09  1.79080955e+00 
 4.30250000e-09  1.79080955e+00 
 4.30350000e-09  1.79080955e+00 
 4.30450000e-09  1.79080955e+00 
 4.30550000e-09  1.79080955e+00 
 4.30650000e-09  1.79080955e+00 
 4.30750000e-09  1.79080955e+00 
 4.30850000e-09  1.79080955e+00 
 4.30950000e-09  1.79080955e+00 
 4.31050000e-09  1.79080955e+00 
 4.31150000e-09  1.79080955e+00 
 4.31250000e-09  1.79080955e+00 
 4.31350000e-09  1.79080955e+00 
 4.31450000e-09  1.79080955e+00 
 4.31550000e-09  1.79080955e+00 
 4.31650000e-09  1.79080955e+00 
 4.31750000e-09  1.79080955e+00 
 4.31850000e-09  1.79080955e+00 
 4.31950000e-09  1.79080955e+00 
 4.32050000e-09  1.79080955e+00 
 4.32150000e-09  1.79080955e+00 
 4.32250000e-09  1.79080955e+00 
 4.32350000e-09  1.79080955e+00 
 4.32450000e-09  1.79080955e+00 
 4.32550000e-09  1.79080955e+00 
 4.32650000e-09  1.79080955e+00 
 4.32750000e-09  1.79080955e+00 
 4.32850000e-09  1.79080955e+00 
 4.32950000e-09  1.79080955e+00 
 4.33050000e-09  1.79080955e+00 
 4.33150000e-09  1.79080955e+00 
 4.33250000e-09  1.79080955e+00 
 4.33350000e-09  1.79080955e+00 
 4.33450000e-09  1.79080955e+00 
 4.33550000e-09  1.79080955e+00 
 4.33650000e-09  1.79080955e+00 
 4.33750000e-09  1.79080955e+00 
 4.33850000e-09  1.79080955e+00 
 4.33950000e-09  1.79080955e+00 
 4.34050000e-09  1.79080955e+00 
 4.34150000e-09  1.79080955e+00 
 4.34250000e-09  1.79080955e+00 
 4.34350000e-09  1.79080955e+00 
 4.34450000e-09  1.79080955e+00 
 4.34550000e-09  1.79080955e+00 
 4.34650000e-09  1.79080955e+00 
 4.34750000e-09  1.79080955e+00 
 4.34850000e-09  1.79080955e+00 
 4.34950000e-09  1.79080955e+00 
 4.35050000e-09  1.79080955e+00 
 4.35150000e-09  1.79080955e+00 
 4.35250000e-09  1.79080955e+00 
 4.35350000e-09  1.79080955e+00 
 4.35450000e-09  1.79080955e+00 
 4.35550000e-09  1.79080955e+00 
 4.35650000e-09  1.79080955e+00 
 4.35750000e-09  1.79080955e+00 
 4.35850000e-09  1.79080955e+00 
 4.35950000e-09  1.79080955e+00 
 4.36050000e-09  1.79080955e+00 
 4.36150000e-09  1.79080955e+00 
 4.36250000e-09  1.79080955e+00 
 4.36350000e-09  1.79080955e+00 
 4.36450000e-09  1.79080955e+00 
 4.36550000e-09  1.79080955e+00 
 4.36650000e-09  1.79080955e+00 
 4.36750000e-09  1.79080955e+00 
 4.36850000e-09  1.79080955e+00 
 4.36950000e-09  1.79080955e+00 
 4.37050000e-09  1.79080955e+00 
 4.37150000e-09  1.79080955e+00 
 4.37250000e-09  1.79080955e+00 
 4.37350000e-09  1.79080955e+00 
 4.37450000e-09  1.79080955e+00 
 4.37550000e-09  1.79080955e+00 
 4.37650000e-09  1.79080955e+00 
 4.37750000e-09  1.79080955e+00 
 4.37850000e-09  1.79080955e+00 
 4.37950000e-09  1.79080955e+00 
 4.38050000e-09  1.79080955e+00 
 4.38150000e-09  1.79080955e+00 
 4.38250000e-09  1.79080955e+00 
 4.38350000e-09  1.79080955e+00 
 4.38450000e-09  1.79080955e+00 
 4.38550000e-09  1.79080955e+00 
 4.38650000e-09  1.79080955e+00 
 4.38750000e-09  1.79080955e+00 
 4.38850000e-09  1.79080955e+00 
 4.38950000e-09  1.79080955e+00 
 4.39050000e-09  1.79080955e+00 
 4.39150000e-09  1.79080955e+00 
 4.39250000e-09  1.79080955e+00 
 4.39350000e-09  1.79080955e+00 
 4.39450000e-09  1.79080955e+00 
 4.39550000e-09  1.79080955e+00 
 4.39650000e-09  1.79080955e+00 
 4.39750000e-09  1.79080955e+00 
 4.39850000e-09  1.79080955e+00 
 4.39950000e-09  1.79080955e+00 
 4.40050000e-09  1.79080955e+00 
 4.40150000e-09  1.79080955e+00 
 4.40250000e-09  1.79080955e+00 
 4.40350000e-09  1.79080955e+00 
 4.40450000e-09  1.79080955e+00 
 4.40550000e-09  1.79080955e+00 
 4.40650000e-09  1.79080955e+00 
 4.40750000e-09  1.79080955e+00 
 4.40850000e-09  1.79080955e+00 
 4.40950000e-09  1.79080955e+00 
 4.41050000e-09  1.79080955e+00 
 4.41150000e-09  1.79080955e+00 
 4.41250000e-09  1.79080955e+00 
 4.41350000e-09  1.79080955e+00 
 4.41450000e-09  1.79080955e+00 
 4.41550000e-09  1.79080955e+00 
 4.41650000e-09  1.79080955e+00 
 4.41750000e-09  1.79080955e+00 
 4.41850000e-09  1.79080955e+00 
 4.41950000e-09  1.79080955e+00 
 4.42050000e-09  1.79080955e+00 
 4.42150000e-09  1.79080955e+00 
 4.42250000e-09  1.79080955e+00 
 4.42350000e-09  1.79080955e+00 
 4.42450000e-09  1.79080955e+00 
 4.42550000e-09  1.79080955e+00 
 4.42650000e-09  1.79080955e+00 
 4.42750000e-09  1.79080955e+00 
 4.42850000e-09  1.79080955e+00 
 4.42950000e-09  1.79080955e+00 
 4.43050000e-09  1.79080955e+00 
 4.43150000e-09  1.79080955e+00 
 4.43250000e-09  1.79080955e+00 
 4.43350000e-09  1.79080955e+00 
 4.43450000e-09  1.79080955e+00 
 4.43550000e-09  1.79080955e+00 
 4.43650000e-09  1.79080955e+00 
 4.43750000e-09  1.79080955e+00 
 4.43850000e-09  1.79080955e+00 
 4.43950000e-09  1.79080955e+00 
 4.44050000e-09  1.79080955e+00 
 4.44150000e-09  1.79080955e+00 
 4.44250000e-09  1.79080955e+00 
 4.44350000e-09  1.79080955e+00 
 4.44450000e-09  1.79080955e+00 
 4.44550000e-09  1.79080955e+00 
 4.44650000e-09  1.79080955e+00 
 4.44750000e-09  1.79080955e+00 
 4.44850000e-09  1.79080955e+00 
 4.44950000e-09  1.79080955e+00 
 4.45050000e-09  1.79080955e+00 
 4.45150000e-09  1.79080955e+00 
 4.45250000e-09  1.79080955e+00 
 4.45350000e-09  1.79080955e+00 
 4.45450000e-09  1.79080955e+00 
 4.45550000e-09  1.79080955e+00 
 4.45650000e-09  1.79080955e+00 
 4.45750000e-09  1.79080955e+00 
 4.45850000e-09  1.79080955e+00 
 4.45950000e-09  1.79080955e+00 
 4.46050000e-09  1.79080955e+00 
 4.46150000e-09  1.79080955e+00 
 4.46250000e-09  1.79080955e+00 
 4.46350000e-09  1.79080955e+00 
 4.46450000e-09  1.79080955e+00 
 4.46550000e-09  1.79080955e+00 
 4.46650000e-09  1.79080955e+00 
 4.46750000e-09  1.79080955e+00 
 4.46850000e-09  1.79080955e+00 
 4.46950000e-09  1.79080955e+00 
 4.47050000e-09  1.79080955e+00 
 4.47150000e-09  1.79080955e+00 
 4.47250000e-09  1.79080955e+00 
 4.47350000e-09  1.79080955e+00 
 4.47450000e-09  1.79080955e+00 
 4.47550000e-09  1.79080955e+00 
 4.47650000e-09  1.79080955e+00 
 4.47750000e-09  1.79080955e+00 
 4.47850000e-09  1.79080955e+00 
 4.47950000e-09  1.79080955e+00 
 4.48050000e-09  1.79080955e+00 
 4.48150000e-09  1.79080955e+00 
 4.48250000e-09  1.79080955e+00 
 4.48350000e-09  1.79080955e+00 
 4.48450000e-09  1.79080955e+00 
 4.48550000e-09  1.79080955e+00 
 4.48650000e-09  1.79080955e+00 
 4.48750000e-09  1.79080955e+00 
 4.48850000e-09  1.79080955e+00 
 4.48950000e-09  1.79080955e+00 
 4.49050000e-09  1.79080955e+00 
 4.49150000e-09  1.79080955e+00 
 4.49250000e-09  1.79080955e+00 
 4.49350000e-09  1.79080955e+00 
 4.49450000e-09  1.79080955e+00 
 4.49550000e-09  1.79080955e+00 
 4.49650000e-09  1.79080955e+00 
 4.49750000e-09  1.79080955e+00 
 4.49850000e-09  1.79080955e+00 
 4.49950000e-09  1.79080955e+00 
 4.50050000e-09  1.79080955e+00 
 4.50150000e-09  1.79080955e+00 
 4.50250000e-09  1.79080955e+00 
 4.50350000e-09  1.79080955e+00 
 4.50450000e-09  1.79080955e+00 
 4.50550000e-09  1.79080955e+00 
 4.50650000e-09  1.79080955e+00 
 4.50750000e-09  1.79080955e+00 
 4.50850000e-09  1.79080955e+00 
 4.50950000e-09  1.79080955e+00 
 4.51050000e-09  1.79080955e+00 
 4.51150000e-09  1.79080955e+00 
 4.51250000e-09  1.79080955e+00 
 4.51350000e-09  1.79080955e+00 
 4.51450000e-09  1.79080955e+00 
 4.51550000e-09  1.79080955e+00 
 4.51650000e-09  1.79080955e+00 
 4.51750000e-09  1.79080955e+00 
 4.51850000e-09  1.79080955e+00 
 4.51950000e-09  1.79080955e+00 
 4.52050000e-09  1.79080955e+00 
 4.52150000e-09  1.79080955e+00 
 4.52250000e-09  1.79080955e+00 
 4.52350000e-09  1.79080955e+00 
 4.52450000e-09  1.79080955e+00 
 4.52550000e-09  1.79080955e+00 
 4.52650000e-09  1.79080955e+00 
 4.52750000e-09  1.79080955e+00 
 4.52850000e-09  1.79080955e+00 
 4.52950000e-09  1.79080955e+00 
 4.53050000e-09  1.79080955e+00 
 4.53150000e-09  1.79080955e+00 
 4.53250000e-09  1.79080955e+00 
 4.53350000e-09  1.79080955e+00 
 4.53450000e-09  1.79080955e+00 
 4.53550000e-09  1.79080955e+00 
 4.53650000e-09  1.79080955e+00 
 4.53750000e-09  1.79080955e+00 
 4.53850000e-09  1.79080955e+00 
 4.53950000e-09  1.79080955e+00 
 4.54050000e-09  1.79080955e+00 
 4.54150000e-09  1.79080955e+00 
 4.54250000e-09  1.79080955e+00 
 4.54350000e-09  1.79080955e+00 
 4.54450000e-09  1.79080955e+00 
 4.54550000e-09  1.79080955e+00 
 4.54650000e-09  1.79080955e+00 
 4.54750000e-09  1.79080955e+00 
 4.54850000e-09  1.79080955e+00 
 4.54950000e-09  1.79080955e+00 
 4.55050000e-09  1.79080955e+00 
 4.55150000e-09  1.79080955e+00 
 4.55250000e-09  1.79080955e+00 
 4.55350000e-09  1.79080955e+00 
 4.55450000e-09  1.79080955e+00 
 4.55550000e-09  1.79080955e+00 
 4.55650000e-09  1.79080955e+00 
 4.55750000e-09  1.79080955e+00 
 4.55850000e-09  1.79080955e+00 
 4.55950000e-09  1.79080955e+00 
 4.56050000e-09  1.79080955e+00 
 4.56150000e-09  1.79080955e+00 
 4.56250000e-09  1.79080955e+00 
 4.56350000e-09  1.79080955e+00 
 4.56450000e-09  1.79080955e+00 
 4.56550000e-09  1.79080955e+00 
 4.56650000e-09  1.79080955e+00 
 4.56750000e-09  1.79080955e+00 
 4.56850000e-09  1.79080955e+00 
 4.56950000e-09  1.79080955e+00 
 4.57050000e-09  1.79080955e+00 
 4.57150000e-09  1.79080955e+00 
 4.57250000e-09  1.79080955e+00 
 4.57350000e-09  1.79080955e+00 
 4.57450000e-09  1.79080955e+00 
 4.57550000e-09  1.79080955e+00 
 4.57650000e-09  1.79080955e+00 
 4.57750000e-09  1.79080955e+00 
 4.57850000e-09  1.79080955e+00 
 4.57950000e-09  1.79080955e+00 
 4.58050000e-09  1.79080955e+00 
 4.58150000e-09  1.79080955e+00 
 4.58250000e-09  1.79080955e+00 
 4.58350000e-09  1.79080955e+00 
 4.58450000e-09  1.79080955e+00 
 4.58550000e-09  1.79080955e+00 
 4.58650000e-09  1.79080955e+00 
 4.58750000e-09  1.79080955e+00 
 4.58850000e-09  1.79080955e+00 
 4.58950000e-09  1.79080955e+00 
 4.59050000e-09  1.79080955e+00 
 4.59150000e-09  1.79080955e+00 
 4.59250000e-09  1.79080955e+00 
 4.59350000e-09  1.79080955e+00 
 4.59450000e-09  1.79080955e+00 
 4.59550000e-09  1.79080955e+00 
 4.59650000e-09  1.79080955e+00 
 4.59750000e-09  1.79080955e+00 
 4.59850000e-09  1.79080955e+00 
 4.59950000e-09  1.79080955e+00 
 4.60050000e-09  1.79080955e+00 
 4.60150000e-09  1.79080955e+00 
 4.60250000e-09  1.79080955e+00 
 4.60350000e-09  1.79080955e+00 
 4.60450000e-09  1.79080955e+00 
 4.60550000e-09  1.79080955e+00 
 4.60650000e-09  1.79080955e+00 
 4.60750000e-09  1.79080955e+00 
 4.60850000e-09  1.79080955e+00 
 4.60950000e-09  1.79080955e+00 
 4.61050000e-09  1.79080955e+00 
 4.61150000e-09  1.79080955e+00 
 4.61250000e-09  1.79080955e+00 
 4.61350000e-09  1.79080955e+00 
 4.61450000e-09  1.79080955e+00 
 4.61550000e-09  1.79080955e+00 
 4.61650000e-09  1.79080955e+00 
 4.61750000e-09  1.79080955e+00 
 4.61850000e-09  1.79080955e+00 
 4.61950000e-09  1.79080955e+00 
 4.62050000e-09  1.79080955e+00 
 4.62150000e-09  1.79080955e+00 
 4.62250000e-09  1.79080955e+00 
 4.62350000e-09  1.79080955e+00 
 4.62450000e-09  1.79080955e+00 
 4.62550000e-09  1.79080955e+00 
 4.62650000e-09  1.79080955e+00 
 4.62750000e-09  1.79080955e+00 
 4.62850000e-09  1.79080955e+00 
 4.62950000e-09  1.79080955e+00 
 4.63050000e-09  1.79080955e+00 
 4.63150000e-09  1.79080955e+00 
 4.63250000e-09  1.79080955e+00 
 4.63350000e-09  1.79080955e+00 
 4.63450000e-09  1.79080955e+00 
 4.63550000e-09  1.79080955e+00 
 4.63650000e-09  1.79080955e+00 
 4.63750000e-09  1.79080955e+00 
 4.63850000e-09  1.79080955e+00 
 4.63950000e-09  1.79080955e+00 
 4.64050000e-09  1.79080955e+00 
 4.64150000e-09  1.79080955e+00 
 4.64250000e-09  1.79080955e+00 
 4.64350000e-09  1.79080955e+00 
 4.64450000e-09  1.79080955e+00 
 4.64550000e-09  1.79080955e+00 
 4.64650000e-09  1.79080955e+00 
 4.64750000e-09  1.79080955e+00 
 4.64850000e-09  1.79080955e+00 
 4.64950000e-09  1.79080955e+00 
 4.65050000e-09  1.79080955e+00 
 4.65150000e-09  1.79080955e+00 
 4.65250000e-09  1.79080955e+00 
 4.65350000e-09  1.79080955e+00 
 4.65450000e-09  1.79080955e+00 
 4.65550000e-09  1.79080955e+00 
 4.65650000e-09  1.79080955e+00 
 4.65750000e-09  1.79080955e+00 
 4.65850000e-09  1.79080955e+00 
 4.65950000e-09  1.79080955e+00 
 4.66050000e-09  1.79080955e+00 
 4.66150000e-09  1.79080955e+00 
 4.66250000e-09  1.79080955e+00 
 4.66350000e-09  1.79080955e+00 
 4.66450000e-09  1.79080955e+00 
 4.66550000e-09  1.79080955e+00 
 4.66650000e-09  1.79080955e+00 
 4.66750000e-09  1.79080955e+00 
 4.66850000e-09  1.79080955e+00 
 4.66950000e-09  1.79080955e+00 
 4.67050000e-09  1.79080955e+00 
 4.67150000e-09  1.79080955e+00 
 4.67250000e-09  1.79080955e+00 
 4.67350000e-09  1.79080955e+00 
 4.67450000e-09  1.79080955e+00 
 4.67550000e-09  1.79080955e+00 
 4.67650000e-09  1.79080955e+00 
 4.67750000e-09  1.79080955e+00 
 4.67850000e-09  1.79080955e+00 
 4.67950000e-09  1.79080955e+00 
 4.68050000e-09  1.79080955e+00 
 4.68150000e-09  1.79080955e+00 
 4.68250000e-09  1.79080955e+00 
 4.68350000e-09  1.79080955e+00 
 4.68450000e-09  1.79080955e+00 
 4.68550000e-09  1.79080955e+00 
 4.68650000e-09  1.79080955e+00 
 4.68750000e-09  1.79080955e+00 
 4.68850000e-09  1.79080955e+00 
 4.68950000e-09  1.79080955e+00 
 4.69050000e-09  1.79080955e+00 
 4.69150000e-09  1.79080955e+00 
 4.69250000e-09  1.79080955e+00 
 4.69350000e-09  1.79080955e+00 
 4.69450000e-09  1.79080955e+00 
 4.69550000e-09  1.79080955e+00 
 4.69650000e-09  1.79080955e+00 
 4.69750000e-09  1.79080955e+00 
 4.69850000e-09  1.79080955e+00 
 4.69950000e-09  1.79080955e+00 
 4.70050000e-09  1.79080955e+00 
 4.70150000e-09  1.79080955e+00 
 4.70250000e-09  1.79080955e+00 
 4.70350000e-09  1.79080955e+00 
 4.70450000e-09  1.79080955e+00 
 4.70550000e-09  1.79080955e+00 
 4.70650000e-09  1.79080955e+00 
 4.70750000e-09  1.79080955e+00 
 4.70850000e-09  1.79080955e+00 
 4.70950000e-09  1.79080955e+00 
 4.71050000e-09  1.79080955e+00 
 4.71150000e-09  1.79080955e+00 
 4.71250000e-09  1.79080955e+00 
 4.71350000e-09  1.79080955e+00 
 4.71450000e-09  1.79080955e+00 
 4.71550000e-09  1.79080955e+00 
 4.71650000e-09  1.79080955e+00 
 4.71750000e-09  1.79080955e+00 
 4.71850000e-09  1.79080955e+00 
 4.71950000e-09  1.79080955e+00 
 4.72050000e-09  1.79080955e+00 
 4.72150000e-09  1.79080955e+00 
 4.72250000e-09  1.79080955e+00 
 4.72350000e-09  1.79080955e+00 
 4.72450000e-09  1.79080955e+00 
 4.72550000e-09  1.79080955e+00 
 4.72650000e-09  1.79080955e+00 
 4.72750000e-09  1.79080955e+00 
 4.72850000e-09  1.79080955e+00 
 4.72950000e-09  1.79080955e+00 
 4.73050000e-09  1.79080955e+00 
 4.73150000e-09  1.79080955e+00 
 4.73250000e-09  1.79080955e+00 
 4.73350000e-09  1.79080955e+00 
 4.73450000e-09  1.79080955e+00 
 4.73550000e-09  1.79080955e+00 
 4.73650000e-09  1.79080955e+00 
 4.73750000e-09  1.79080955e+00 
 4.73850000e-09  1.79080955e+00 
 4.73950000e-09  1.79080955e+00 
 4.74050000e-09  1.79080955e+00 
 4.74150000e-09  1.79080955e+00 
 4.74250000e-09  1.79080955e+00 
 4.74350000e-09  1.79080955e+00 
 4.74450000e-09  1.79080955e+00 
 4.74550000e-09  1.79080955e+00 
 4.74650000e-09  1.79080955e+00 
 4.74750000e-09  1.79080955e+00 
 4.74850000e-09  1.79080955e+00 
 4.74950000e-09  1.79080955e+00 
 4.75050000e-09  1.79080955e+00 
 4.75150000e-09  1.79080955e+00 
 4.75250000e-09  1.79080955e+00 
 4.75350000e-09  1.79080955e+00 
 4.75450000e-09  1.79080955e+00 
 4.75550000e-09  1.79080955e+00 
 4.75650000e-09  1.79080955e+00 
 4.75750000e-09  1.79080955e+00 
 4.75850000e-09  1.79080955e+00 
 4.75950000e-09  1.79080955e+00 
 4.76050000e-09  1.79080955e+00 
 4.76150000e-09  1.79080955e+00 
 4.76250000e-09  1.79080955e+00 
 4.76350000e-09  1.79080955e+00 
 4.76450000e-09  1.79080955e+00 
 4.76550000e-09  1.79080955e+00 
 4.76650000e-09  1.79080955e+00 
 4.76750000e-09  1.79080955e+00 
 4.76850000e-09  1.79080955e+00 
 4.76950000e-09  1.79080955e+00 
 4.77050000e-09  1.79080955e+00 
 4.77150000e-09  1.79080955e+00 
 4.77250000e-09  1.79080955e+00 
 4.77350000e-09  1.79080955e+00 
 4.77450000e-09  1.79080955e+00 
 4.77550000e-09  1.79080955e+00 
 4.77650000e-09  1.79080955e+00 
 4.77750000e-09  1.79080955e+00 
 4.77850000e-09  1.79080955e+00 
 4.77950000e-09  1.79080955e+00 
 4.78050000e-09  1.79080955e+00 
 4.78150000e-09  1.79080955e+00 
 4.78250000e-09  1.79080955e+00 
 4.78350000e-09  1.79080955e+00 
 4.78450000e-09  1.79080955e+00 
 4.78550000e-09  1.79080955e+00 
 4.78650000e-09  1.79080955e+00 
 4.78750000e-09  1.79080955e+00 
 4.78850000e-09  1.79080955e+00 
 4.78950000e-09  1.79080955e+00 
 4.79050000e-09  1.79080955e+00 
 4.79150000e-09  1.79080955e+00 
 4.79250000e-09  1.79080955e+00 
 4.79350000e-09  1.79080955e+00 
 4.79450000e-09  1.79080955e+00 
 4.79550000e-09  1.79080955e+00 
 4.79650000e-09  1.79080955e+00 
 4.79750000e-09  1.79080955e+00 
 4.79850000e-09  1.79080955e+00 
 4.79950000e-09  1.79080955e+00 
 4.80050000e-09  1.79080955e+00 
 4.80150000e-09  1.79080955e+00 
 4.80250000e-09  1.79080955e+00 
 4.80350000e-09  1.79080955e+00 
 4.80450000e-09  1.79080955e+00 
 4.80550000e-09  1.79080955e+00 
 4.80650000e-09  1.79080955e+00 
 4.80750000e-09  1.79080955e+00 
 4.80850000e-09  1.79080955e+00 
 4.80950000e-09  1.79080955e+00 
 4.81050000e-09  1.79080955e+00 
 4.81150000e-09  1.79080955e+00 
 4.81250000e-09  1.79080955e+00 
 4.81350000e-09  1.79080955e+00 
 4.81450000e-09  1.79080955e+00 
 4.81550000e-09  1.79080955e+00 
 4.81650000e-09  1.79080955e+00 
 4.81750000e-09  1.79080955e+00 
 4.81850000e-09  1.79080955e+00 
 4.81950000e-09  1.79080955e+00 
 4.82050000e-09  1.79080955e+00 
 4.82150000e-09  1.79080955e+00 
 4.82250000e-09  1.79080955e+00 
 4.82350000e-09  1.79080955e+00 
 4.82450000e-09  1.79080955e+00 
 4.82550000e-09  1.79080955e+00 
 4.82650000e-09  1.79080955e+00 
 4.82750000e-09  1.79080955e+00 
 4.82850000e-09  1.79080955e+00 
 4.82950000e-09  1.79080955e+00 
 4.83050000e-09  1.79080955e+00 
 4.83150000e-09  1.79080955e+00 
 4.83250000e-09  1.79080955e+00 
 4.83350000e-09  1.79080955e+00 
 4.83450000e-09  1.79080955e+00 
 4.83550000e-09  1.79080955e+00 
 4.83650000e-09  1.79080955e+00 
 4.83750000e-09  1.79080955e+00 
 4.83850000e-09  1.79080955e+00 
 4.83950000e-09  1.79080955e+00 
 4.84050000e-09  1.79080955e+00 
 4.84150000e-09  1.79080955e+00 
 4.84250000e-09  1.79080955e+00 
 4.84350000e-09  1.79080955e+00 
 4.84450000e-09  1.79080955e+00 
 4.84550000e-09  1.79080955e+00 
 4.84650000e-09  1.79080955e+00 
 4.84750000e-09  1.79080955e+00 
 4.84850000e-09  1.79080955e+00 
 4.84950000e-09  1.79080955e+00 
 4.85050000e-09  1.79080955e+00 
 4.85150000e-09  1.79080955e+00 
 4.85250000e-09  1.79080955e+00 
 4.85350000e-09  1.79080955e+00 
 4.85450000e-09  1.79080955e+00 
 4.85550000e-09  1.79080955e+00 
 4.85650000e-09  1.79080955e+00 
 4.85750000e-09  1.79080955e+00 
 4.85850000e-09  1.79080955e+00 
 4.85950000e-09  1.79080955e+00 
 4.86050000e-09  1.79080955e+00 
 4.86150000e-09  1.79080955e+00 
 4.86250000e-09  1.79080955e+00 
 4.86350000e-09  1.79080955e+00 
 4.86450000e-09  1.79080955e+00 
 4.86550000e-09  1.79080955e+00 
 4.86650000e-09  1.79080955e+00 
 4.86750000e-09  1.79080955e+00 
 4.86850000e-09  1.79080955e+00 
 4.86950000e-09  1.79080955e+00 
 4.87050000e-09  1.79080955e+00 
 4.87150000e-09  1.79080955e+00 
 4.87250000e-09  1.79080955e+00 
 4.87350000e-09  1.79080955e+00 
 4.87450000e-09  1.79080955e+00 
 4.87550000e-09  1.79080955e+00 
 4.87650000e-09  1.79080955e+00 
 4.87750000e-09  1.79080955e+00 
 4.87850000e-09  1.79080955e+00 
 4.87950000e-09  1.79080955e+00 
 4.88050000e-09  1.79080955e+00 
 4.88150000e-09  1.79080955e+00 
 4.88250000e-09  1.79080955e+00 
 4.88350000e-09  1.79080955e+00 
 4.88450000e-09  1.79080955e+00 
 4.88550000e-09  1.79080955e+00 
 4.88650000e-09  1.79080955e+00 
 4.88750000e-09  1.79080955e+00 
 4.88850000e-09  1.79080955e+00 
 4.88950000e-09  1.79080955e+00 
 4.89050000e-09  1.79080955e+00 
 4.89150000e-09  1.79080955e+00 
 4.89250000e-09  1.79080955e+00 
 4.89350000e-09  1.79080955e+00 
 4.89450000e-09  1.79080955e+00 
 4.89550000e-09  1.79080955e+00 
 4.89650000e-09  1.79080955e+00 
 4.89750000e-09  1.79080955e+00 
 4.89850000e-09  1.79080955e+00 
 4.89950000e-09  1.79080955e+00 
 4.90050000e-09  1.79080955e+00 
 4.90150000e-09  1.79080955e+00 
 4.90250000e-09  1.79080955e+00 
 4.90350000e-09  1.79080955e+00 
 4.90450000e-09  1.79080955e+00 
 4.90550000e-09  1.79080955e+00 
 4.90650000e-09  1.79080955e+00 
 4.90750000e-09  1.79080955e+00 
 4.90850000e-09  1.79080955e+00 
 4.90950000e-09  1.79080955e+00 
 4.91050000e-09  1.79080955e+00 
 4.91150000e-09  1.79080955e+00 
 4.91250000e-09  1.79080955e+00 
 4.91350000e-09  1.79080955e+00 
 4.91450000e-09  1.79080955e+00 
 4.91550000e-09  1.79080955e+00 
 4.91650000e-09  1.79080955e+00 
 4.91750000e-09  1.79080955e+00 
 4.91850000e-09  1.79080955e+00 
 4.91950000e-09  1.79080955e+00 
 4.92050000e-09  1.79080955e+00 
 4.92150000e-09  1.79080955e+00 
 4.92250000e-09  1.79080955e+00 
 4.92350000e-09  1.79080955e+00 
 4.92450000e-09  1.79080955e+00 
 4.92550000e-09  1.79080955e+00 
 4.92650000e-09  1.79080955e+00 
 4.92750000e-09  1.79080955e+00 
 4.92850000e-09  1.79080955e+00 
 4.92950000e-09  1.79080955e+00 
 4.93050000e-09  1.79080955e+00 
 4.93150000e-09  1.79080955e+00 
 4.93250000e-09  1.79080955e+00 
 4.93350000e-09  1.79080955e+00 
 4.93450000e-09  1.79080955e+00 
 4.93550000e-09  1.79080955e+00 
 4.93650000e-09  1.79080955e+00 
 4.93750000e-09  1.79080955e+00 
 4.93850000e-09  1.79080955e+00 
 4.93950000e-09  1.79080955e+00 
 4.94050000e-09  1.79080955e+00 
 4.94150000e-09  1.79080955e+00 
 4.94250000e-09  1.79080955e+00 
 4.94350000e-09  1.79080955e+00 
 4.94450000e-09  1.79080955e+00 
 4.94550000e-09  1.79080955e+00 
 4.94650000e-09  1.79080955e+00 
 4.94750000e-09  1.79080955e+00 
 4.94850000e-09  1.79080955e+00 
 4.94950000e-09  1.79080955e+00 
 4.95050000e-09  1.79080955e+00 
 4.95150000e-09  1.79080955e+00 
 4.95250000e-09  1.79080955e+00 
 4.95350000e-09  1.79080955e+00 
 4.95450000e-09  1.79080955e+00 
 4.95550000e-09  1.79080955e+00 
 4.95650000e-09  1.79080955e+00 
 4.95750000e-09  1.79080955e+00 
 4.95850000e-09  1.79080955e+00 
 4.95950000e-09  1.79080955e+00 
 4.96050000e-09  1.79080955e+00 
 4.96150000e-09  1.79080955e+00 
 4.96250000e-09  1.79080955e+00 
 4.96350000e-09  1.79080955e+00 
 4.96450000e-09  1.79080955e+00 
 4.96550000e-09  1.79080955e+00 
 4.96650000e-09  1.79080955e+00 
 4.96750000e-09  1.79080955e+00 
 4.96850000e-09  1.79080955e+00 
 4.96950000e-09  1.79080955e+00 
 4.97050000e-09  1.79080955e+00 
 4.97150000e-09  1.79080955e+00 
 4.97250000e-09  1.79080955e+00 
 4.97350000e-09  1.79080955e+00 
 4.97450000e-09  1.79080955e+00 
 4.97550000e-09  1.79080955e+00 
 4.97650000e-09  1.79080955e+00 
 4.97750000e-09  1.79080955e+00 
 4.97850000e-09  1.79080955e+00 
 4.97950000e-09  1.79080955e+00 
 4.98050000e-09  1.79080955e+00 
 4.98150000e-09  1.79080955e+00 
 4.98250000e-09  1.79080955e+00 
 4.98350000e-09  1.79080955e+00 
 4.98450000e-09  1.79080955e+00 
 4.98550000e-09  1.79080955e+00 
 4.98650000e-09  1.79080955e+00 
 4.98750000e-09  1.79080955e+00 
 4.98850000e-09  1.79080955e+00 
 4.98950000e-09  1.79080955e+00 
 4.99050000e-09  1.79080955e+00 
 4.99150000e-09  1.79080955e+00 
 4.99250000e-09  1.79080955e+00 
 4.99350000e-09  1.79080955e+00 
 4.99450000e-09  1.79080955e+00 
 4.99550000e-09  1.79080955e+00 
 4.99650000e-09  1.79080955e+00 
 4.99750000e-09  1.79080955e+00 
 4.99850000e-09  1.79080955e+00 
 4.99950000e-09  1.79080955e+00 
 5.00050000e-09  1.79080955e+00 
 5.00150000e-09  1.79080955e+00 
 5.00250000e-09  1.79080955e+00 
 5.00350000e-09  1.79080955e+00 
 5.00450000e-09  1.79080955e+00 
 5.00550000e-09  1.79080955e+00 
 5.00650000e-09  1.79080955e+00 
 5.00750000e-09  1.79080955e+00 
 5.00850000e-09  1.79080955e+00 
 5.00950000e-09  1.79080955e+00 
 5.01050000e-09  1.79080955e+00 
 5.01150000e-09  1.79080955e+00 
 5.01250000e-09  1.79080955e+00 
 5.01350000e-09  1.79080955e+00 
 5.01450000e-09  1.79080955e+00 
 5.01550000e-09  1.79080955e+00 
 5.01650000e-09  1.79080955e+00 
 5.01750000e-09  1.79080955e+00 
 5.01850000e-09  1.79080955e+00 
 5.01950000e-09  1.79080955e+00 
 5.02050000e-09  1.79080955e+00 
 5.02150000e-09  1.79080955e+00 
 5.02250000e-09  1.79080955e+00 
 5.02350000e-09  1.79080955e+00 
 5.02450000e-09  1.79080955e+00 
 5.02550000e-09  1.79080955e+00 
 5.02650000e-09  1.79080955e+00 
 5.02750000e-09  1.79080955e+00 
 5.02850000e-09  1.79080955e+00 
 5.02950000e-09  1.79080955e+00 
 5.03050000e-09  1.79080955e+00 
 5.03150000e-09  1.79080955e+00 
 5.03250000e-09  1.79080955e+00 
 5.03350000e-09  1.79080955e+00 
 5.03450000e-09  1.79080955e+00 
 5.03550000e-09  1.79080955e+00 
 5.03650000e-09  1.79080955e+00 
 5.03750000e-09  1.79080955e+00 
 5.03850000e-09  1.79080955e+00 
 5.03950000e-09  1.79080955e+00 
 5.04050000e-09  1.79080955e+00 
 5.04150000e-09  1.79080955e+00 
 5.04250000e-09  1.79080955e+00 
 5.04350000e-09  1.79080955e+00 
 5.04450000e-09  1.79080955e+00 
 5.04550000e-09  1.79080955e+00 
 5.04650000e-09  1.79080955e+00 
 5.04750000e-09  1.79080955e+00 
 5.04850000e-09  1.79080955e+00 
 5.04950000e-09  1.79080955e+00 
 5.05050000e-09  1.79080955e+00 
 5.05150000e-09  1.79080955e+00 
 5.05250000e-09  1.79080955e+00 
 5.05350000e-09  1.79080955e+00 
 5.05450000e-09  1.79080955e+00 
 5.05550000e-09  1.79080955e+00 
 5.05650000e-09  1.79080955e+00 
 5.05750000e-09  1.79080955e+00 
 5.05850000e-09  1.79080955e+00 
 5.05950000e-09  1.79080955e+00 
 5.06050000e-09  1.79080955e+00 
 5.06150000e-09  1.79080955e+00 
 5.06250000e-09  1.79080955e+00 
 5.06350000e-09  1.79080955e+00 
 5.06450000e-09  1.79080955e+00 
 5.06550000e-09  1.79080955e+00 
 5.06650000e-09  1.79080955e+00 
 5.06750000e-09  1.79080955e+00 
 5.06850000e-09  1.79080955e+00 
 5.06950000e-09  1.79080955e+00 
 5.07050000e-09  1.79080955e+00 
 5.07150000e-09  1.79080955e+00 
 5.07250000e-09  1.79080955e+00 
 5.07350000e-09  1.79080955e+00 
 5.07450000e-09  1.79080955e+00 
 5.07550000e-09  1.79080955e+00 
 5.07650000e-09  1.79080955e+00 
 5.07750000e-09  1.79080955e+00 
 5.07850000e-09  1.79080955e+00 
 5.07950000e-09  1.79080955e+00 
 5.08050000e-09  1.79080955e+00 
 5.08150000e-09  1.79080955e+00 
 5.08250000e-09  1.79080955e+00 
 5.08350000e-09  1.79080955e+00 
 5.08450000e-09  1.79080955e+00 
 5.08550000e-09  1.79080955e+00 
 5.08650000e-09  1.79080955e+00 
 5.08750000e-09  1.79080955e+00 
 5.08850000e-09  1.79080955e+00 
 5.08950000e-09  1.79080955e+00 
 5.09050000e-09  1.79080955e+00 
 5.09150000e-09  1.79080955e+00 
 5.09250000e-09  1.79080955e+00 
 5.09350000e-09  1.79080955e+00 
 5.09450000e-09  1.79080955e+00 
 5.09550000e-09  1.79080955e+00 
 5.09650000e-09  1.79080955e+00 
 5.09750000e-09  1.79080955e+00 
 5.09850000e-09  1.79080955e+00 
 5.09950000e-09  1.79080955e+00 
 5.10050000e-09  1.79080955e+00 
 5.10150000e-09  1.79080955e+00 
 5.10250000e-09  1.79080955e+00 
 5.10350000e-09  1.79080955e+00 
 5.10450000e-09  1.79080955e+00 
 5.10550000e-09  1.79080955e+00 
 5.10650000e-09  1.79080955e+00 
 5.10750000e-09  1.79080955e+00 
 5.10850000e-09  1.79080955e+00 
 5.10950000e-09  1.79080955e+00 
 5.11050000e-09  1.79080955e+00 
 5.11150000e-09  1.79080955e+00 
 5.11250000e-09  1.79080955e+00 
 5.11350000e-09  1.79080955e+00 
 5.11450000e-09  1.79080955e+00 
 5.11550000e-09  1.79080955e+00 
 5.11650000e-09  1.79080955e+00 
 5.11750000e-09  1.79080955e+00 
 5.11850000e-09  1.79080955e+00 
 5.11950000e-09  1.79080955e+00 
 5.12050000e-09  1.79080955e+00 
 5.12150000e-09  1.79080955e+00 
 5.12250000e-09  1.79080955e+00 
 5.12350000e-09  1.79080955e+00 
 5.12450000e-09  1.79080955e+00 
 5.12550000e-09  1.79080955e+00 
 5.12650000e-09  1.79080955e+00 
 5.12750000e-09  1.79080955e+00 
 5.12850000e-09  1.79080955e+00 
 5.12950000e-09  1.79080955e+00 
 5.13050000e-09  1.79080955e+00 
 5.13150000e-09  1.79080955e+00 
 5.13250000e-09  1.79080955e+00 
 5.13350000e-09  1.79080955e+00 
 5.13450000e-09  1.79080955e+00 
 5.13550000e-09  1.79080955e+00 
 5.13650000e-09  1.79080955e+00 
 5.13750000e-09  1.79080955e+00 
 5.13850000e-09  1.79080955e+00 
 5.13950000e-09  1.79080955e+00 
 5.14050000e-09  1.79080955e+00 
 5.14150000e-09  1.79080955e+00 
 5.14250000e-09  1.79080955e+00 
 5.14350000e-09  1.79080955e+00 
 5.14450000e-09  1.79080955e+00 
 5.14550000e-09  1.79080955e+00 
 5.14650000e-09  1.79080955e+00 
 5.14750000e-09  1.79080955e+00 
 5.14850000e-09  1.79080955e+00 
 5.14950000e-09  1.79080955e+00 
 5.15050000e-09  1.79080955e+00 
 5.15150000e-09  1.79080955e+00 
 5.15250000e-09  1.79080955e+00 
 5.15350000e-09  1.79080955e+00 
 5.15450000e-09  1.79080955e+00 
 5.15550000e-09  1.79080955e+00 
 5.15650000e-09  1.79080955e+00 
 5.15750000e-09  1.79080955e+00 
 5.15850000e-09  1.79080955e+00 
 5.15950000e-09  1.79080955e+00 
 5.16050000e-09  1.79080955e+00 
 5.16150000e-09  1.79080955e+00 
 5.16250000e-09  1.79080955e+00 
 5.16350000e-09  1.79080955e+00 
 5.16450000e-09  1.79080955e+00 
 5.16550000e-09  1.79080955e+00 
 5.16650000e-09  1.79080955e+00 
 5.16750000e-09  1.79080955e+00 
 5.16850000e-09  1.79080955e+00 
 5.16950000e-09  1.79080955e+00 
 5.17050000e-09  1.79080955e+00 
 5.17150000e-09  1.79080955e+00 
 5.17250000e-09  1.79080955e+00 
 5.17350000e-09  1.79080955e+00 
 5.17450000e-09  1.79080955e+00 
 5.17550000e-09  1.79080955e+00 
 5.17650000e-09  1.79080955e+00 
 5.17750000e-09  1.79080955e+00 
 5.17850000e-09  1.79080955e+00 
 5.17950000e-09  1.79080955e+00 
 5.18050000e-09  1.79080955e+00 
 5.18150000e-09  1.79080955e+00 
 5.18250000e-09  1.79080955e+00 
 5.18350000e-09  1.79080955e+00 
 5.18450000e-09  1.79080955e+00 
 5.18550000e-09  1.79080955e+00 
 5.18650000e-09  1.79080955e+00 
 5.18750000e-09  1.79080955e+00 
 5.18850000e-09  1.79080955e+00 
 5.18950000e-09  1.79080955e+00 
 5.19050000e-09  1.79080955e+00 
 5.19150000e-09  1.79080955e+00 
 5.19250000e-09  1.79080955e+00 
 5.19350000e-09  1.79080955e+00 
 5.19450000e-09  1.79080955e+00 
 5.19550000e-09  1.79080955e+00 
 5.19650000e-09  1.79080955e+00 
 5.19750000e-09  1.79080955e+00 
 5.19850000e-09  1.79080955e+00 
 5.19950000e-09  1.79080955e+00 
 5.20050000e-09  1.79080955e+00 
 5.20150000e-09  1.79080955e+00 
 5.20250000e-09  1.79080955e+00 
 5.20350000e-09  1.79080955e+00 
 5.20450000e-09  1.79080955e+00 
 5.20550000e-09  1.79080955e+00 
 5.20650000e-09  1.79080955e+00 
 5.20750000e-09  1.79080955e+00 
 5.20850000e-09  1.79080955e+00 
 5.20950000e-09  1.79080955e+00 
 5.21050000e-09  1.79080955e+00 
 5.21150000e-09  1.79080955e+00 
 5.21250000e-09  1.79080955e+00 
 5.21350000e-09  1.79080955e+00 
 5.21450000e-09  1.79080955e+00 
 5.21550000e-09  1.79080955e+00 
 5.21650000e-09  1.79080955e+00 
 5.21750000e-09  1.79080955e+00 
 5.21850000e-09  1.79080955e+00 
 5.21950000e-09  1.79080955e+00 
 5.22050000e-09  1.79080955e+00 
 5.22150000e-09  1.79080955e+00 
 5.22250000e-09  1.79080955e+00 
 5.22350000e-09  1.79080955e+00 
 5.22450000e-09  1.79080955e+00 
 5.22550000e-09  1.79080955e+00 
 5.22650000e-09  1.79080955e+00 
 5.22750000e-09  1.79080955e+00 
 5.22850000e-09  1.79080955e+00 
 5.22950000e-09  1.79080955e+00 
 5.23050000e-09  1.79080955e+00 
 5.23150000e-09  1.79080955e+00 
 5.23250000e-09  1.79080955e+00 
 5.23350000e-09  1.79080955e+00 
 5.23450000e-09  1.79080955e+00 
 5.23550000e-09  1.79080955e+00 
 5.23650000e-09  1.79080955e+00 
 5.23750000e-09  1.79080955e+00 
 5.23850000e-09  1.79080955e+00 
 5.23950000e-09  1.79080955e+00 
 5.24050000e-09  1.79080955e+00 
 5.24150000e-09  1.79080955e+00 
 5.24250000e-09  1.79080955e+00 
 5.24350000e-09  1.79080955e+00 
 5.24450000e-09  1.79080955e+00 
 5.24550000e-09  1.79080955e+00 
 5.24650000e-09  1.79080955e+00 
 5.24750000e-09  1.79080955e+00 
 5.24850000e-09  1.79080955e+00 
 5.24950000e-09  1.79080955e+00 
 5.25050000e-09  1.79080955e+00 
 5.25150000e-09  1.79080955e+00 
 5.25250000e-09  1.79080955e+00 
 5.25350000e-09  1.79080955e+00 
 5.25450000e-09  1.79080955e+00 
 5.25550000e-09  1.79080955e+00 
 5.25650000e-09  1.79080955e+00 
 5.25750000e-09  1.79080955e+00 
 5.25850000e-09  1.79080955e+00 
 5.25950000e-09  1.79080955e+00 
 5.26050000e-09  1.79080955e+00 
 5.26150000e-09  1.79080955e+00 
 5.26250000e-09  1.79080955e+00 
 5.26350000e-09  1.79080955e+00 
 5.26450000e-09  1.79080955e+00 
 5.26550000e-09  1.79080955e+00 
 5.26650000e-09  1.79080955e+00 
 5.26750000e-09  1.79080955e+00 
 5.26850000e-09  1.79080955e+00 
 5.26950000e-09  1.79080955e+00 
 5.27050000e-09  1.79080955e+00 
 5.27150000e-09  1.79080955e+00 
 5.27250000e-09  1.79080955e+00 
 5.27350000e-09  1.79080955e+00 
 5.27450000e-09  1.79080955e+00 
 5.27550000e-09  1.79080955e+00 
 5.27650000e-09  1.79080955e+00 
 5.27750000e-09  1.79080955e+00 
 5.27850000e-09  1.79080955e+00 
 5.27950000e-09  1.79080955e+00 
 5.28050000e-09  1.79080955e+00 
 5.28150000e-09  1.79080955e+00 
 5.28250000e-09  1.79080955e+00 
 5.28350000e-09  1.79080955e+00 
 5.28450000e-09  1.79080955e+00 
 5.28550000e-09  1.79080955e+00 
 5.28650000e-09  1.79080955e+00 
 5.28750000e-09  1.79080955e+00 
 5.28850000e-09  1.79080955e+00 
 5.28950000e-09  1.79080955e+00 
 5.29050000e-09  1.79080955e+00 
 5.29150000e-09  1.79080955e+00 
 5.29250000e-09  1.79080955e+00 
 5.29350000e-09  1.79080955e+00 
 5.29450000e-09  1.79080955e+00 
 5.29550000e-09  1.79080955e+00 
 5.29650000e-09  1.79080955e+00 
 5.29750000e-09  1.79080955e+00 
 5.29850000e-09  1.79080955e+00 
 5.29950000e-09  1.79080955e+00 
 5.30050000e-09  1.79080955e+00 
 5.30150000e-09  1.79080955e+00 
 5.30250000e-09  1.79080955e+00 
 5.30350000e-09  1.79080955e+00 
 5.30450000e-09  1.79080955e+00 
 5.30550000e-09  1.79080955e+00 
 5.30650000e-09  1.79080955e+00 
 5.30750000e-09  1.79080955e+00 
 5.30850000e-09  1.79080955e+00 
 5.30950000e-09  1.79080955e+00 
 5.31050000e-09  1.79080955e+00 
 5.31150000e-09  1.79080955e+00 
 5.31250000e-09  1.79080955e+00 
 5.31350000e-09  1.79080955e+00 
 5.31450000e-09  1.79080955e+00 
 5.31550000e-09  1.79080955e+00 
 5.31650000e-09  1.79080955e+00 
 5.31750000e-09  1.79080955e+00 
 5.31850000e-09  1.79080955e+00 
 5.31950000e-09  1.79080955e+00 
 5.32050000e-09  1.79080955e+00 
 5.32150000e-09  1.79080955e+00 
 5.32250000e-09  1.79080955e+00 
 5.32350000e-09  1.79080955e+00 
 5.32450000e-09  1.79080955e+00 
 5.32550000e-09  1.79080955e+00 
 5.32650000e-09  1.79080955e+00 
 5.32750000e-09  1.79080955e+00 
 5.32850000e-09  1.79080955e+00 
 5.32950000e-09  1.79080955e+00 
 5.33050000e-09  1.79080955e+00 
 5.33150000e-09  1.79080955e+00 
 5.33250000e-09  1.79080955e+00 
 5.33350000e-09  1.79080955e+00 
 5.33450000e-09  1.79080955e+00 
 5.33550000e-09  1.79080955e+00 
 5.33650000e-09  1.79080955e+00 
 5.33750000e-09  1.79080955e+00 
 5.33850000e-09  1.79080955e+00 
 5.33950000e-09  1.79080955e+00 
 5.34050000e-09  1.79080955e+00 
 5.34150000e-09  1.79080955e+00 
 5.34250000e-09  1.79080955e+00 
 5.34350000e-09  1.79080955e+00 
 5.34450000e-09  1.79080955e+00 
 5.34550000e-09  1.79080955e+00 
 5.34650000e-09  1.79080955e+00 
 5.34750000e-09  1.79080955e+00 
 5.34850000e-09  1.79080955e+00 
 5.34950000e-09  1.79080955e+00 
 5.35050000e-09  1.79080955e+00 
 5.35150000e-09  1.79080955e+00 
 5.35250000e-09  1.79080955e+00 
 5.35350000e-09  1.79080955e+00 
 5.35450000e-09  1.79080955e+00 
 5.35550000e-09  1.79080955e+00 
 5.35650000e-09  1.79080955e+00 
 5.35750000e-09  1.79080955e+00 
 5.35850000e-09  1.79080955e+00 
 5.35950000e-09  1.79080955e+00 
 5.36050000e-09  1.79080955e+00 
 5.36150000e-09  1.79080955e+00 
 5.36250000e-09  1.79080955e+00 
 5.36350000e-09  1.79080955e+00 
 5.36450000e-09  1.79080955e+00 
 5.36550000e-09  1.79080955e+00 
 5.36650000e-09  1.79080955e+00 
 5.36750000e-09  1.79080955e+00 
 5.36850000e-09  1.79080955e+00 
 5.36950000e-09  1.79080955e+00 
 5.37050000e-09  1.79080955e+00 
 5.37150000e-09  1.79080955e+00 
 5.37250000e-09  1.79080955e+00 
 5.37350000e-09  1.79080955e+00 
 5.37450000e-09  1.79080955e+00 
 5.37550000e-09  1.79080955e+00 
 5.37650000e-09  1.79080955e+00 
 5.37750000e-09  1.79080955e+00 
 5.37850000e-09  1.79080955e+00 
 5.37950000e-09  1.79080955e+00 
 5.38050000e-09  1.79080955e+00 
 5.38150000e-09  1.79080955e+00 
 5.38250000e-09  1.79080955e+00 
 5.38350000e-09  1.79080955e+00 
 5.38450000e-09  1.79080955e+00 
 5.38550000e-09  1.79080955e+00 
 5.38650000e-09  1.79080955e+00 
 5.38750000e-09  1.79080955e+00 
 5.38850000e-09  1.79080955e+00 
 5.38950000e-09  1.79080955e+00 
 5.39050000e-09  1.79080955e+00 
 5.39150000e-09  1.79080955e+00 
 5.39250000e-09  1.79080955e+00 
 5.39350000e-09  1.79080955e+00 
 5.39450000e-09  1.79080955e+00 
 5.39550000e-09  1.79080955e+00 
 5.39650000e-09  1.79080955e+00 
 5.39750000e-09  1.79080955e+00 
 5.39850000e-09  1.79080955e+00 
 5.39950000e-09  1.79080955e+00 
 5.40050000e-09  1.79080955e+00 
 5.40150000e-09  1.79080955e+00 
 5.40250000e-09  1.79080955e+00 
 5.40350000e-09  1.79080955e+00 
 5.40450000e-09  1.79080955e+00 
 5.40550000e-09  1.79080955e+00 
 5.40650000e-09  1.79080955e+00 
 5.40750000e-09  1.79080955e+00 
 5.40850000e-09  1.79080955e+00 
 5.40950000e-09  1.79080955e+00 
 5.41050000e-09  1.79080955e+00 
 5.41150000e-09  1.79080955e+00 
 5.41250000e-09  1.79080955e+00 
 5.41350000e-09  1.79080955e+00 
 5.41450000e-09  1.79080955e+00 
 5.41550000e-09  1.79080955e+00 
 5.41650000e-09  1.79080955e+00 
 5.41750000e-09  1.79080955e+00 
 5.41850000e-09  1.79080955e+00 
 5.41950000e-09  1.79080955e+00 
 5.42050000e-09  1.79080955e+00 
 5.42150000e-09  1.79080955e+00 
 5.42250000e-09  1.79080955e+00 
 5.42350000e-09  1.79080955e+00 
 5.42450000e-09  1.79080955e+00 
 5.42550000e-09  1.79080955e+00 
 5.42650000e-09  1.79080955e+00 
 5.42750000e-09  1.79080955e+00 
 5.42850000e-09  1.79080955e+00 
 5.42950000e-09  1.79080955e+00 
 5.43050000e-09  1.79080955e+00 
 5.43150000e-09  1.79080955e+00 
 5.43250000e-09  1.79080955e+00 
 5.43350000e-09  1.79080955e+00 
 5.43450000e-09  1.79080955e+00 
 5.43550000e-09  1.79080955e+00 
 5.43650000e-09  1.79080955e+00 
 5.43750000e-09  1.79080955e+00 
 5.43850000e-09  1.79080955e+00 
 5.43950000e-09  1.79080955e+00 
 5.44050000e-09  1.79080955e+00 
 5.44150000e-09  1.79080955e+00 
 5.44250000e-09  1.79080955e+00 
 5.44350000e-09  1.79080955e+00 
 5.44450000e-09  1.79080955e+00 
 5.44550000e-09  1.79080955e+00 
 5.44650000e-09  1.79080955e+00 
 5.44750000e-09  1.79080955e+00 
 5.44850000e-09  1.79080955e+00 
 5.44950000e-09  1.79080955e+00 
 5.45050000e-09  1.79080955e+00 
 5.45150000e-09  1.79080955e+00 
 5.45250000e-09  1.79080955e+00 
 5.45350000e-09  1.79080955e+00 
 5.45450000e-09  1.79080955e+00 
 5.45550000e-09  1.79080955e+00 
 5.45650000e-09  1.79080955e+00 
 5.45750000e-09  1.79080955e+00 
 5.45850000e-09  1.79080955e+00 
 5.45950000e-09  1.79080955e+00 
 5.46050000e-09  1.79080955e+00 
 5.46150000e-09  1.79080955e+00 
 5.46250000e-09  1.79080955e+00 
 5.46350000e-09  1.79080955e+00 
 5.46450000e-09  1.79080955e+00 
 5.46550000e-09  1.79080955e+00 
 5.46650000e-09  1.79080955e+00 
 5.46750000e-09  1.79080955e+00 
 5.46850000e-09  1.79080955e+00 
 5.46950000e-09  1.79080955e+00 
 5.47050000e-09  1.79080955e+00 
 5.47150000e-09  1.79080955e+00 
 5.47250000e-09  1.79080955e+00 
 5.47350000e-09  1.79080955e+00 
 5.47450000e-09  1.79080955e+00 
 5.47550000e-09  1.79080955e+00 
 5.47650000e-09  1.79080955e+00 
 5.47750000e-09  1.79080955e+00 
 5.47850000e-09  1.79080955e+00 
 5.47950000e-09  1.79080955e+00 
 5.48050000e-09  1.79080955e+00 
 5.48150000e-09  1.79080955e+00 
 5.48250000e-09  1.79080955e+00 
 5.48350000e-09  1.79080955e+00 
 5.48450000e-09  1.79080955e+00 
 5.48550000e-09  1.79080955e+00 
 5.48650000e-09  1.79080955e+00 
 5.48750000e-09  1.79080955e+00 
 5.48850000e-09  1.79080955e+00 
 5.48950000e-09  1.79080955e+00 
 5.49050000e-09  1.79080955e+00 
 5.49150000e-09  1.79080955e+00 
 5.49250000e-09  1.79080955e+00 
 5.49350000e-09  1.79080955e+00 
 5.49450000e-09  1.79080955e+00 
 5.49550000e-09  1.79080955e+00 
 5.49650000e-09  1.79080955e+00 
 5.49750000e-09  1.79080955e+00 
 5.49850000e-09  1.79080955e+00 
 5.49950000e-09  1.79080955e+00 
 5.50050000e-09  1.79080955e+00 
 5.50150000e-09  1.79080955e+00 
 5.50250000e-09  1.79080955e+00 
 5.50350000e-09  1.79080955e+00 
 5.50450000e-09  1.79080955e+00 
 5.50550000e-09  1.79080955e+00 
 5.50650000e-09  1.79080955e+00 
 5.50750000e-09  1.79080955e+00 
 5.50850000e-09  1.79080955e+00 
 5.50950000e-09  1.79080955e+00 
 5.51050000e-09  1.79080955e+00 
 5.51150000e-09  1.79080955e+00 
 5.51250000e-09  1.79080955e+00 
 5.51350000e-09  1.79080955e+00 
 5.51450000e-09  1.79080955e+00 
 5.51550000e-09  1.79080955e+00 
 5.51650000e-09  1.79080955e+00 
 5.51750000e-09  1.79080955e+00 
 5.51850000e-09  1.79080955e+00 
 5.51950000e-09  1.79080955e+00 
 5.52050000e-09  1.79080955e+00 
 5.52150000e-09  1.79080955e+00 
 5.52250000e-09  1.79080955e+00 
 5.52350000e-09  1.79080955e+00 
 5.52450000e-09  1.79080955e+00 
 5.52550000e-09  1.79080955e+00 
 5.52650000e-09  1.79080955e+00 
 5.52750000e-09  1.79080955e+00 
 5.52850000e-09  1.79080955e+00 
 5.52950000e-09  1.79080955e+00 
 5.53050000e-09  1.79080955e+00 
 5.53150000e-09  1.79080955e+00 
 5.53250000e-09  1.79080955e+00 
 5.53350000e-09  1.79080955e+00 
 5.53450000e-09  1.79080955e+00 
 5.53550000e-09  1.79080955e+00 
 5.53650000e-09  1.79080955e+00 
 5.53750000e-09  1.79080955e+00 
 5.53850000e-09  1.79080955e+00 
 5.53950000e-09  1.79080955e+00 
 5.54050000e-09  1.79080955e+00 
 5.54150000e-09  1.79080955e+00 
 5.54250000e-09  1.79080955e+00 
 5.54350000e-09  1.79080955e+00 
 5.54450000e-09  1.79080955e+00 
 5.54550000e-09  1.79080955e+00 
 5.54650000e-09  1.79080955e+00 
 5.54750000e-09  1.79080955e+00 
 5.54850000e-09  1.79080955e+00 
 5.54950000e-09  1.79080955e+00 
 5.55050000e-09  1.79080955e+00 
 5.55150000e-09  1.79080955e+00 
 5.55250000e-09  1.79080955e+00 
 5.55350000e-09  1.79080955e+00 
 5.55450000e-09  1.79080955e+00 
 5.55550000e-09  1.79080955e+00 
 5.55650000e-09  1.79080955e+00 
 5.55750000e-09  1.79080955e+00 
 5.55850000e-09  1.79080955e+00 
 5.55950000e-09  1.79080955e+00 
 5.56050000e-09  1.79080955e+00 
 5.56150000e-09  1.79080955e+00 
 5.56250000e-09  1.79080955e+00 
 5.56350000e-09  1.79080955e+00 
 5.56450000e-09  1.79080955e+00 
 5.56550000e-09  1.79080955e+00 
 5.56650000e-09  1.79080955e+00 
 5.56750000e-09  1.79080955e+00 
 5.56850000e-09  1.79080955e+00 
 5.56950000e-09  1.79080955e+00 
 5.57050000e-09  1.79080955e+00 
 5.57150000e-09  1.79080955e+00 
 5.57250000e-09  1.79080955e+00 
 5.57350000e-09  1.79080955e+00 
 5.57450000e-09  1.79080955e+00 
 5.57550000e-09  1.79080955e+00 
 5.57650000e-09  1.79080955e+00 
 5.57750000e-09  1.79080955e+00 
 5.57850000e-09  1.79080955e+00 
 5.57950000e-09  1.79080955e+00 
 5.58050000e-09  1.79080955e+00 
 5.58150000e-09  1.79080955e+00 
 5.58250000e-09  1.79080955e+00 
 5.58350000e-09  1.79080955e+00 
 5.58450000e-09  1.79080955e+00 
 5.58550000e-09  1.79080955e+00 
 5.58650000e-09  1.79080955e+00 
 5.58750000e-09  1.79080955e+00 
 5.58850000e-09  1.79080955e+00 
 5.58950000e-09  1.79080955e+00 
 5.59050000e-09  1.79080955e+00 
 5.59150000e-09  1.79080955e+00 
 5.59250000e-09  1.79080955e+00 
 5.59350000e-09  1.79080955e+00 
 5.59450000e-09  1.79080955e+00 
 5.59550000e-09  1.79080955e+00 
 5.59650000e-09  1.79080955e+00 
 5.59750000e-09  1.79080955e+00 
 5.59850000e-09  1.79080955e+00 
 5.59950000e-09  1.79080955e+00 
 5.60050000e-09  1.79080955e+00 
 5.60150000e-09  1.79080955e+00 
 5.60250000e-09  1.79080955e+00 
 5.60350000e-09  1.79080955e+00 
 5.60450000e-09  1.79080955e+00 
 5.60550000e-09  1.79080955e+00 
 5.60650000e-09  1.79080955e+00 
 5.60750000e-09  1.79080955e+00 
 5.60850000e-09  1.79080955e+00 
 5.60950000e-09  1.79080955e+00 
 5.61050000e-09  1.79080955e+00 
 5.61150000e-09  1.79080955e+00 
 5.61250000e-09  1.79080955e+00 
 5.61350000e-09  1.79080955e+00 
 5.61450000e-09  1.79080955e+00 
 5.61550000e-09  1.79080955e+00 
 5.61650000e-09  1.79080955e+00 
 5.61750000e-09  1.79080955e+00 
 5.61850000e-09  1.79080955e+00 
 5.61950000e-09  1.79080955e+00 
 5.62050000e-09  1.79080955e+00 
 5.62150000e-09  1.79080955e+00 
 5.62250000e-09  1.79080955e+00 
 5.62350000e-09  1.79080955e+00 
 5.62450000e-09  1.79080955e+00 
 5.62550000e-09  1.79080955e+00 
 5.62650000e-09  1.79080955e+00 
 5.62750000e-09  1.79080955e+00 
 5.62850000e-09  1.79080955e+00 
 5.62950000e-09  1.79080955e+00 
 5.63050000e-09  1.79080955e+00 
 5.63150000e-09  1.79080955e+00 
 5.63250000e-09  1.79080955e+00 
 5.63350000e-09  1.79080955e+00 
 5.63450000e-09  1.79080955e+00 
 5.63550000e-09  1.79080955e+00 
 5.63650000e-09  1.79080955e+00 
 5.63750000e-09  1.79080955e+00 
 5.63850000e-09  1.79080955e+00 
 5.63950000e-09  1.79080955e+00 
 5.64050000e-09  1.79080955e+00 
 5.64150000e-09  1.79080955e+00 
 5.64250000e-09  1.79080955e+00 
 5.64350000e-09  1.79080955e+00 
 5.64450000e-09  1.79080955e+00 
 5.64550000e-09  1.79080955e+00 
 5.64650000e-09  1.79080955e+00 
 5.64750000e-09  1.79080955e+00 
 5.64850000e-09  1.79080955e+00 
 5.64950000e-09  1.79080955e+00 
 5.65050000e-09  1.79080955e+00 
 5.65150000e-09  1.79080955e+00 
 5.65250000e-09  1.79080955e+00 
 5.65350000e-09  1.79080955e+00 
 5.65450000e-09  1.79080955e+00 
 5.65550000e-09  1.79080955e+00 
 5.65650000e-09  1.79080955e+00 
 5.65750000e-09  1.79080955e+00 
 5.65850000e-09  1.79080955e+00 
 5.65950000e-09  1.79080955e+00 
 5.66050000e-09  1.79080955e+00 
 5.66150000e-09  1.79080955e+00 
 5.66250000e-09  1.79080955e+00 
 5.66350000e-09  1.79080955e+00 
 5.66450000e-09  1.79080955e+00 
 5.66550000e-09  1.79080955e+00 
 5.66650000e-09  1.79080955e+00 
 5.66750000e-09  1.79080955e+00 
 5.66850000e-09  1.79080955e+00 
 5.66950000e-09  1.79080955e+00 
 5.67050000e-09  1.79080955e+00 
 5.67150000e-09  1.79080955e+00 
 5.67250000e-09  1.79080955e+00 
 5.67350000e-09  1.79080955e+00 
 5.67450000e-09  1.79080955e+00 
 5.67550000e-09  1.79080955e+00 
 5.67650000e-09  1.79080955e+00 
 5.67750000e-09  1.79080955e+00 
 5.67850000e-09  1.79080955e+00 
 5.67950000e-09  1.79080955e+00 
 5.68050000e-09  1.79080955e+00 
 5.68150000e-09  1.79080955e+00 
 5.68250000e-09  1.79080955e+00 
 5.68350000e-09  1.79080955e+00 
 5.68450000e-09  1.79080955e+00 
 5.68550000e-09  1.79080955e+00 
 5.68650000e-09  1.79080955e+00 
 5.68750000e-09  1.79080955e+00 
 5.68850000e-09  1.79080955e+00 
 5.68950000e-09  1.79080955e+00 
 5.69050000e-09  1.79080955e+00 
 5.69150000e-09  1.79080955e+00 
 5.69250000e-09  1.79080955e+00 
 5.69350000e-09  1.79080955e+00 
 5.69450000e-09  1.79080955e+00 
 5.69550000e-09  1.79080955e+00 
 5.69650000e-09  1.79080955e+00 
 5.69750000e-09  1.79080955e+00 
 5.69850000e-09  1.79080955e+00 
 5.69950000e-09  1.79080955e+00 
 5.70050000e-09  1.79080955e+00 
 5.70150000e-09  1.79080955e+00 
 5.70250000e-09  1.79080955e+00 
 5.70350000e-09  1.79080955e+00 
 5.70450000e-09  1.79080955e+00 
 5.70550000e-09  1.79080955e+00 
 5.70650000e-09  1.79080955e+00 
 5.70750000e-09  1.79080955e+00 
 5.70850000e-09  1.79080955e+00 
 5.70950000e-09  1.79080955e+00 
 5.71050000e-09  1.79080955e+00 
 5.71150000e-09  1.79080955e+00 
 5.71250000e-09  1.79080955e+00 
 5.71350000e-09  1.79080955e+00 
 5.71450000e-09  1.79080955e+00 
 5.71550000e-09  1.79080955e+00 
 5.71650000e-09  1.79080955e+00 
 5.71750000e-09  1.79080955e+00 
 5.71850000e-09  1.79080955e+00 
 5.71950000e-09  1.79080955e+00 
 5.72050000e-09  1.79080955e+00 
 5.72150000e-09  1.79080955e+00 
 5.72250000e-09  1.79080955e+00 
 5.72350000e-09  1.79080955e+00 
 5.72450000e-09  1.79080955e+00 
 5.72550000e-09  1.79080955e+00 
 5.72650000e-09  1.79080955e+00 
 5.72750000e-09  1.79080955e+00 
 5.72850000e-09  1.79080955e+00 
 5.72950000e-09  1.79080955e+00 
 5.73050000e-09  1.79080955e+00 
 5.73150000e-09  1.79080955e+00 
 5.73250000e-09  1.79080955e+00 
 5.73350000e-09  1.79080955e+00 
 5.73450000e-09  1.79080955e+00 
 5.73550000e-09  1.79080955e+00 
 5.73650000e-09  1.79080955e+00 
 5.73750000e-09  1.79080955e+00 
 5.73850000e-09  1.79080955e+00 
 5.73950000e-09  1.79080955e+00 
 5.74050000e-09  1.79080955e+00 
 5.74150000e-09  1.79080955e+00 
 5.74250000e-09  1.79080955e+00 
 5.74350000e-09  1.79080955e+00 
 5.74450000e-09  1.79080955e+00 
 5.74550000e-09  1.79080955e+00 
 5.74650000e-09  1.79080955e+00 
 5.74750000e-09  1.79080955e+00 
 5.74850000e-09  1.79080955e+00 
 5.74950000e-09  1.79080955e+00 
 5.75050000e-09  1.79080955e+00 
 5.75150000e-09  1.79080955e+00 
 5.75250000e-09  1.79080955e+00 
 5.75350000e-09  1.79080955e+00 
 5.75450000e-09  1.79080955e+00 
 5.75550000e-09  1.79080955e+00 
 5.75650000e-09  1.79080955e+00 
 5.75750000e-09  1.79080955e+00 
 5.75850000e-09  1.79080955e+00 
 5.75950000e-09  1.79080955e+00 
 5.76050000e-09  1.79080955e+00 
 5.76150000e-09  1.79080955e+00 
 5.76250000e-09  1.79080955e+00 
 5.76350000e-09  1.79080955e+00 
 5.76450000e-09  1.79080955e+00 
 5.76550000e-09  1.79080955e+00 
 5.76650000e-09  1.79080955e+00 
 5.76750000e-09  1.79080955e+00 
 5.76850000e-09  1.79080955e+00 
 5.76950000e-09  1.79080955e+00 
 5.77050000e-09  1.79080955e+00 
 5.77150000e-09  1.79080955e+00 
 5.77250000e-09  1.79080955e+00 
 5.77350000e-09  1.79080955e+00 
 5.77450000e-09  1.79080955e+00 
 5.77550000e-09  1.79080955e+00 
 5.77650000e-09  1.79080955e+00 
 5.77750000e-09  1.79080955e+00 
 5.77850000e-09  1.79080955e+00 
 5.77950000e-09  1.79080955e+00 
 5.78050000e-09  1.79080955e+00 
 5.78150000e-09  1.79080955e+00 
 5.78250000e-09  1.79080955e+00 
 5.78350000e-09  1.79080955e+00 
 5.78450000e-09  1.79080955e+00 
 5.78550000e-09  1.79080955e+00 
 5.78650000e-09  1.79080955e+00 
 5.78750000e-09  1.79080955e+00 
 5.78850000e-09  1.79080955e+00 
 5.78950000e-09  1.79080955e+00 
 5.79050000e-09  1.79080955e+00 
 5.79150000e-09  1.79080955e+00 
 5.79250000e-09  1.79080955e+00 
 5.79350000e-09  1.79080955e+00 
 5.79450000e-09  1.79080955e+00 
 5.79550000e-09  1.79080955e+00 
 5.79650000e-09  1.79080955e+00 
 5.79750000e-09  1.79080955e+00 
 5.79850000e-09  1.79080955e+00 
 5.79950000e-09  1.79080955e+00 
 5.80050000e-09  1.79080955e+00 
 5.80150000e-09  1.79080955e+00 
 5.80250000e-09  1.79080955e+00 
 5.80350000e-09  1.79080955e+00 
 5.80450000e-09  1.79080955e+00 
 5.80550000e-09  1.79080955e+00 
 5.80650000e-09  1.79080955e+00 
 5.80750000e-09  1.79080955e+00 
 5.80850000e-09  1.79080955e+00 
 5.80950000e-09  1.79080955e+00 
 5.81050000e-09  1.79080955e+00 
 5.81150000e-09  1.79080955e+00 
 5.81250000e-09  1.79080955e+00 
 5.81350000e-09  1.79080955e+00 
 5.81450000e-09  1.79080955e+00 
 5.81550000e-09  1.79080955e+00 
 5.81650000e-09  1.79080955e+00 
 5.81750000e-09  1.79080955e+00 
 5.81850000e-09  1.79080955e+00 
 5.81950000e-09  1.79080955e+00 
 5.82050000e-09  1.79080955e+00 
 5.82150000e-09  1.79080955e+00 
 5.82250000e-09  1.79080955e+00 
 5.82350000e-09  1.79080955e+00 
 5.82450000e-09  1.79080955e+00 
 5.82550000e-09  1.79080955e+00 
 5.82650000e-09  1.79080955e+00 
 5.82750000e-09  1.79080955e+00 
 5.82850000e-09  1.79080955e+00 
 5.82950000e-09  1.79080955e+00 
 5.83050000e-09  1.79080955e+00 
 5.83150000e-09  1.79080955e+00 
 5.83250000e-09  1.79080955e+00 
 5.83350000e-09  1.79080955e+00 
 5.83450000e-09  1.79080955e+00 
 5.83550000e-09  1.79080955e+00 
 5.83650000e-09  1.79080955e+00 
 5.83750000e-09  1.79080955e+00 
 5.83850000e-09  1.79080955e+00 
 5.83950000e-09  1.79080955e+00 
 5.84050000e-09  1.79080955e+00 
 5.84150000e-09  1.79080955e+00 
 5.84250000e-09  1.79080955e+00 
 5.84350000e-09  1.79080955e+00 
 5.84450000e-09  1.79080955e+00 
 5.84550000e-09  1.79080955e+00 
 5.84650000e-09  1.79080955e+00 
 5.84750000e-09  1.79080955e+00 
 5.84850000e-09  1.79080955e+00 
 5.84950000e-09  1.79080955e+00 
 5.85050000e-09  1.79080955e+00 
 5.85150000e-09  1.79080955e+00 
 5.85250000e-09  1.79080955e+00 
 5.85350000e-09  1.79080955e+00 
 5.85450000e-09  1.79080955e+00 
 5.85550000e-09  1.79080955e+00 
 5.85650000e-09  1.79080955e+00 
 5.85750000e-09  1.79080955e+00 
 5.85850000e-09  1.79080955e+00 
 5.85950000e-09  1.79080955e+00 
 5.86050000e-09  1.79080955e+00 
 5.86150000e-09  1.79080955e+00 
 5.86250000e-09  1.79080955e+00 
 5.86350000e-09  1.79080955e+00 
 5.86450000e-09  1.79080955e+00 
 5.86550000e-09  1.79080955e+00 
 5.86650000e-09  1.79080955e+00 
 5.86750000e-09  1.79080955e+00 
 5.86850000e-09  1.79080955e+00 
 5.86950000e-09  1.79080955e+00 
 5.87050000e-09  1.79080955e+00 
 5.87150000e-09  1.79080955e+00 
 5.87250000e-09  1.79080955e+00 
 5.87350000e-09  1.79080955e+00 
 5.87450000e-09  1.79080955e+00 
 5.87550000e-09  1.79080955e+00 
 5.87650000e-09  1.79080955e+00 
 5.87750000e-09  1.79080955e+00 
 5.87850000e-09  1.79080955e+00 
 5.87950000e-09  1.79080955e+00 
 5.88050000e-09  1.79080955e+00 
 5.88150000e-09  1.79080955e+00 
 5.88250000e-09  1.79080955e+00 
 5.88350000e-09  1.79080955e+00 
 5.88450000e-09  1.79080955e+00 
 5.88550000e-09  1.79080955e+00 
 5.88650000e-09  1.79080955e+00 
 5.88750000e-09  1.79080955e+00 
 5.88850000e-09  1.79080955e+00 
 5.88950000e-09  1.79080955e+00 
 5.89050000e-09  1.79080955e+00 
 5.89150000e-09  1.79080955e+00 
 5.89250000e-09  1.79080955e+00 
 5.89350000e-09  1.79080955e+00 
 5.89450000e-09  1.79080955e+00 
 5.89550000e-09  1.79080955e+00 
 5.89650000e-09  1.79080955e+00 
 5.89750000e-09  1.79080955e+00 
 5.89850000e-09  1.79080955e+00 
 5.89950000e-09  1.79080955e+00 
 5.90050000e-09  1.79080955e+00 
 5.90150000e-09  1.79080955e+00 
 5.90250000e-09  1.79080955e+00 
 5.90350000e-09  1.79080955e+00 
 5.90450000e-09  1.79080955e+00 
 5.90550000e-09  1.79080955e+00 
 5.90650000e-09  1.79080955e+00 
 5.90750000e-09  1.79080955e+00 
 5.90850000e-09  1.79080955e+00 
 5.90950000e-09  1.79080955e+00 
 5.91050000e-09  1.79080955e+00 
 5.91150000e-09  1.79080955e+00 
 5.91250000e-09  1.79080955e+00 
 5.91350000e-09  1.79080955e+00 
 5.91450000e-09  1.79080955e+00 
 5.91550000e-09  1.79080955e+00 
 5.91650000e-09  1.79080955e+00 
 5.91750000e-09  1.79080955e+00 
 5.91850000e-09  1.79080955e+00 
 5.91950000e-09  1.79080955e+00 
 5.92050000e-09  1.79080955e+00 
 5.92150000e-09  1.79080955e+00 
 5.92250000e-09  1.79080955e+00 
 5.92350000e-09  1.79080955e+00 
 5.92450000e-09  1.79080955e+00 
 5.92550000e-09  1.79080955e+00 
 5.92650000e-09  1.79080955e+00 
 5.92750000e-09  1.79080955e+00 
 5.92850000e-09  1.79080955e+00 
 5.92950000e-09  1.79080955e+00 
 5.93050000e-09  1.79080955e+00 
 5.93150000e-09  1.79080955e+00 
 5.93250000e-09  1.79080955e+00 
 5.93350000e-09  1.79080955e+00 
 5.93450000e-09  1.79080955e+00 
 5.93550000e-09  1.79080955e+00 
 5.93650000e-09  1.79080955e+00 
 5.93750000e-09  1.79080955e+00 
 5.93850000e-09  1.79080955e+00 
 5.93950000e-09  1.79080955e+00 
 5.94050000e-09  1.79080955e+00 
 5.94150000e-09  1.79080955e+00 
 5.94250000e-09  1.79080955e+00 
 5.94350000e-09  1.79080955e+00 
 5.94450000e-09  1.79080955e+00 
 5.94550000e-09  1.79080955e+00 
 5.94650000e-09  1.79080955e+00 
 5.94750000e-09  1.79080955e+00 
 5.94850000e-09  1.79080955e+00 
 5.94950000e-09  1.79080955e+00 
 5.95050000e-09  1.79080955e+00 
 5.95150000e-09  1.79080955e+00 
 5.95250000e-09  1.79080955e+00 
 5.95350000e-09  1.79080955e+00 
 5.95450000e-09  1.79080955e+00 
 5.95550000e-09  1.79080955e+00 
 5.95650000e-09  1.79080955e+00 
 5.95750000e-09  1.79080955e+00 
 5.95850000e-09  1.79080955e+00 
 5.95950000e-09  1.79080955e+00 
 5.96050000e-09  1.79080955e+00 
 5.96150000e-09  1.79080955e+00 
 5.96250000e-09  1.79080955e+00 
 5.96350000e-09  1.79080955e+00 
 5.96450000e-09  1.79080955e+00 
 5.96550000e-09  1.79080955e+00 
 5.96650000e-09  1.79080955e+00 
 5.96750000e-09  1.79080955e+00 
 5.96850000e-09  1.79080955e+00 
 5.96950000e-09  1.79080955e+00 
 5.97050000e-09  1.79080955e+00 
 5.97150000e-09  1.79080955e+00 
 5.97250000e-09  1.79080955e+00 
 5.97350000e-09  1.79080955e+00 
 5.97450000e-09  1.79080955e+00 
 5.97550000e-09  1.79080955e+00 
 5.97650000e-09  1.79080955e+00 
 5.97750000e-09  1.79080955e+00 
 5.97850000e-09  1.79080955e+00 
 5.97950000e-09  1.79080955e+00 
 5.98050000e-09  1.79080955e+00 
 5.98150000e-09  1.79080955e+00 
 5.98250000e-09  1.79080955e+00 
 5.98350000e-09  1.79080955e+00 
 5.98450000e-09  1.79080955e+00 
 5.98550000e-09  1.79080955e+00 
 5.98650000e-09  1.79080955e+00 
 5.98750000e-09  1.79080955e+00 
 5.98850000e-09  1.79080955e+00 
 5.98950000e-09  1.79080955e+00 
 5.99050000e-09  1.79080955e+00 
 5.99150000e-09  1.79080955e+00 
 5.99250000e-09  1.79080955e+00 
 5.99350000e-09  1.79080955e+00 
 5.99450000e-09  1.79080955e+00 
 5.99550000e-09  1.79080955e+00 
 5.99650000e-09  1.79080955e+00 
 5.99750000e-09  1.79080955e+00 
 5.99850000e-09  1.79080955e+00 
 5.99950000e-09  1.79080955e+00 
 6.00050000e-09  1.79080955e+00 
 6.00150000e-09  1.79080955e+00 
 6.00250000e-09  1.79080955e+00 
 6.00350000e-09  1.79080955e+00 
 6.00450000e-09  1.79080955e+00 
 6.00550000e-09  1.79080955e+00 
 6.00650000e-09  1.79080955e+00 
 6.00750000e-09  1.79080955e+00 
 6.00850000e-09  1.79080955e+00 
 6.00950000e-09  1.79080955e+00 
 6.01050000e-09  1.79080955e+00 
 6.01150000e-09  1.79080955e+00 
 6.01250000e-09  1.79080955e+00 
 6.01350000e-09  1.79080955e+00 
 6.01450000e-09  1.79080955e+00 
 6.01550000e-09  1.79080955e+00 
 6.01650000e-09  1.79080955e+00 
 6.01750000e-09  1.79080955e+00 
 6.01850000e-09  1.79080955e+00 
 6.01950000e-09  1.79080955e+00 
 6.02050000e-09  1.79080955e+00 
 6.02150000e-09  1.79080955e+00 
 6.02250000e-09  1.79080955e+00 
 6.02350000e-09  1.79080955e+00 
 6.02450000e-09  1.79080955e+00 
 6.02550000e-09  1.79080955e+00 
 6.02650000e-09  1.79080955e+00 
 6.02750000e-09  1.79080955e+00 
 6.02850000e-09  1.79080955e+00 
 6.02950000e-09  1.79080955e+00 
 6.03050000e-09  1.79080955e+00 
 6.03150000e-09  1.79080955e+00 
 6.03250000e-09  1.79080955e+00 
 6.03350000e-09  1.79080955e+00 
 6.03450000e-09  1.79080955e+00 
 6.03550000e-09  1.79080955e+00 
 6.03650000e-09  1.79080955e+00 
 6.03750000e-09  1.79080955e+00 
 6.03850000e-09  1.79080955e+00 
 6.03950000e-09  1.79080955e+00 
 6.04050000e-09  1.79080955e+00 
 6.04150000e-09  1.79080955e+00 
 6.04250000e-09  1.79080955e+00 
 6.04350000e-09  1.79080955e+00 
 6.04450000e-09  1.79080955e+00 
 6.04550000e-09  1.79080955e+00 
 6.04650000e-09  1.79080955e+00 
 6.04750000e-09  1.79080955e+00 
 6.04850000e-09  1.79080955e+00 
 6.04950000e-09  1.79080955e+00 
 6.05050000e-09  1.79080955e+00 
 6.05150000e-09  1.79080955e+00 
 6.05250000e-09  1.79080955e+00 
 6.05350000e-09  1.79080955e+00 
 6.05450000e-09  1.79080955e+00 
 6.05550000e-09  1.79080955e+00 
 6.05650000e-09  1.79080955e+00 
 6.05750000e-09  1.79080955e+00 
 6.05850000e-09  1.79080955e+00 
 6.05950000e-09  1.79080955e+00 
 6.06050000e-09  1.79080955e+00 
 6.06150000e-09  1.79080955e+00 
 6.06250000e-09  1.79080955e+00 
 6.06350000e-09  1.79080955e+00 
 6.06450000e-09  1.79080955e+00 
 6.06550000e-09  1.79080955e+00 
 6.06650000e-09  1.79080955e+00 
 6.06750000e-09  1.79080955e+00 
 6.06850000e-09  1.79080955e+00 
 6.06950000e-09  1.79080955e+00 
 6.07050000e-09  1.79080955e+00 
 6.07150000e-09  1.79080955e+00 
 6.07250000e-09  1.79080955e+00 
 6.07350000e-09  1.79080955e+00 
 6.07450000e-09  1.79080955e+00 
 6.07550000e-09  1.79080955e+00 
 6.07650000e-09  1.79080955e+00 
 6.07750000e-09  1.79080955e+00 
 6.07850000e-09  1.79080955e+00 
 6.07950000e-09  1.79080955e+00 
 6.08050000e-09  1.79080955e+00 
 6.08150000e-09  1.79080955e+00 
 6.08250000e-09  1.79080955e+00 
 6.08350000e-09  1.79080955e+00 
 6.08450000e-09  1.79080955e+00 
 6.08550000e-09  1.79080955e+00 
 6.08650000e-09  1.79080955e+00 
 6.08750000e-09  1.79080955e+00 
 6.08850000e-09  1.79080955e+00 
 6.08950000e-09  1.79080955e+00 
 6.09050000e-09  1.79080955e+00 
 6.09150000e-09  1.79080955e+00 
 6.09250000e-09  1.79080955e+00 
 6.09350000e-09  1.79080955e+00 
 6.09450000e-09  1.79080955e+00 
 6.09550000e-09  1.79080955e+00 
 6.09650000e-09  1.79080955e+00 
 6.09750000e-09  1.79080955e+00 
 6.09850000e-09  1.79080955e+00 
 6.09950000e-09  1.79080955e+00 
 6.10050000e-09  1.79080955e+00 
 6.10150000e-09  1.79080955e+00 
 6.10250000e-09  1.79080955e+00 
 6.10350000e-09  1.79080955e+00 
 6.10450000e-09  1.79080955e+00 
 6.10550000e-09  1.79080955e+00 
 6.10650000e-09  1.79080955e+00 
 6.10750000e-09  1.79080955e+00 
 6.10850000e-09  1.79080955e+00 
 6.10950000e-09  1.79080955e+00 
 6.11050000e-09  1.79080955e+00 
 6.11150000e-09  1.79080955e+00 
 6.11250000e-09  1.79080955e+00 
 6.11350000e-09  1.79080955e+00 
 6.11450000e-09  1.79080955e+00 
 6.11550000e-09  1.79080955e+00 
 6.11650000e-09  1.79080955e+00 
 6.11750000e-09  1.79080955e+00 
 6.11850000e-09  1.79080955e+00 
 6.11950000e-09  1.79080955e+00 
 6.12050000e-09  1.79080955e+00 
 6.12150000e-09  1.79080955e+00 
 6.12250000e-09  1.79080955e+00 
 6.12350000e-09  1.79080955e+00 
 6.12450000e-09  1.79080955e+00 
 6.12550000e-09  1.79080955e+00 
 6.12650000e-09  1.79080955e+00 
 6.12750000e-09  1.79080955e+00 
 6.12850000e-09  1.79080955e+00 
 6.12950000e-09  1.79080955e+00 
 6.13050000e-09  1.79080955e+00 
 6.13150000e-09  1.79080955e+00 
 6.13250000e-09  1.79080955e+00 
 6.13350000e-09  1.79080955e+00 
 6.13450000e-09  1.79080955e+00 
 6.13550000e-09  1.79080955e+00 
 6.13650000e-09  1.79080955e+00 
 6.13750000e-09  1.79080955e+00 
 6.13850000e-09  1.79080955e+00 
 6.13950000e-09  1.79080955e+00 
 6.14050000e-09  1.79080955e+00 
 6.14150000e-09  1.79080955e+00 
 6.14250000e-09  1.79080955e+00 
 6.14350000e-09  1.79080955e+00 
 6.14450000e-09  1.79080955e+00 
 6.14550000e-09  1.79080955e+00 
 6.14650000e-09  1.79080955e+00 
 6.14750000e-09  1.79080955e+00 
 6.14850000e-09  1.79080955e+00 
 6.14950000e-09  1.79080955e+00 
 6.15050000e-09  1.79080955e+00 
 6.15150000e-09  1.79080955e+00 
 6.15250000e-09  1.79080955e+00 
 6.15350000e-09  1.79080955e+00 
 6.15450000e-09  1.79080955e+00 
 6.15550000e-09  1.79080955e+00 
 6.15650000e-09  1.79080955e+00 
 6.15750000e-09  1.79080955e+00 
 6.15850000e-09  1.79080955e+00 
 6.15950000e-09  1.79080955e+00 
 6.16050000e-09  1.79080955e+00 
 6.16150000e-09  1.79080955e+00 
 6.16250000e-09  1.79080955e+00 
 6.16350000e-09  1.79080955e+00 
 6.16450000e-09  1.79080955e+00 
 6.16550000e-09  1.79080955e+00 
 6.16650000e-09  1.79080955e+00 
 6.16750000e-09  1.79080955e+00 
 6.16850000e-09  1.79080955e+00 
 6.16950000e-09  1.79080955e+00 
 6.17050000e-09  1.79080955e+00 
 6.17150000e-09  1.79080955e+00 
 6.17250000e-09  1.79080955e+00 
 6.17350000e-09  1.79080955e+00 
 6.17450000e-09  1.79080955e+00 
 6.17550000e-09  1.79080955e+00 
 6.17650000e-09  1.79080955e+00 
 6.17750000e-09  1.79080955e+00 
 6.17850000e-09  1.79080955e+00 
 6.17950000e-09  1.79080955e+00 
 6.18050000e-09  1.79080955e+00 
 6.18150000e-09  1.79080955e+00 
 6.18250000e-09  1.79080955e+00 
 6.18350000e-09  1.79080955e+00 
 6.18450000e-09  1.79080955e+00 
 6.18550000e-09  1.79080955e+00 
 6.18650000e-09  1.79080955e+00 
 6.18750000e-09  1.79080955e+00 
 6.18850000e-09  1.79080955e+00 
 6.18950000e-09  1.79080955e+00 
 6.19050000e-09  1.79080955e+00 
 6.19150000e-09  1.79080955e+00 
 6.19250000e-09  1.79080955e+00 
 6.19350000e-09  1.79080955e+00 
 6.19450000e-09  1.79080955e+00 
 6.19550000e-09  1.79080955e+00 
 6.19650000e-09  1.79080955e+00 
 6.19750000e-09  1.79080955e+00 
 6.19850000e-09  1.79080955e+00 
 6.19950000e-09  1.79080955e+00 
 6.20050000e-09  1.79080955e+00 
 6.20150000e-09  1.79080955e+00 
 6.20250000e-09  1.79080955e+00 
 6.20350000e-09  1.79080955e+00 
 6.20450000e-09  1.79080955e+00 
 6.20550000e-09  1.79080955e+00 
 6.20650000e-09  1.79080955e+00 
 6.20750000e-09  1.79080955e+00 
 6.20850000e-09  1.79080955e+00 
 6.20950000e-09  1.79080955e+00 
 6.21050000e-09  1.79080955e+00 
 6.21150000e-09  1.79080955e+00 
 6.21250000e-09  1.79080955e+00 
 6.21350000e-09  1.79080955e+00 
 6.21450000e-09  1.79080955e+00 
 6.21550000e-09  1.79080955e+00 
 6.21650000e-09  1.79080955e+00 
 6.21750000e-09  1.79080955e+00 
 6.21850000e-09  1.79080955e+00 
 6.21950000e-09  1.79080955e+00 
 6.22050000e-09  1.79080955e+00 
 6.22150000e-09  1.79080955e+00 
 6.22250000e-09  1.79080955e+00 
 6.22350000e-09  1.79080955e+00 
 6.22450000e-09  1.79080955e+00 
 6.22550000e-09  1.79080955e+00 
 6.22650000e-09  1.79080955e+00 
 6.22750000e-09  1.79080955e+00 
 6.22850000e-09  1.79080955e+00 
 6.22950000e-09  1.79080955e+00 
 6.23050000e-09  1.79080955e+00 
 6.23150000e-09  1.79080955e+00 
 6.23250000e-09  1.79080955e+00 
 6.23350000e-09  1.79080955e+00 
 6.23450000e-09  1.79080955e+00 
 6.23550000e-09  1.79080955e+00 
 6.23650000e-09  1.79080955e+00 
 6.23750000e-09  1.79080955e+00 
 6.23850000e-09  1.79080955e+00 
 6.23950000e-09  1.79080955e+00 
 6.24050000e-09  1.79080955e+00 
 6.24150000e-09  1.79080955e+00 
 6.24250000e-09  1.79080955e+00 
 6.24350000e-09  1.79080955e+00 
 6.24450000e-09  1.79080955e+00 
 6.24550000e-09  1.79080955e+00 
 6.24650000e-09  1.79080955e+00 
 6.24750000e-09  1.79080955e+00 
 6.24850000e-09  1.79080955e+00 
 6.24950000e-09  1.79080955e+00 
 6.25050000e-09  1.79080955e+00 
 6.25150000e-09  1.79080955e+00 
 6.25250000e-09  1.79080955e+00 
 6.25350000e-09  1.79080955e+00 
 6.25450000e-09  1.79080955e+00 
 6.25550000e-09  1.79080955e+00 
 6.25650000e-09  1.79080955e+00 
 6.25750000e-09  1.79080955e+00 
 6.25850000e-09  1.79080955e+00 
 6.25950000e-09  1.79080955e+00 
 6.26050000e-09  1.79080955e+00 
 6.26150000e-09  1.79080955e+00 
 6.26250000e-09  1.79080955e+00 
 6.26350000e-09  1.79080955e+00 
 6.26450000e-09  1.79080955e+00 
 6.26550000e-09  1.79080955e+00 
 6.26650000e-09  1.79080955e+00 
 6.26750000e-09  1.79080955e+00 
 6.26850000e-09  1.79080955e+00 
 6.26950000e-09  1.79080955e+00 
 6.27050000e-09  1.79080955e+00 
 6.27150000e-09  1.79080955e+00 
 6.27250000e-09  1.79080955e+00 
 6.27350000e-09  1.79080955e+00 
 6.27450000e-09  1.79080955e+00 
 6.27550000e-09  1.79080955e+00 
 6.27650000e-09  1.79080955e+00 
 6.27750000e-09  1.79080955e+00 
 6.27850000e-09  1.79080955e+00 
 6.27950000e-09  1.79080955e+00 
 6.28050000e-09  1.79080955e+00 
 6.28150000e-09  1.79080955e+00 
 6.28250000e-09  1.79080955e+00 
 6.28350000e-09  1.79080955e+00 
 6.28450000e-09  1.79080955e+00 
 6.28550000e-09  1.79080955e+00 
 6.28650000e-09  1.79080955e+00 
 6.28750000e-09  1.79080955e+00 
 6.28850000e-09  1.79080955e+00 
 6.28950000e-09  1.79080955e+00 
 6.29050000e-09  1.79080955e+00 
 6.29150000e-09  1.79080955e+00 
 6.29250000e-09  1.79080955e+00 
 6.29350000e-09  1.79080955e+00 
 6.29450000e-09  1.79080955e+00 
 6.29550000e-09  1.79080955e+00 
 6.29650000e-09  1.79080955e+00 
 6.29750000e-09  1.79080955e+00 
 6.29850000e-09  1.79080955e+00 
 6.29950000e-09  1.79080955e+00 
 6.30050000e-09  1.79080955e+00 
 6.30150000e-09  1.79080955e+00 
 6.30250000e-09  1.79080955e+00 
 6.30350000e-09  1.79080955e+00 
 6.30450000e-09  1.79080955e+00 
 6.30550000e-09  1.79080955e+00 
 6.30650000e-09  1.79080955e+00 
 6.30750000e-09  1.79080955e+00 
 6.30850000e-09  1.79080955e+00 
 6.30950000e-09  1.79080955e+00 
 6.31050000e-09  1.79080955e+00 
 6.31150000e-09  1.79080955e+00 
 6.31250000e-09  1.79080955e+00 
 6.31350000e-09  1.79080955e+00 
 6.31450000e-09  1.79080955e+00 
 6.31550000e-09  1.79080955e+00 
 6.31650000e-09  1.79080955e+00 
 6.31750000e-09  1.79080955e+00 
 6.31850000e-09  1.79080955e+00 
 6.31950000e-09  1.79080955e+00 
 6.32050000e-09  1.79080955e+00 
 6.32150000e-09  1.79080955e+00 
 6.32250000e-09  1.79080955e+00 
 6.32350000e-09  1.79080955e+00 
 6.32450000e-09  1.79080955e+00 
 6.32550000e-09  1.79080955e+00 
 6.32650000e-09  1.79080955e+00 
 6.32750000e-09  1.79080955e+00 
 6.32850000e-09  1.79080955e+00 
 6.32950000e-09  1.79080955e+00 
 6.33050000e-09  1.79080955e+00 
 6.33150000e-09  1.79080955e+00 
 6.33250000e-09  1.79080955e+00 
 6.33350000e-09  1.79080955e+00 
 6.33450000e-09  1.79080955e+00 
 6.33550000e-09  1.79080955e+00 
 6.33650000e-09  1.79080955e+00 
 6.33750000e-09  1.79080955e+00 
 6.33850000e-09  1.79080955e+00 
 6.33950000e-09  1.79080955e+00 
 6.34050000e-09  1.79080955e+00 
 6.34150000e-09  1.79080955e+00 
 6.34250000e-09  1.79080955e+00 
 6.34350000e-09  1.79080955e+00 
 6.34450000e-09  1.79080955e+00 
 6.34550000e-09  1.79080955e+00 
 6.34650000e-09  1.79080955e+00 
 6.34750000e-09  1.79080955e+00 
 6.34850000e-09  1.79080955e+00 
 6.34950000e-09  1.79080955e+00 
 6.35050000e-09  1.79080955e+00 
 6.35150000e-09  1.79080955e+00 
 6.35250000e-09  1.79080955e+00 
 6.35350000e-09  1.79080955e+00 
 6.35450000e-09  1.79080955e+00 
 6.35550000e-09  1.79080955e+00 
 6.35650000e-09  1.79080955e+00 
 6.35750000e-09  1.79080955e+00 
 6.35850000e-09  1.79080955e+00 
 6.35950000e-09  1.79080955e+00 
 6.36050000e-09  1.79080955e+00 
 6.36150000e-09  1.79080955e+00 
 6.36250000e-09  1.79080955e+00 
 6.36350000e-09  1.79080955e+00 
 6.36450000e-09  1.79080955e+00 
 6.36550000e-09  1.79080955e+00 
 6.36650000e-09  1.79080955e+00 
 6.36750000e-09  1.79080955e+00 
 6.36850000e-09  1.79080955e+00 
 6.36950000e-09  1.79080955e+00 
 6.37050000e-09  1.79080955e+00 
 6.37150000e-09  1.79080955e+00 
 6.37250000e-09  1.79080955e+00 
 6.37350000e-09  1.79080955e+00 
 6.37450000e-09  1.79080955e+00 
 6.37550000e-09  1.79080955e+00 
 6.37650000e-09  1.79080955e+00 
 6.37750000e-09  1.79080955e+00 
 6.37850000e-09  1.79080955e+00 
 6.37950000e-09  1.79080955e+00 
 6.38050000e-09  1.79080955e+00 
 6.38150000e-09  1.79080955e+00 
 6.38250000e-09  1.79080955e+00 
 6.38350000e-09  1.79080955e+00 
 6.38450000e-09  1.79080955e+00 
 6.38550000e-09  1.79080955e+00 
 6.38650000e-09  1.79080955e+00 
 6.38750000e-09  1.79080955e+00 
 6.38850000e-09  1.79080955e+00 
 6.38950000e-09  1.79080955e+00 
 6.39050000e-09  1.79080955e+00 
 6.39150000e-09  1.79080955e+00 
 6.39250000e-09  1.79080955e+00 
 6.39350000e-09  1.79080955e+00 
 6.39450000e-09  1.79080955e+00 
 6.39550000e-09  1.79080955e+00 
 6.39650000e-09  1.79080955e+00 
 6.39750000e-09  1.79080955e+00 
 6.39850000e-09  1.79080955e+00 
 6.39950000e-09  1.79080955e+00 
 6.40050000e-09  1.79080955e+00 
 6.40150000e-09  1.79080955e+00 
 6.40250000e-09  1.79080955e+00 
 6.40350000e-09  1.79080955e+00 
 6.40450000e-09  1.79080955e+00 
 6.40550000e-09  1.79080955e+00 
 6.40650000e-09  1.79080955e+00 
 6.40750000e-09  1.79080955e+00 
 6.40850000e-09  1.79080955e+00 
 6.40950000e-09  1.79080955e+00 
 6.41050000e-09  1.79080955e+00 
 6.41150000e-09  1.79080955e+00 
 6.41250000e-09  1.79080955e+00 
 6.41350000e-09  1.79080955e+00 
 6.41450000e-09  1.79080955e+00 
 6.41550000e-09  1.79080955e+00 
 6.41650000e-09  1.79080955e+00 
 6.41750000e-09  1.79080955e+00 
 6.41850000e-09  1.79080955e+00 
 6.41950000e-09  1.79080955e+00 
 6.42050000e-09  1.79080955e+00 
 6.42150000e-09  1.79080955e+00 
 6.42250000e-09  1.79080955e+00 
 6.42350000e-09  1.79080955e+00 
 6.42450000e-09  1.79080955e+00 
 6.42550000e-09  1.79080955e+00 
 6.42650000e-09  1.79080955e+00 
 6.42750000e-09  1.79080955e+00 
 6.42850000e-09  1.79080955e+00 
 6.42950000e-09  1.79080955e+00 
 6.43050000e-09  1.79080955e+00 
 6.43150000e-09  1.79080955e+00 
 6.43250000e-09  1.79080955e+00 
 6.43350000e-09  1.79080955e+00 
 6.43450000e-09  1.79080955e+00 
 6.43550000e-09  1.79080955e+00 
 6.43650000e-09  1.79080955e+00 
 6.43750000e-09  1.79080955e+00 
 6.43850000e-09  1.79080955e+00 
 6.43950000e-09  1.79080955e+00 
 6.44050000e-09  1.79080955e+00 
 6.44150000e-09  1.79080955e+00 
 6.44250000e-09  1.79080955e+00 
 6.44350000e-09  1.79080955e+00 
 6.44450000e-09  1.79080955e+00 
 6.44550000e-09  1.79080955e+00 
 6.44650000e-09  1.79080955e+00 
 6.44750000e-09  1.79080955e+00 
 6.44850000e-09  1.79080955e+00 
 6.44950000e-09  1.79080955e+00 
 6.45050000e-09  1.79080955e+00 
 6.45150000e-09  1.79080955e+00 
 6.45250000e-09  1.79080955e+00 
 6.45350000e-09  1.79080955e+00 
 6.45450000e-09  1.79080955e+00 
 6.45550000e-09  1.79080955e+00 
 6.45650000e-09  1.79080955e+00 
 6.45750000e-09  1.79080955e+00 
 6.45850000e-09  1.79080955e+00 
 6.45950000e-09  1.79080955e+00 
 6.46050000e-09  1.79080955e+00 
 6.46150000e-09  1.79080955e+00 
 6.46250000e-09  1.79080955e+00 
 6.46350000e-09  1.79080955e+00 
 6.46450000e-09  1.79080955e+00 
 6.46550000e-09  1.79080955e+00 
 6.46650000e-09  1.79080955e+00 
 6.46750000e-09  1.79080955e+00 
 6.46850000e-09  1.79080955e+00 
 6.46950000e-09  1.79080955e+00 
 6.47050000e-09  1.79080955e+00 
 6.47150000e-09  1.79080955e+00 
 6.47250000e-09  1.79080955e+00 
 6.47350000e-09  1.79080955e+00 
 6.47450000e-09  1.79080955e+00 
 6.47550000e-09  1.79080955e+00 
 6.47650000e-09  1.79080955e+00 
 6.47750000e-09  1.79080955e+00 
 6.47850000e-09  1.79080955e+00 
 6.47950000e-09  1.79080955e+00 
 6.48050000e-09  1.79080955e+00 
 6.48150000e-09  1.79080955e+00 
 6.48250000e-09  1.79080955e+00 
 6.48350000e-09  1.79080955e+00 
 6.48450000e-09  1.79080955e+00 
 6.48550000e-09  1.79080955e+00 
 6.48650000e-09  1.79080955e+00 
 6.48750000e-09  1.79080955e+00 
 6.48850000e-09  1.79080955e+00 
 6.48950000e-09  1.79080955e+00 
 6.49050000e-09  1.79080955e+00 
 6.49150000e-09  1.79080955e+00 
 6.49250000e-09  1.79080955e+00 
 6.49350000e-09  1.79080955e+00 
 6.49450000e-09  1.79080955e+00 
 6.49550000e-09  1.79080955e+00 
 6.49650000e-09  1.79080955e+00 
 6.49750000e-09  1.79080955e+00 
 6.49850000e-09  1.79080955e+00 
 6.49950000e-09  1.79080955e+00 
 6.50050000e-09  1.79080955e+00 
 6.50150000e-09  1.79080955e+00 
 6.50250000e-09  1.79080955e+00 
 6.50350000e-09  1.79080955e+00 
 6.50450000e-09  1.79080955e+00 
 6.50550000e-09  1.79080955e+00 
 6.50650000e-09  1.79080955e+00 
 6.50750000e-09  1.79080955e+00 
 6.50850000e-09  1.79080955e+00 
 6.50950000e-09  1.79080955e+00 
 6.51050000e-09  1.79080955e+00 
 6.51150000e-09  1.79080955e+00 
 6.51250000e-09  1.79080955e+00 
 6.51350000e-09  1.79080955e+00 
 6.51450000e-09  1.79080955e+00 
 6.51550000e-09  1.79080955e+00 
 6.51650000e-09  1.79080955e+00 
 6.51750000e-09  1.79080955e+00 
 6.51850000e-09  1.79080955e+00 
 6.51950000e-09  1.79080955e+00 
 6.52050000e-09  1.79080955e+00 
 6.52150000e-09  1.79080955e+00 
 6.52250000e-09  1.79080955e+00 
 6.52350000e-09  1.79080955e+00 
 6.52450000e-09  1.79080955e+00 
 6.52550000e-09  1.79080955e+00 
 6.52650000e-09  1.79080955e+00 
 6.52750000e-09  1.79080955e+00 
 6.52850000e-09  1.79080955e+00 
 6.52950000e-09  1.79080955e+00 
 6.53050000e-09  1.79080955e+00 
 6.53150000e-09  1.79080955e+00 
 6.53250000e-09  1.79080955e+00 
 6.53350000e-09  1.79080955e+00 
 6.53450000e-09  1.79080955e+00 
 6.53550000e-09  1.79080955e+00 
 6.53650000e-09  1.79080955e+00 
 6.53750000e-09  1.79080955e+00 
 6.53850000e-09  1.79080955e+00 
 6.53950000e-09  1.79080955e+00 
 6.54050000e-09  1.79080955e+00 
 6.54150000e-09  1.79080955e+00 
 6.54250000e-09  1.79080955e+00 
 6.54350000e-09  1.79080955e+00 
 6.54450000e-09  1.79080955e+00 
 6.54550000e-09  1.79080955e+00 
 6.54650000e-09  1.79080955e+00 
 6.54750000e-09  1.79080955e+00 
 6.54850000e-09  1.79080955e+00 
 6.54950000e-09  1.79080955e+00 
 6.55050000e-09  1.79080955e+00 
 6.55150000e-09  1.79080955e+00 
 6.55250000e-09  1.79080955e+00 
 6.55350000e-09  1.79080955e+00 
 6.55450000e-09  1.79080955e+00 
 6.55550000e-09  1.79080955e+00 
 6.55650000e-09  1.79080955e+00 
 6.55750000e-09  1.79080955e+00 
 6.55850000e-09  1.79080955e+00 
 6.55950000e-09  1.79080955e+00 
 6.56050000e-09  1.79080955e+00 
 6.56150000e-09  1.79080955e+00 
 6.56250000e-09  1.79080955e+00 
 6.56350000e-09  1.79080955e+00 
 6.56450000e-09  1.79080955e+00 
 6.56550000e-09  1.79080955e+00 
 6.56650000e-09  1.79080955e+00 
 6.56750000e-09  1.79080955e+00 
 6.56850000e-09  1.79080955e+00 
 6.56950000e-09  1.79080955e+00 
 6.57050000e-09  1.79080955e+00 
 6.57150000e-09  1.79080955e+00 
 6.57250000e-09  1.79080955e+00 
 6.57350000e-09  1.79080955e+00 
 6.57450000e-09  1.79080955e+00 
 6.57550000e-09  1.79080955e+00 
 6.57650000e-09  1.79080955e+00 
 6.57750000e-09  1.79080955e+00 
 6.57850000e-09  1.79080955e+00 
 6.57950000e-09  1.79080955e+00 
 6.58050000e-09  1.79080955e+00 
 6.58150000e-09  1.79080955e+00 
 6.58250000e-09  1.79080955e+00 
 6.58350000e-09  1.79080955e+00 
 6.58450000e-09  1.79080955e+00 
 6.58550000e-09  1.79080955e+00 
 6.58650000e-09  1.79080955e+00 
 6.58750000e-09  1.79080955e+00 
 6.58850000e-09  1.79080955e+00 
 6.58950000e-09  1.79080955e+00 
 6.59050000e-09  1.79080955e+00 
 6.59150000e-09  1.79080955e+00 
 6.59250000e-09  1.79080955e+00 
 6.59350000e-09  1.79080955e+00 
 6.59450000e-09  1.79080955e+00 
 6.59550000e-09  1.79080955e+00 
 6.59650000e-09  1.79080955e+00 
 6.59750000e-09  1.79080955e+00 
 6.59850000e-09  1.79080955e+00 
 6.59950000e-09  1.79080955e+00 
 6.60050000e-09  1.79080955e+00 
 6.60150000e-09  1.79080955e+00 
 6.60250000e-09  1.79080955e+00 
 6.60350000e-09  1.79080955e+00 
 6.60450000e-09  1.79080955e+00 
 6.60550000e-09  1.79080955e+00 
 6.60650000e-09  1.79080955e+00 
 6.60750000e-09  1.79080955e+00 
 6.60850000e-09  1.79080955e+00 
 6.60950000e-09  1.79080955e+00 
 6.61050000e-09  1.79080955e+00 
 6.61150000e-09  1.79080955e+00 
 6.61250000e-09  1.79080955e+00 
 6.61350000e-09  1.79080955e+00 
 6.61450000e-09  1.79080955e+00 
 6.61550000e-09  1.79080955e+00 
 6.61650000e-09  1.79080955e+00 
 6.61750000e-09  1.79080955e+00 
 6.61850000e-09  1.79080955e+00 
 6.61950000e-09  1.79080955e+00 
 6.62050000e-09  1.79080955e+00 
 6.62150000e-09  1.79080955e+00 
 6.62250000e-09  1.79080955e+00 
 6.62350000e-09  1.79080955e+00 
 6.62450000e-09  1.79080955e+00 
 6.62550000e-09  1.79080955e+00 
 6.62650000e-09  1.79080955e+00 
 6.62750000e-09  1.79080955e+00 
 6.62850000e-09  1.79080955e+00 
 6.62950000e-09  1.79080955e+00 
 6.63050000e-09  1.79080955e+00 
 6.63150000e-09  1.79080955e+00 
 6.63250000e-09  1.79080955e+00 
 6.63350000e-09  1.79080955e+00 
 6.63450000e-09  1.79080955e+00 
 6.63550000e-09  1.79080955e+00 
 6.63650000e-09  1.79080955e+00 
 6.63750000e-09  1.79080955e+00 
 6.63850000e-09  1.79080955e+00 
 6.63950000e-09  1.79080955e+00 
 6.64050000e-09  1.79080955e+00 
 6.64150000e-09  1.79080955e+00 
 6.64250000e-09  1.79080955e+00 
 6.64350000e-09  1.79080955e+00 
 6.64450000e-09  1.79080955e+00 
 6.64550000e-09  1.79080955e+00 
 6.64650000e-09  1.79080955e+00 
 6.64750000e-09  1.79080955e+00 
 6.64850000e-09  1.79080955e+00 
 6.64950000e-09  1.79080955e+00 
 6.65050000e-09  1.79080955e+00 
 6.65150000e-09  1.79080955e+00 
 6.65250000e-09  1.79080955e+00 
 6.65350000e-09  1.79080955e+00 
 6.65450000e-09  1.79080955e+00 
 6.65550000e-09  1.79080955e+00 
 6.65650000e-09  1.79080955e+00 
 6.65750000e-09  1.79080955e+00 
 6.65850000e-09  1.79080955e+00 
 6.65950000e-09  1.79080955e+00 
 6.66050000e-09  1.79080955e+00 
 6.66150000e-09  1.79080955e+00 
 6.66250000e-09  1.79080955e+00 
 6.66350000e-09  1.79080955e+00 
 6.66450000e-09  1.79080955e+00 
 6.66550000e-09  1.79080955e+00 
 6.66650000e-09  1.79080955e+00 
 6.66750000e-09  1.79080955e+00 
 6.66850000e-09  1.79080955e+00 
 6.66950000e-09  1.79080955e+00 
 6.67050000e-09  1.79080955e+00 
 6.67150000e-09  1.79080955e+00 
 6.67250000e-09  1.79080955e+00 
 6.67350000e-09  1.79080955e+00 
 6.67450000e-09  1.79080955e+00 
 6.67550000e-09  1.79080955e+00 
 6.67650000e-09  1.79080955e+00 
 6.67750000e-09  1.79080955e+00 
 6.67850000e-09  1.79080955e+00 
 6.67950000e-09  1.79080955e+00 
 6.68050000e-09  1.79080955e+00 
 6.68150000e-09  1.79080955e+00 
 6.68250000e-09  1.79080955e+00 
 6.68350000e-09  1.79080955e+00 
 6.68450000e-09  1.79080955e+00 
 6.68550000e-09  1.79080955e+00 
 6.68650000e-09  1.79080955e+00 
 6.68750000e-09  1.79080955e+00 
 6.68850000e-09  1.79080955e+00 
 6.68950000e-09  1.79080955e+00 
 6.69050000e-09  1.79080955e+00 
 6.69150000e-09  1.79080955e+00 
 6.69250000e-09  1.79080955e+00 
 6.69350000e-09  1.79080955e+00 
 6.69450000e-09  1.79080955e+00 
 6.69550000e-09  1.79080955e+00 
 6.69650000e-09  1.79080955e+00 
 6.69750000e-09  1.79080955e+00 
 6.69850000e-09  1.79080955e+00 
 6.69950000e-09  1.79080955e+00 
 6.70050000e-09  1.79080955e+00 
 6.70150000e-09  1.79080955e+00 
 6.70250000e-09  1.79080955e+00 
 6.70350000e-09  1.79080955e+00 
 6.70450000e-09  1.79080955e+00 
 6.70550000e-09  1.79080955e+00 
 6.70650000e-09  1.79080955e+00 
 6.70750000e-09  1.79080955e+00 
 6.70850000e-09  1.79080955e+00 
 6.70950000e-09  1.79080955e+00 
 6.71050000e-09  1.79080955e+00 
 6.71150000e-09  1.79080955e+00 
 6.71250000e-09  1.79080955e+00 
 6.71350000e-09  1.79080955e+00 
 6.71450000e-09  1.79080955e+00 
 6.71550000e-09  1.79080955e+00 
 6.71650000e-09  1.79080955e+00 
 6.71750000e-09  1.79080955e+00 
 6.71850000e-09  1.79080955e+00 
 6.71950000e-09  1.79080955e+00 
 6.72050000e-09  1.79080955e+00 
 6.72150000e-09  1.79080955e+00 
 6.72250000e-09  1.79080955e+00 
 6.72350000e-09  1.79080955e+00 
 6.72450000e-09  1.79080955e+00 
 6.72550000e-09  1.79080955e+00 
 6.72650000e-09  1.79080955e+00 
 6.72750000e-09  1.79080955e+00 
 6.72850000e-09  1.79080955e+00 
 6.72950000e-09  1.79080955e+00 
 6.73050000e-09  1.79080955e+00 
 6.73150000e-09  1.79080955e+00 
 6.73250000e-09  1.79080955e+00 
 6.73350000e-09  1.79080955e+00 
 6.73450000e-09  1.79080955e+00 
 6.73550000e-09  1.79080955e+00 
 6.73650000e-09  1.79080955e+00 
 6.73750000e-09  1.79080955e+00 
 6.73850000e-09  1.79080955e+00 
 6.73950000e-09  1.79080955e+00 
 6.74050000e-09  1.79080955e+00 
 6.74150000e-09  1.79080955e+00 
 6.74250000e-09  1.79080955e+00 
 6.74350000e-09  1.79080955e+00 
 6.74450000e-09  1.79080955e+00 
 6.74550000e-09  1.79080955e+00 
 6.74650000e-09  1.79080955e+00 
 6.74750000e-09  1.79080955e+00 
 6.74850000e-09  1.79080955e+00 
 6.74950000e-09  1.79080955e+00 
 6.75050000e-09  1.79080955e+00 
 6.75150000e-09  1.79080955e+00 
 6.75250000e-09  1.79080955e+00 
 6.75350000e-09  1.79080955e+00 
 6.75450000e-09  1.79080955e+00 
 6.75550000e-09  1.79080955e+00 
 6.75650000e-09  1.79080955e+00 
 6.75750000e-09  1.79080955e+00 
 6.75850000e-09  1.79080955e+00 
 6.75950000e-09  1.79080955e+00 
 6.76050000e-09  1.79080955e+00 
 6.76150000e-09  1.79080955e+00 
 6.76250000e-09  1.79080955e+00 
 6.76350000e-09  1.79080955e+00 
 6.76450000e-09  1.79080955e+00 
 6.76550000e-09  1.79080955e+00 
 6.76650000e-09  1.79080955e+00 
 6.76750000e-09  1.79080955e+00 
 6.76850000e-09  1.79080955e+00 
 6.76950000e-09  1.79080955e+00 
 6.77050000e-09  1.79080955e+00 
 6.77150000e-09  1.79080955e+00 
 6.77250000e-09  1.79080955e+00 
 6.77350000e-09  1.79080955e+00 
 6.77450000e-09  1.79080955e+00 
 6.77550000e-09  1.79080955e+00 
 6.77650000e-09  1.79080955e+00 
 6.77750000e-09  1.79080955e+00 
 6.77850000e-09  1.79080955e+00 
 6.77950000e-09  1.79080955e+00 
 6.78050000e-09  1.79080955e+00 
 6.78150000e-09  1.79080955e+00 
 6.78250000e-09  1.79080955e+00 
 6.78350000e-09  1.79080955e+00 
 6.78450000e-09  1.79080955e+00 
 6.78550000e-09  1.79080955e+00 
 6.78650000e-09  1.79080955e+00 
 6.78750000e-09  1.79080955e+00 
 6.78850000e-09  1.79080955e+00 
 6.78950000e-09  1.79080955e+00 
 6.79050000e-09  1.79080955e+00 
 6.79150000e-09  1.79080955e+00 
 6.79250000e-09  1.79080955e+00 
 6.79350000e-09  1.79080955e+00 
 6.79450000e-09  1.79080955e+00 
 6.79550000e-09  1.79080955e+00 
 6.79650000e-09  1.79080955e+00 
 6.79750000e-09  1.79080955e+00 
 6.79850000e-09  1.79080955e+00 
 6.79950000e-09  1.79080955e+00 
 6.80050000e-09  1.79080955e+00 
 6.80150000e-09  1.79080955e+00 
 6.80250000e-09  1.79080955e+00 
 6.80350000e-09  1.79080955e+00 
 6.80450000e-09  1.79080955e+00 
 6.80550000e-09  1.79080955e+00 
 6.80650000e-09  1.79080955e+00 
 6.80750000e-09  1.79080955e+00 
 6.80850000e-09  1.79080955e+00 
 6.80950000e-09  1.79080955e+00 
 6.81050000e-09  1.79080955e+00 
 6.81150000e-09  1.79080955e+00 
 6.81250000e-09  1.79080955e+00 
 6.81350000e-09  1.79080955e+00 
 6.81450000e-09  1.79080955e+00 
 6.81550000e-09  1.79080955e+00 
 6.81650000e-09  1.79080955e+00 
 6.81750000e-09  1.79080955e+00 
 6.81850000e-09  1.79080955e+00 
 6.81950000e-09  1.79080955e+00 
 6.82050000e-09  1.79080955e+00 
 6.82150000e-09  1.79080955e+00 
 6.82250000e-09  1.79080955e+00 
 6.82350000e-09  1.79080955e+00 
 6.82450000e-09  1.79080955e+00 
 6.82550000e-09  1.79080955e+00 
 6.82650000e-09  1.79080955e+00 
 6.82750000e-09  1.79080955e+00 
 6.82850000e-09  1.79080955e+00 
 6.82950000e-09  1.79080955e+00 
 6.83050000e-09  1.79080955e+00 
 6.83150000e-09  1.79080955e+00 
 6.83250000e-09  1.79080955e+00 
 6.83350000e-09  1.79080955e+00 
 6.83450000e-09  1.79080955e+00 
 6.83550000e-09  1.79080955e+00 
 6.83650000e-09  1.79080955e+00 
 6.83750000e-09  1.79080955e+00 
 6.83850000e-09  1.79080955e+00 
 6.83950000e-09  1.79080955e+00 
 6.84050000e-09  1.79080955e+00 
 6.84150000e-09  1.79080955e+00 
 6.84250000e-09  1.79080955e+00 
 6.84350000e-09  1.79080955e+00 
 6.84450000e-09  1.79080955e+00 
 6.84550000e-09  1.79080955e+00 
 6.84650000e-09  1.79080955e+00 
 6.84750000e-09  1.79080955e+00 
 6.84850000e-09  1.79080955e+00 
 6.84950000e-09  1.79080955e+00 
 6.85050000e-09  1.79080955e+00 
 6.85150000e-09  1.79080955e+00 
 6.85250000e-09  1.79080955e+00 
 6.85350000e-09  1.79080955e+00 
 6.85450000e-09  1.79080955e+00 
 6.85550000e-09  1.79080955e+00 
 6.85650000e-09  1.79080955e+00 
 6.85750000e-09  1.79080955e+00 
 6.85850000e-09  1.79080955e+00 
 6.85950000e-09  1.79080955e+00 
 6.86050000e-09  1.79080955e+00 
 6.86150000e-09  1.79080955e+00 
 6.86250000e-09  1.79080955e+00 
 6.86350000e-09  1.79080955e+00 
 6.86450000e-09  1.79080955e+00 
 6.86550000e-09  1.79080955e+00 
 6.86650000e-09  1.79080955e+00 
 6.86750000e-09  1.79080955e+00 
 6.86850000e-09  1.79080955e+00 
 6.86950000e-09  1.79080955e+00 
 6.87050000e-09  1.79080955e+00 
 6.87150000e-09  1.79080955e+00 
 6.87250000e-09  1.79080955e+00 
 6.87350000e-09  1.79080955e+00 
 6.87450000e-09  1.79080955e+00 
 6.87550000e-09  1.79080955e+00 
 6.87650000e-09  1.79080955e+00 
 6.87750000e-09  1.79080955e+00 
 6.87850000e-09  1.79080955e+00 
 6.87950000e-09  1.79080955e+00 
 6.88050000e-09  1.79080955e+00 
 6.88150000e-09  1.79080955e+00 
 6.88250000e-09  1.79080955e+00 
 6.88350000e-09  1.79080955e+00 
 6.88450000e-09  1.79080955e+00 
 6.88550000e-09  1.79080955e+00 
 6.88650000e-09  1.79080955e+00 
 6.88750000e-09  1.79080955e+00 
 6.88850000e-09  1.79080955e+00 
 6.88950000e-09  1.79080955e+00 
 6.89050000e-09  1.79080955e+00 
 6.89150000e-09  1.79080955e+00 
 6.89250000e-09  1.79080955e+00 
 6.89350000e-09  1.79080955e+00 
 6.89450000e-09  1.79080955e+00 
 6.89550000e-09  1.79080955e+00 
 6.89650000e-09  1.79080955e+00 
 6.89750000e-09  1.79080955e+00 
 6.89850000e-09  1.79080955e+00 
 6.89950000e-09  1.79080955e+00 
 6.90050000e-09  1.79080955e+00 
 6.90150000e-09  1.79080955e+00 
 6.90250000e-09  1.79080955e+00 
 6.90350000e-09  1.79080955e+00 
 6.90450000e-09  1.79080955e+00 
 6.90550000e-09  1.79080955e+00 
 6.90650000e-09  1.79080955e+00 
 6.90750000e-09  1.79080955e+00 
 6.90850000e-09  1.79080955e+00 
 6.90950000e-09  1.79080955e+00 
 6.91050000e-09  1.79080955e+00 
 6.91150000e-09  1.79080955e+00 
 6.91250000e-09  1.79080955e+00 
 6.91350000e-09  1.79080955e+00 
 6.91450000e-09  1.79080955e+00 
 6.91550000e-09  1.79080955e+00 
 6.91650000e-09  1.79080955e+00 
 6.91750000e-09  1.79080955e+00 
 6.91850000e-09  1.79080955e+00 
 6.91950000e-09  1.79080955e+00 
 6.92050000e-09  1.79080955e+00 
 6.92150000e-09  1.79080955e+00 
 6.92250000e-09  1.79080955e+00 
 6.92350000e-09  1.79080955e+00 
 6.92450000e-09  1.79080955e+00 
 6.92550000e-09  1.79080955e+00 
 6.92650000e-09  1.79080955e+00 
 6.92750000e-09  1.79080955e+00 
 6.92850000e-09  1.79080955e+00 
 6.92950000e-09  1.79080955e+00 
 6.93050000e-09  1.79080955e+00 
 6.93150000e-09  1.79080955e+00 
 6.93250000e-09  1.79080955e+00 
 6.93350000e-09  1.79080955e+00 
 6.93450000e-09  1.79080955e+00 
 6.93550000e-09  1.79080955e+00 
 6.93650000e-09  1.79080955e+00 
 6.93750000e-09  1.79080955e+00 
 6.93850000e-09  1.79080955e+00 
 6.93950000e-09  1.79080955e+00 
 6.94050000e-09  1.79080955e+00 
 6.94150000e-09  1.79080955e+00 
 6.94250000e-09  1.79080955e+00 
 6.94350000e-09  1.79080955e+00 
 6.94450000e-09  1.79080955e+00 
 6.94550000e-09  1.79080955e+00 
 6.94650000e-09  1.79080955e+00 
 6.94750000e-09  1.79080955e+00 
 6.94850000e-09  1.79080955e+00 
 6.94950000e-09  1.79080955e+00 
 6.95050000e-09  1.79080955e+00 
 6.95150000e-09  1.79080955e+00 
 6.95250000e-09  1.79080955e+00 
 6.95350000e-09  1.79080955e+00 
 6.95450000e-09  1.79080955e+00 
 6.95550000e-09  1.79080955e+00 
 6.95650000e-09  1.79080955e+00 
 6.95750000e-09  1.79080955e+00 
 6.95850000e-09  1.79080955e+00 
 6.95950000e-09  1.79080955e+00 
 6.96050000e-09  1.79080955e+00 
 6.96150000e-09  1.79080955e+00 
 6.96250000e-09  1.79080955e+00 
 6.96350000e-09  1.79080955e+00 
 6.96450000e-09  1.79080955e+00 
 6.96550000e-09  1.79080955e+00 
 6.96650000e-09  1.79080955e+00 
 6.96750000e-09  1.79080955e+00 
 6.96850000e-09  1.79080955e+00 
 6.96950000e-09  1.79080955e+00 
 6.97050000e-09  1.79080955e+00 
 6.97150000e-09  1.79080955e+00 
 6.97250000e-09  1.79080955e+00 
 6.97350000e-09  1.79080955e+00 
 6.97450000e-09  1.79080955e+00 
 6.97550000e-09  1.79080955e+00 
 6.97650000e-09  1.79080955e+00 
 6.97750000e-09  1.79080955e+00 
 6.97850000e-09  1.79080955e+00 
 6.97950000e-09  1.79080955e+00 
 6.98050000e-09  1.79080955e+00 
 6.98150000e-09  1.79080955e+00 
 6.98250000e-09  1.79080955e+00 
 6.98350000e-09  1.79080955e+00 
 6.98450000e-09  1.79080955e+00 
 6.98550000e-09  1.79080955e+00 
 6.98650000e-09  1.79080955e+00 
 6.98750000e-09  1.79080955e+00 
 6.98850000e-09  1.79080955e+00 
 6.98950000e-09  1.79080955e+00 
 6.99050000e-09  1.79080955e+00 
 6.99150000e-09  1.79080955e+00 
 6.99250000e-09  1.79080955e+00 
 6.99350000e-09  1.79080955e+00 
 6.99450000e-09  1.79080955e+00 
 6.99550000e-09  1.79080955e+00 
 6.99650000e-09  1.79080955e+00 
 6.99750000e-09  1.79080955e+00 
 6.99850000e-09  1.79080955e+00 
 6.99950000e-09  1.79080955e+00 
 7.00050000e-09  1.79080955e+00 
 7.00150000e-09  1.79080955e+00 
 7.00250000e-09  1.79080955e+00 
 7.00350000e-09  1.79080955e+00 
 7.00450000e-09  1.79080955e+00 
 7.00550000e-09  1.79080955e+00 
 7.00650000e-09  1.79080955e+00 
 7.00750000e-09  1.79080955e+00 
 7.00850000e-09  1.79080955e+00 
 7.00950000e-09  1.79080955e+00 
 7.01050000e-09  1.79080955e+00 
 7.01150000e-09  1.79080955e+00 
 7.01250000e-09  1.79080955e+00 
 7.01350000e-09  1.79080955e+00 
 7.01450000e-09  1.79080955e+00 
 7.01550000e-09  1.79080955e+00 
 7.01650000e-09  1.79080955e+00 
 7.01750000e-09  1.79080955e+00 
 7.01850000e-09  1.79080955e+00 
 7.01950000e-09  1.79080955e+00 
 7.02050000e-09  1.79080955e+00 
 7.02150000e-09  1.79080955e+00 
 7.02250000e-09  1.79080955e+00 
 7.02350000e-09  1.79080955e+00 
 7.02450000e-09  1.79080955e+00 
 7.02550000e-09  1.79080955e+00 
 7.02650000e-09  1.79080955e+00 
 7.02750000e-09  1.79080955e+00 
 7.02850000e-09  1.79080955e+00 
 7.02950000e-09  1.79080955e+00 
 7.03050000e-09  1.79080955e+00 
 7.03150000e-09  1.79080955e+00 
 7.03250000e-09  1.79080955e+00 
 7.03350000e-09  1.79080955e+00 
 7.03450000e-09  1.79080955e+00 
 7.03550000e-09  1.79080955e+00 
 7.03650000e-09  1.79080955e+00 
 7.03750000e-09  1.79080955e+00 
 7.03850000e-09  1.79080955e+00 
 7.03950000e-09  1.79080955e+00 
 7.04050000e-09  1.79080955e+00 
 7.04150000e-09  1.79080955e+00 
 7.04250000e-09  1.79080955e+00 
 7.04350000e-09  1.79080955e+00 
 7.04450000e-09  1.79080955e+00 
 7.04550000e-09  1.79080955e+00 
 7.04650000e-09  1.79080955e+00 
 7.04750000e-09  1.79080955e+00 
 7.04850000e-09  1.79080955e+00 
 7.04950000e-09  1.79080955e+00 
 7.05050000e-09  1.79080955e+00 
 7.05150000e-09  1.79080955e+00 
 7.05250000e-09  1.79080955e+00 
 7.05350000e-09  1.79080955e+00 
 7.05450000e-09  1.79080955e+00 
 7.05550000e-09  1.79080955e+00 
 7.05650000e-09  1.79080955e+00 
 7.05750000e-09  1.79080955e+00 
 7.05850000e-09  1.79080955e+00 
 7.05950000e-09  1.79080955e+00 
 7.06050000e-09  1.79080955e+00 
 7.06150000e-09  1.79080955e+00 
 7.06250000e-09  1.79080955e+00 
 7.06350000e-09  1.79080955e+00 
 7.06450000e-09  1.79080955e+00 
 7.06550000e-09  1.79080955e+00 
 7.06650000e-09  1.79080955e+00 
 7.06750000e-09  1.79080955e+00 
 7.06850000e-09  1.79080955e+00 
 7.06950000e-09  1.79080955e+00 
 7.07050000e-09  1.79080955e+00 
 7.07150000e-09  1.79080955e+00 
 7.07250000e-09  1.79080955e+00 
 7.07350000e-09  1.79080955e+00 
 7.07450000e-09  1.79080955e+00 
 7.07550000e-09  1.79080955e+00 
 7.07650000e-09  1.79080955e+00 
 7.07750000e-09  1.79080955e+00 
 7.07850000e-09  1.79080955e+00 
 7.07950000e-09  1.79080955e+00 
 7.08050000e-09  1.79080955e+00 
 7.08150000e-09  1.79080955e+00 
 7.08250000e-09  1.79080955e+00 
 7.08350000e-09  1.79080955e+00 
 7.08450000e-09  1.79080955e+00 
 7.08550000e-09  1.79080955e+00 
 7.08650000e-09  1.79080955e+00 
 7.08750000e-09  1.79080955e+00 
 7.08850000e-09  1.79080955e+00 
 7.08950000e-09  1.79080955e+00 
 7.09050000e-09  1.79080955e+00 
 7.09150000e-09  1.79080955e+00 
 7.09250000e-09  1.79080955e+00 
 7.09350000e-09  1.79080955e+00 
 7.09450000e-09  1.79080955e+00 
 7.09550000e-09  1.79080955e+00 
 7.09650000e-09  1.79080955e+00 
 7.09750000e-09  1.79080955e+00 
 7.09850000e-09  1.79080955e+00 
 7.09950000e-09  1.79080955e+00 
 7.10050000e-09  1.79080955e+00 
 7.10150000e-09  1.79080955e+00 
 7.10250000e-09  1.79080955e+00 
 7.10350000e-09  1.79080955e+00 
 7.10450000e-09  1.79080955e+00 
 7.10550000e-09  1.79080955e+00 
 7.10650000e-09  1.79080955e+00 
 7.10750000e-09  1.79080955e+00 
 7.10850000e-09  1.79080955e+00 
 7.10950000e-09  1.79080955e+00 
 7.11050000e-09  1.79080955e+00 
 7.11150000e-09  1.79080955e+00 
 7.11250000e-09  1.79080955e+00 
 7.11350000e-09  1.79080955e+00 
 7.11450000e-09  1.79080955e+00 
 7.11550000e-09  1.79080955e+00 
 7.11650000e-09  1.79080955e+00 
 7.11750000e-09  1.79080955e+00 
 7.11850000e-09  1.79080955e+00 
 7.11950000e-09  1.79080955e+00 
 7.12050000e-09  1.79080955e+00 
 7.12150000e-09  1.79080955e+00 
 7.12250000e-09  1.79080955e+00 
 7.12350000e-09  1.79080955e+00 
 7.12450000e-09  1.79080955e+00 
 7.12550000e-09  1.79080955e+00 
 7.12650000e-09  1.79080955e+00 
 7.12750000e-09  1.79080955e+00 
 7.12850000e-09  1.79080955e+00 
 7.12950000e-09  1.79080955e+00 
 7.13050000e-09  1.79080955e+00 
 7.13150000e-09  1.79080955e+00 
 7.13250000e-09  1.79080955e+00 
 7.13350000e-09  1.79080955e+00 
 7.13450000e-09  1.79080955e+00 
 7.13550000e-09  1.79080955e+00 
 7.13650000e-09  1.79080955e+00 
 7.13750000e-09  1.79080955e+00 
 7.13850000e-09  1.79080955e+00 
 7.13950000e-09  1.79080955e+00 
 7.14050000e-09  1.79080955e+00 
 7.14150000e-09  1.79080955e+00 
 7.14250000e-09  1.79080955e+00 
 7.14350000e-09  1.79080955e+00 
 7.14450000e-09  1.79080955e+00 
 7.14550000e-09  1.79080955e+00 
 7.14650000e-09  1.79080955e+00 
 7.14750000e-09  1.79080955e+00 
 7.14850000e-09  1.79080955e+00 
 7.14950000e-09  1.79080955e+00 
 7.15050000e-09  1.79080955e+00 
 7.15150000e-09  1.79080955e+00 
 7.15250000e-09  1.79080955e+00 
 7.15350000e-09  1.79080955e+00 
 7.15450000e-09  1.79080955e+00 
 7.15550000e-09  1.79080955e+00 
 7.15650000e-09  1.79080955e+00 
 7.15750000e-09  1.79080955e+00 
 7.15850000e-09  1.79080955e+00 
 7.15950000e-09  1.79080955e+00 
 7.16050000e-09  1.79080955e+00 
 7.16150000e-09  1.79080955e+00 
 7.16250000e-09  1.79080955e+00 
 7.16350000e-09  1.79080955e+00 
 7.16450000e-09  1.79080955e+00 
 7.16550000e-09  1.79080955e+00 
 7.16650000e-09  1.79080955e+00 
 7.16750000e-09  1.79080955e+00 
 7.16850000e-09  1.79080955e+00 
 7.16950000e-09  1.79080955e+00 
 7.17050000e-09  1.79080955e+00 
 7.17150000e-09  1.79080955e+00 
 7.17250000e-09  1.79080955e+00 
 7.17350000e-09  1.79080955e+00 
 7.17450000e-09  1.79080955e+00 
 7.17550000e-09  1.79080955e+00 
 7.17650000e-09  1.79080955e+00 
 7.17750000e-09  1.79080955e+00 
 7.17850000e-09  1.79080955e+00 
 7.17950000e-09  1.79080955e+00 
 7.18050000e-09  1.79080955e+00 
 7.18150000e-09  1.79080955e+00 
 7.18250000e-09  1.79080955e+00 
 7.18350000e-09  1.79080955e+00 
 7.18450000e-09  1.79080955e+00 
 7.18550000e-09  1.79080955e+00 
 7.18650000e-09  1.79080955e+00 
 7.18750000e-09  1.79080955e+00 
 7.18850000e-09  1.79080955e+00 
 7.18950000e-09  1.79080955e+00 
 7.19050000e-09  1.79080955e+00 
 7.19150000e-09  1.79080955e+00 
 7.19250000e-09  1.79080955e+00 
 7.19350000e-09  1.79080955e+00 
 7.19450000e-09  1.79080955e+00 
 7.19550000e-09  1.79080955e+00 
 7.19650000e-09  1.79080955e+00 
 7.19750000e-09  1.79080955e+00 
 7.19850000e-09  1.79080955e+00 
 7.19950000e-09  1.79080955e+00 
 7.20050000e-09  1.79080955e+00 
 7.20150000e-09  1.79080955e+00 
 7.20250000e-09  1.79080955e+00 
 7.20350000e-09  1.79080955e+00 
 7.20450000e-09  1.79080955e+00 
 7.20550000e-09  1.79080955e+00 
 7.20650000e-09  1.79080955e+00 
 7.20750000e-09  1.79080955e+00 
 7.20850000e-09  1.79080955e+00 
 7.20950000e-09  1.79080955e+00 
 7.21050000e-09  1.79080955e+00 
 7.21150000e-09  1.79080955e+00 
 7.21250000e-09  1.79080955e+00 
 7.21350000e-09  1.79080955e+00 
 7.21450000e-09  1.79080955e+00 
 7.21550000e-09  1.79080955e+00 
 7.21650000e-09  1.79080955e+00 
 7.21750000e-09  1.79080955e+00 
 7.21850000e-09  1.79080955e+00 
 7.21950000e-09  1.79080955e+00 
 7.22050000e-09  1.79080955e+00 
 7.22150000e-09  1.79080955e+00 
 7.22250000e-09  1.79080955e+00 
 7.22350000e-09  1.79080955e+00 
 7.22450000e-09  1.79080955e+00 
 7.22550000e-09  1.79080955e+00 
 7.22650000e-09  1.79080955e+00 
 7.22750000e-09  1.79080955e+00 
 7.22850000e-09  1.79080955e+00 
 7.22950000e-09  1.79080955e+00 
 7.23050000e-09  1.79080955e+00 
 7.23150000e-09  1.79080955e+00 
 7.23250000e-09  1.79080955e+00 
 7.23350000e-09  1.79080955e+00 
 7.23450000e-09  1.79080955e+00 
 7.23550000e-09  1.79080955e+00 
 7.23650000e-09  1.79080955e+00 
 7.23750000e-09  1.79080955e+00 
 7.23850000e-09  1.79080955e+00 
 7.23950000e-09  1.79080955e+00 
 7.24050000e-09  1.79080955e+00 
 7.24150000e-09  1.79080955e+00 
 7.24250000e-09  1.79080955e+00 
 7.24350000e-09  1.79080955e+00 
 7.24450000e-09  1.79080955e+00 
 7.24550000e-09  1.79080955e+00 
 7.24650000e-09  1.79080955e+00 
 7.24750000e-09  1.79080955e+00 
 7.24850000e-09  1.79080955e+00 
 7.24950000e-09  1.79080955e+00 
 7.25050000e-09  1.79080955e+00 
 7.25150000e-09  1.79080955e+00 
 7.25250000e-09  1.79080955e+00 
 7.25350000e-09  1.79080955e+00 
 7.25450000e-09  1.79080955e+00 
 7.25550000e-09  1.79080955e+00 
 7.25650000e-09  1.79080955e+00 
 7.25750000e-09  1.79080955e+00 
 7.25850000e-09  1.79080955e+00 
 7.25950000e-09  1.79080955e+00 
 7.26050000e-09  1.79080955e+00 
 7.26150000e-09  1.79080955e+00 
 7.26250000e-09  1.79080955e+00 
 7.26350000e-09  1.79080955e+00 
 7.26450000e-09  1.79080955e+00 
 7.26550000e-09  1.79080955e+00 
 7.26650000e-09  1.79080955e+00 
 7.26750000e-09  1.79080955e+00 
 7.26850000e-09  1.79080955e+00 
 7.26950000e-09  1.79080955e+00 
 7.27050000e-09  1.79080955e+00 
 7.27150000e-09  1.79080955e+00 
 7.27250000e-09  1.79080955e+00 
 7.27350000e-09  1.79080955e+00 
 7.27450000e-09  1.79080955e+00 
 7.27550000e-09  1.79080955e+00 
 7.27650000e-09  1.79080955e+00 
 7.27750000e-09  1.79080955e+00 
 7.27850000e-09  1.79080955e+00 
 7.27950000e-09  1.79080955e+00 
 7.28050000e-09  1.79080955e+00 
 7.28150000e-09  1.79080955e+00 
 7.28250000e-09  1.79080955e+00 
 7.28350000e-09  1.79080955e+00 
 7.28450000e-09  1.79080955e+00 
 7.28550000e-09  1.79080955e+00 
 7.28650000e-09  1.79080955e+00 
 7.28750000e-09  1.79080955e+00 
 7.28850000e-09  1.79080955e+00 
 7.28950000e-09  1.79080955e+00 
 7.29050000e-09  1.79080955e+00 
 7.29150000e-09  1.79080955e+00 
 7.29250000e-09  1.79080955e+00 
 7.29350000e-09  1.79080955e+00 
 7.29450000e-09  1.79080955e+00 
 7.29550000e-09  1.79080955e+00 
 7.29650000e-09  1.79080955e+00 
 7.29750000e-09  1.79080955e+00 
 7.29850000e-09  1.79080955e+00 
 7.29950000e-09  1.79080955e+00 
 7.30050000e-09  1.79080955e+00 
 7.30150000e-09  1.79080955e+00 
 7.30250000e-09  1.79080955e+00 
 7.30350000e-09  1.79080955e+00 
 7.30450000e-09  1.79080955e+00 
 7.30550000e-09  1.79080955e+00 
 7.30650000e-09  1.79080955e+00 
 7.30750000e-09  1.79080955e+00 
 7.30850000e-09  1.79080955e+00 
 7.30950000e-09  1.79080955e+00 
 7.31050000e-09  1.79080955e+00 
 7.31150000e-09  1.79080955e+00 
 7.31250000e-09  1.79080955e+00 
 7.31350000e-09  1.79080955e+00 
 7.31450000e-09  1.79080955e+00 
 7.31550000e-09  1.79080955e+00 
 7.31650000e-09  1.79080955e+00 
 7.31750000e-09  1.79080955e+00 
 7.31850000e-09  1.79080955e+00 
 7.31950000e-09  1.79080955e+00 
 7.32050000e-09  1.79080955e+00 
 7.32150000e-09  1.79080955e+00 
 7.32250000e-09  1.79080955e+00 
 7.32350000e-09  1.79080955e+00 
 7.32450000e-09  1.79080955e+00 
 7.32550000e-09  1.79080955e+00 
 7.32650000e-09  1.79080955e+00 
 7.32750000e-09  1.79080955e+00 
 7.32850000e-09  1.79080955e+00 
 7.32950000e-09  1.79080955e+00 
 7.33050000e-09  1.79080955e+00 
 7.33150000e-09  1.79080955e+00 
 7.33250000e-09  1.79080955e+00 
 7.33350000e-09  1.79080955e+00 
 7.33450000e-09  1.79080955e+00 
 7.33550000e-09  1.79080955e+00 
 7.33650000e-09  1.79080955e+00 
 7.33750000e-09  1.79080955e+00 
 7.33850000e-09  1.79080955e+00 
 7.33950000e-09  1.79080955e+00 
 7.34050000e-09  1.79080955e+00 
 7.34150000e-09  1.79080955e+00 
 7.34250000e-09  1.79080955e+00 
 7.34350000e-09  1.79080955e+00 
 7.34450000e-09  1.79080955e+00 
 7.34550000e-09  1.79080955e+00 
 7.34650000e-09  1.79080955e+00 
 7.34750000e-09  1.79080955e+00 
 7.34850000e-09  1.79080955e+00 
 7.34950000e-09  1.79080955e+00 
 7.35050000e-09  1.79080955e+00 
 7.35150000e-09  1.79080955e+00 
 7.35250000e-09  1.79080955e+00 
 7.35350000e-09  1.79080955e+00 
 7.35450000e-09  1.79080955e+00 
 7.35550000e-09  1.79080955e+00 
 7.35650000e-09  1.79080955e+00 
 7.35750000e-09  1.79080955e+00 
 7.35850000e-09  1.79080955e+00 
 7.35950000e-09  1.79080955e+00 
 7.36050000e-09  1.79080955e+00 
 7.36150000e-09  1.79080955e+00 
 7.36250000e-09  1.79080955e+00 
 7.36350000e-09  1.79080955e+00 
 7.36450000e-09  1.79080955e+00 
 7.36550000e-09  1.79080955e+00 
 7.36650000e-09  1.79080955e+00 
 7.36750000e-09  1.79080955e+00 
 7.36850000e-09  1.79080955e+00 
 7.36950000e-09  1.79080955e+00 
 7.37050000e-09  1.79080955e+00 
 7.37150000e-09  1.79080955e+00 
 7.37250000e-09  1.79080955e+00 
 7.37350000e-09  1.79080955e+00 
 7.37450000e-09  1.79080955e+00 
 7.37550000e-09  1.79080955e+00 
 7.37650000e-09  1.79080955e+00 
 7.37750000e-09  1.79080955e+00 
 7.37850000e-09  1.79080955e+00 
 7.37950000e-09  1.79080955e+00 
 7.38050000e-09  1.79080955e+00 
 7.38150000e-09  1.79080955e+00 
 7.38250000e-09  1.79080955e+00 
 7.38350000e-09  1.79080955e+00 
 7.38450000e-09  1.79080955e+00 
 7.38550000e-09  1.79080955e+00 
 7.38650000e-09  1.79080955e+00 
 7.38750000e-09  1.79080955e+00 
 7.38850000e-09  1.79080955e+00 
 7.38950000e-09  1.79080955e+00 
 7.39050000e-09  1.79080955e+00 
 7.39150000e-09  1.79080955e+00 
 7.39250000e-09  1.79080955e+00 
 7.39350000e-09  1.79080955e+00 
 7.39450000e-09  1.79080955e+00 
 7.39550000e-09  1.79080955e+00 
 7.39650000e-09  1.79080955e+00 
 7.39750000e-09  1.79080955e+00 
 7.39850000e-09  1.79080955e+00 
 7.39950000e-09  1.79080955e+00 
 7.40050000e-09  1.79080955e+00 
 7.40150000e-09  1.79080955e+00 
 7.40250000e-09  1.79080955e+00 
 7.40350000e-09  1.79080955e+00 
 7.40450000e-09  1.79080955e+00 
 7.40550000e-09  1.79080955e+00 
 7.40650000e-09  1.79080955e+00 
 7.40750000e-09  1.79080955e+00 
 7.40850000e-09  1.79080955e+00 
 7.40950000e-09  1.79080955e+00 
 7.41050000e-09  1.79080955e+00 
 7.41150000e-09  1.79080955e+00 
 7.41250000e-09  1.79080955e+00 
 7.41350000e-09  1.79080955e+00 
 7.41450000e-09  1.79080955e+00 
 7.41550000e-09  1.79080955e+00 
 7.41650000e-09  1.79080955e+00 
 7.41750000e-09  1.79080955e+00 
 7.41850000e-09  1.79080955e+00 
 7.41950000e-09  1.79080955e+00 
 7.42050000e-09  1.79080955e+00 
 7.42150000e-09  1.79080955e+00 
 7.42250000e-09  1.79080955e+00 
 7.42350000e-09  1.79080955e+00 
 7.42450000e-09  1.79080955e+00 
 7.42550000e-09  1.79080955e+00 
 7.42650000e-09  1.79080955e+00 
 7.42750000e-09  1.79080955e+00 
 7.42850000e-09  1.79080955e+00 
 7.42950000e-09  1.79080955e+00 
 7.43050000e-09  1.79080955e+00 
 7.43150000e-09  1.79080955e+00 
 7.43250000e-09  1.79080955e+00 
 7.43350000e-09  1.79080955e+00 
 7.43450000e-09  1.79080955e+00 
 7.43550000e-09  1.79080955e+00 
 7.43650000e-09  1.79080955e+00 
 7.43750000e-09  1.79080955e+00 
 7.43850000e-09  1.79080955e+00 
 7.43950000e-09  1.79080955e+00 
 7.44050000e-09  1.79080955e+00 
 7.44150000e-09  1.79080955e+00 
 7.44250000e-09  1.79080955e+00 
 7.44350000e-09  1.79080955e+00 
 7.44450000e-09  1.79080955e+00 
 7.44550000e-09  1.79080955e+00 
 7.44650000e-09  1.79080955e+00 
 7.44750000e-09  1.79080955e+00 
 7.44850000e-09  1.79080955e+00 
 7.44950000e-09  1.79080955e+00 
 7.45050000e-09  1.79080955e+00 
 7.45150000e-09  1.79080955e+00 
 7.45250000e-09  1.79080955e+00 
 7.45350000e-09  1.79080955e+00 
 7.45450000e-09  1.79080955e+00 
 7.45550000e-09  1.79080955e+00 
 7.45650000e-09  1.79080955e+00 
 7.45750000e-09  1.79080955e+00 
 7.45850000e-09  1.79080955e+00 
 7.45950000e-09  1.79080955e+00 
 7.46050000e-09  1.79080955e+00 
 7.46150000e-09  1.79080955e+00 
 7.46250000e-09  1.79080955e+00 
 7.46350000e-09  1.79080955e+00 
 7.46450000e-09  1.79080955e+00 
 7.46550000e-09  1.79080955e+00 
 7.46650000e-09  1.79080955e+00 
 7.46750000e-09  1.79080955e+00 
 7.46850000e-09  1.79080955e+00 
 7.46950000e-09  1.79080955e+00 
 7.47050000e-09  1.79080955e+00 
 7.47150000e-09  1.79080955e+00 
 7.47250000e-09  1.79080955e+00 
 7.47350000e-09  1.79080955e+00 
 7.47450000e-09  1.79080955e+00 
 7.47550000e-09  1.79080955e+00 
 7.47650000e-09  1.79080955e+00 
 7.47750000e-09  1.79080955e+00 
 7.47850000e-09  1.79080955e+00 
 7.47950000e-09  1.79080955e+00 
 7.48050000e-09  1.79080955e+00 
 7.48150000e-09  1.79080955e+00 
 7.48250000e-09  1.79080955e+00 
 7.48350000e-09  1.79080955e+00 
 7.48450000e-09  1.79080955e+00 
 7.48550000e-09  1.79080955e+00 
 7.48650000e-09  1.79080955e+00 
 7.48750000e-09  1.79080955e+00 
 7.48850000e-09  1.79080955e+00 
 7.48950000e-09  1.79080955e+00 
 7.49050000e-09  1.79080955e+00 
 7.49150000e-09  1.79080955e+00 
 7.49250000e-09  1.79080955e+00 
 7.49350000e-09  1.79080955e+00 
 7.49450000e-09  1.79080955e+00 
 7.49550000e-09  1.79080955e+00 
 7.49650000e-09  1.79080955e+00 
 7.49750000e-09  1.79080955e+00 
 7.49850000e-09  1.79080955e+00 
 7.49950000e-09  1.79080955e+00 
 7.50050000e-09  1.79080955e+00 
 7.50150000e-09  1.79080955e+00 
 7.50250000e-09  1.79080955e+00 
 7.50350000e-09  1.79080955e+00 
 7.50450000e-09  1.79080955e+00 
 7.50550000e-09  1.79080955e+00 
 7.50650000e-09  1.79080955e+00 
 7.50750000e-09  1.79080955e+00 
 7.50850000e-09  1.79080955e+00 
 7.50950000e-09  1.79080955e+00 
 7.51050000e-09  1.79080955e+00 
 7.51150000e-09  1.79080955e+00 
 7.51250000e-09  1.79080955e+00 
 7.51350000e-09  1.79080955e+00 
 7.51450000e-09  1.79080955e+00 
 7.51550000e-09  1.79080955e+00 
 7.51650000e-09  1.79080955e+00 
 7.51750000e-09  1.79080955e+00 
 7.51850000e-09  1.79080955e+00 
 7.51950000e-09  1.79080955e+00 
 7.52050000e-09  1.79080955e+00 
 7.52150000e-09  1.79080955e+00 
 7.52250000e-09  1.79080955e+00 
 7.52350000e-09  1.79080955e+00 
 7.52450000e-09  1.79080955e+00 
 7.52550000e-09  1.79080955e+00 
 7.52650000e-09  1.79080955e+00 
 7.52750000e-09  1.79080955e+00 
 7.52850000e-09  1.79080955e+00 
 7.52950000e-09  1.79080955e+00 
 7.53050000e-09  1.79080955e+00 
 7.53150000e-09  1.79080955e+00 
 7.53250000e-09  1.79080955e+00 
 7.53350000e-09  1.79080955e+00 
 7.53450000e-09  1.79080955e+00 
 7.53550000e-09  1.79080955e+00 
 7.53650000e-09  1.79080955e+00 
 7.53750000e-09  1.79080955e+00 
 7.53850000e-09  1.79080955e+00 
 7.53950000e-09  1.79080955e+00 
 7.54050000e-09  1.79080955e+00 
 7.54150000e-09  1.79080955e+00 
 7.54250000e-09  1.79080955e+00 
 7.54350000e-09  1.79080955e+00 
 7.54450000e-09  1.79080955e+00 
 7.54550000e-09  1.79080955e+00 
 7.54650000e-09  1.79080955e+00 
 7.54750000e-09  1.79080955e+00 
 7.54850000e-09  1.79080955e+00 
 7.54950000e-09  1.79080955e+00 
 7.55050000e-09  1.79080955e+00 
 7.55150000e-09  1.79080955e+00 
 7.55250000e-09  1.79080955e+00 
 7.55350000e-09  1.79080955e+00 
 7.55450000e-09  1.79080955e+00 
 7.55550000e-09  1.79080955e+00 
 7.55650000e-09  1.79080955e+00 
 7.55750000e-09  1.79080955e+00 
 7.55850000e-09  1.79080955e+00 
 7.55950000e-09  1.79080955e+00 
 7.56050000e-09  1.79080955e+00 
 7.56150000e-09  1.79080955e+00 
 7.56250000e-09  1.79080955e+00 
 7.56350000e-09  1.79080955e+00 
 7.56450000e-09  1.79080955e+00 
 7.56550000e-09  1.79080955e+00 
 7.56650000e-09  1.79080955e+00 
 7.56750000e-09  1.79080955e+00 
 7.56850000e-09  1.79080955e+00 
 7.56950000e-09  1.79080955e+00 
 7.57050000e-09  1.79080955e+00 
 7.57150000e-09  1.79080955e+00 
 7.57250000e-09  1.79080955e+00 
 7.57350000e-09  1.79080955e+00 
 7.57450000e-09  1.79080955e+00 
 7.57550000e-09  1.79080955e+00 
 7.57650000e-09  1.79080955e+00 
 7.57750000e-09  1.79080955e+00 
 7.57850000e-09  1.79080955e+00 
 7.57950000e-09  1.79080955e+00 
 7.58050000e-09  1.79080955e+00 
 7.58150000e-09  1.79080955e+00 
 7.58250000e-09  1.79080955e+00 
 7.58350000e-09  1.79080955e+00 
 7.58450000e-09  1.79080955e+00 
 7.58550000e-09  1.79080955e+00 
 7.58650000e-09  1.79080955e+00 
 7.58750000e-09  1.79080955e+00 
 7.58850000e-09  1.79080955e+00 
 7.58950000e-09  1.79080955e+00 
 7.59050000e-09  1.79080955e+00 
 7.59150000e-09  1.79080955e+00 
 7.59250000e-09  1.79080955e+00 
 7.59350000e-09  1.79080955e+00 
 7.59450000e-09  1.79080955e+00 
 7.59550000e-09  1.79080955e+00 
 7.59650000e-09  1.79080955e+00 
 7.59750000e-09  1.79080955e+00 
 7.59850000e-09  1.79080955e+00 
 7.59950000e-09  1.79080955e+00 
 7.60050000e-09  1.79080955e+00 
 7.60150000e-09  1.79080955e+00 
 7.60250000e-09  1.79080955e+00 
 7.60350000e-09  1.79080955e+00 
 7.60450000e-09  1.79080955e+00 
 7.60550000e-09  1.79080955e+00 
 7.60650000e-09  1.79080955e+00 
 7.60750000e-09  1.79080955e+00 
 7.60850000e-09  1.79080955e+00 
 7.60950000e-09  1.79080955e+00 
 7.61050000e-09  1.79080955e+00 
 7.61150000e-09  1.79080955e+00 
 7.61250000e-09  1.79080955e+00 
 7.61350000e-09  1.79080955e+00 
 7.61450000e-09  1.79080955e+00 
 7.61550000e-09  1.79080955e+00 
 7.61650000e-09  1.79080955e+00 
 7.61750000e-09  1.79080955e+00 
 7.61850000e-09  1.79080955e+00 
 7.61950000e-09  1.79080955e+00 
 7.62050000e-09  1.79080955e+00 
 7.62150000e-09  1.79080955e+00 
 7.62250000e-09  1.79080955e+00 
 7.62350000e-09  1.79080955e+00 
 7.62450000e-09  1.79080955e+00 
 7.62550000e-09  1.79080955e+00 
 7.62650000e-09  1.79080955e+00 
 7.62750000e-09  1.79080955e+00 
 7.62850000e-09  1.79080955e+00 
 7.62950000e-09  1.79080955e+00 
 7.63050000e-09  1.79080955e+00 
 7.63150000e-09  1.79080955e+00 
 7.63250000e-09  1.79080955e+00 
 7.63350000e-09  1.79080955e+00 
 7.63450000e-09  1.79080955e+00 
 7.63550000e-09  1.79080955e+00 
 7.63650000e-09  1.79080955e+00 
 7.63750000e-09  1.79080955e+00 
 7.63850000e-09  1.79080955e+00 
 7.63950000e-09  1.79080955e+00 
 7.64050000e-09  1.79080955e+00 
 7.64150000e-09  1.79080955e+00 
 7.64250000e-09  1.79080955e+00 
 7.64350000e-09  1.79080955e+00 
 7.64450000e-09  1.79080955e+00 
 7.64550000e-09  1.79080955e+00 
 7.64650000e-09  1.79080955e+00 
 7.64750000e-09  1.79080955e+00 
 7.64850000e-09  1.79080955e+00 
 7.64950000e-09  1.79080955e+00 
 7.65050000e-09  1.79080955e+00 
 7.65150000e-09  1.79080955e+00 
 7.65250000e-09  1.79080955e+00 
 7.65350000e-09  1.79080955e+00 
 7.65450000e-09  1.79080955e+00 
 7.65550000e-09  1.79080955e+00 
 7.65650000e-09  1.79080955e+00 
 7.65750000e-09  1.79080955e+00 
 7.65850000e-09  1.79080955e+00 
 7.65950000e-09  1.79080955e+00 
 7.66050000e-09  1.79080955e+00 
 7.66150000e-09  1.79080955e+00 
 7.66250000e-09  1.79080955e+00 
 7.66350000e-09  1.79080955e+00 
 7.66450000e-09  1.79080955e+00 
 7.66550000e-09  1.79080955e+00 
 7.66650000e-09  1.79080955e+00 
 7.66750000e-09  1.79080955e+00 
 7.66850000e-09  1.79080955e+00 
 7.66950000e-09  1.79080955e+00 
 7.67050000e-09  1.79080955e+00 
 7.67150000e-09  1.79080955e+00 
 7.67250000e-09  1.79080955e+00 
 7.67350000e-09  1.79080955e+00 
 7.67450000e-09  1.79080955e+00 
 7.67550000e-09  1.79080955e+00 
 7.67650000e-09  1.79080955e+00 
 7.67750000e-09  1.79080955e+00 
 7.67850000e-09  1.79080955e+00 
 7.67950000e-09  1.79080955e+00 
 7.68050000e-09  1.79080955e+00 
 7.68150000e-09  1.79080955e+00 
 7.68250000e-09  1.79080955e+00 
 7.68350000e-09  1.79080955e+00 
 7.68450000e-09  1.79080955e+00 
 7.68550000e-09  1.79080955e+00 
 7.68650000e-09  1.79080955e+00 
 7.68750000e-09  1.79080955e+00 
 7.68850000e-09  1.79080955e+00 
 7.68950000e-09  1.79080955e+00 
 7.69050000e-09  1.79080955e+00 
 7.69150000e-09  1.79080955e+00 
 7.69250000e-09  1.79080955e+00 
 7.69350000e-09  1.79080955e+00 
 7.69450000e-09  1.79080955e+00 
 7.69550000e-09  1.79080955e+00 
 7.69650000e-09  1.79080955e+00 
 7.69750000e-09  1.79080955e+00 
 7.69850000e-09  1.79080955e+00 
 7.69950000e-09  1.79080955e+00 
 7.70050000e-09  1.79080955e+00 
 7.70150000e-09  1.79080955e+00 
 7.70250000e-09  1.79080955e+00 
 7.70350000e-09  1.79080955e+00 
 7.70450000e-09  1.79080955e+00 
 7.70550000e-09  1.79080955e+00 
 7.70650000e-09  1.79080955e+00 
 7.70750000e-09  1.79080955e+00 
 7.70850000e-09  1.79080955e+00 
 7.70950000e-09  1.79080955e+00 
 7.71050000e-09  1.79080955e+00 
 7.71150000e-09  1.79080955e+00 
 7.71250000e-09  1.79080955e+00 
 7.71350000e-09  1.79080955e+00 
 7.71450000e-09  1.79080955e+00 
 7.71550000e-09  1.79080955e+00 
 7.71650000e-09  1.79080955e+00 
 7.71750000e-09  1.79080955e+00 
 7.71850000e-09  1.79080955e+00 
 7.71950000e-09  1.79080955e+00 
 7.72050000e-09  1.79080955e+00 
 7.72150000e-09  1.79080955e+00 
 7.72250000e-09  1.79080955e+00 
 7.72350000e-09  1.79080955e+00 
 7.72450000e-09  1.79080955e+00 
 7.72550000e-09  1.79080955e+00 
 7.72650000e-09  1.79080955e+00 
 7.72750000e-09  1.79080955e+00 
 7.72850000e-09  1.79080955e+00 
 7.72950000e-09  1.79080955e+00 
 7.73050000e-09  1.79080955e+00 
 7.73150000e-09  1.79080955e+00 
 7.73250000e-09  1.79080955e+00 
 7.73350000e-09  1.79080955e+00 
 7.73450000e-09  1.79080955e+00 
 7.73550000e-09  1.79080955e+00 
 7.73650000e-09  1.79080955e+00 
 7.73750000e-09  1.79080955e+00 
 7.73850000e-09  1.79080955e+00 
 7.73950000e-09  1.79080955e+00 
 7.74050000e-09  1.79080955e+00 
 7.74150000e-09  1.79080955e+00 
 7.74250000e-09  1.79080955e+00 
 7.74350000e-09  1.79080955e+00 
 7.74450000e-09  1.79080955e+00 
 7.74550000e-09  1.79080955e+00 
 7.74650000e-09  1.79080955e+00 
 7.74750000e-09  1.79080955e+00 
 7.74850000e-09  1.79080955e+00 
 7.74950000e-09  1.79080955e+00 
 7.75050000e-09  1.79080955e+00 
 7.75150000e-09  1.79080955e+00 
 7.75250000e-09  1.79080955e+00 
 7.75350000e-09  1.79080955e+00 
 7.75450000e-09  1.79080955e+00 
 7.75550000e-09  1.79080955e+00 
 7.75650000e-09  1.79080955e+00 
 7.75750000e-09  1.79080955e+00 
 7.75850000e-09  1.79080955e+00 
 7.75950000e-09  1.79080955e+00 
 7.76050000e-09  1.79080955e+00 
 7.76150000e-09  1.79080955e+00 
 7.76250000e-09  1.79080955e+00 
 7.76350000e-09  1.79080955e+00 
 7.76450000e-09  1.79080955e+00 
 7.76550000e-09  1.79080955e+00 
 7.76650000e-09  1.79080955e+00 
 7.76750000e-09  1.79080955e+00 
 7.76850000e-09  1.79080955e+00 
 7.76950000e-09  1.79080955e+00 
 7.77050000e-09  1.79080955e+00 
 7.77150000e-09  1.79080955e+00 
 7.77250000e-09  1.79080955e+00 
 7.77350000e-09  1.79080955e+00 
 7.77450000e-09  1.79080955e+00 
 7.77550000e-09  1.79080955e+00 
 7.77650000e-09  1.79080955e+00 
 7.77750000e-09  1.79080955e+00 
 7.77850000e-09  1.79080955e+00 
 7.77950000e-09  1.79080955e+00 
 7.78050000e-09  1.79080955e+00 
 7.78150000e-09  1.79080955e+00 
 7.78250000e-09  1.79080955e+00 
 7.78350000e-09  1.79080955e+00 
 7.78450000e-09  1.79080955e+00 
 7.78550000e-09  1.79080955e+00 
 7.78650000e-09  1.79080955e+00 
 7.78750000e-09  1.79080955e+00 
 7.78850000e-09  1.79080955e+00 
 7.78950000e-09  1.79080955e+00 
 7.79050000e-09  1.79080955e+00 
 7.79150000e-09  1.79080955e+00 
 7.79250000e-09  1.79080955e+00 
 7.79350000e-09  1.79080955e+00 
 7.79450000e-09  1.79080955e+00 
 7.79550000e-09  1.79080955e+00 
 7.79650000e-09  1.79080955e+00 
 7.79750000e-09  1.79080955e+00 
 7.79850000e-09  1.79080955e+00 
 7.79950000e-09  1.79080955e+00 
 7.80050000e-09  1.79080955e+00 
 7.80150000e-09  1.79080955e+00 
 7.80250000e-09  1.79080955e+00 
 7.80350000e-09  1.79080955e+00 
 7.80450000e-09  1.79080955e+00 
 7.80550000e-09  1.79080955e+00 
 7.80650000e-09  1.79080955e+00 
 7.80750000e-09  1.79080955e+00 
 7.80850000e-09  1.79080955e+00 
 7.80950000e-09  1.79080955e+00 
 7.81050000e-09  1.79080955e+00 
 7.81150000e-09  1.79080955e+00 
 7.81250000e-09  1.79080955e+00 
 7.81350000e-09  1.79080955e+00 
 7.81450000e-09  1.79080955e+00 
 7.81550000e-09  1.79080955e+00 
 7.81650000e-09  1.79080955e+00 
 7.81750000e-09  1.79080955e+00 
 7.81850000e-09  1.79080955e+00 
 7.81950000e-09  1.79080955e+00 
 7.82050000e-09  1.79080955e+00 
 7.82150000e-09  1.79080955e+00 
 7.82250000e-09  1.79080955e+00 
 7.82350000e-09  1.79080955e+00 
 7.82450000e-09  1.79080955e+00 
 7.82550000e-09  1.79080955e+00 
 7.82650000e-09  1.79080955e+00 
 7.82750000e-09  1.79080955e+00 
 7.82850000e-09  1.79080955e+00 
 7.82950000e-09  1.79080955e+00 
 7.83050000e-09  1.79080955e+00 
 7.83150000e-09  1.79080955e+00 
 7.83250000e-09  1.79080955e+00 
 7.83350000e-09  1.79080955e+00 
 7.83450000e-09  1.79080955e+00 
 7.83550000e-09  1.79080955e+00 
 7.83650000e-09  1.79080955e+00 
 7.83750000e-09  1.79080955e+00 
 7.83850000e-09  1.79080955e+00 
 7.83950000e-09  1.79080955e+00 
 7.84050000e-09  1.79080955e+00 
 7.84150000e-09  1.79080955e+00 
 7.84250000e-09  1.79080955e+00 
 7.84350000e-09  1.79080955e+00 
 7.84450000e-09  1.79080955e+00 
 7.84550000e-09  1.79080955e+00 
 7.84650000e-09  1.79080955e+00 
 7.84750000e-09  1.79080955e+00 
 7.84850000e-09  1.79080955e+00 
 7.84950000e-09  1.79080955e+00 
 7.85050000e-09  1.79080955e+00 
 7.85150000e-09  1.79080955e+00 
 7.85250000e-09  1.79080955e+00 
 7.85350000e-09  1.79080955e+00 
 7.85450000e-09  1.79080955e+00 
 7.85550000e-09  1.79080955e+00 
 7.85650000e-09  1.79080955e+00 
 7.85750000e-09  1.79080955e+00 
 7.85850000e-09  1.79080955e+00 
 7.85950000e-09  1.79080955e+00 
 7.86050000e-09  1.79080955e+00 
 7.86150000e-09  1.79080955e+00 
 7.86250000e-09  1.79080955e+00 
 7.86350000e-09  1.79080955e+00 
 7.86450000e-09  1.79080955e+00 
 7.86550000e-09  1.79080955e+00 
 7.86650000e-09  1.79080955e+00 
 7.86750000e-09  1.79080955e+00 
 7.86850000e-09  1.79080955e+00 
 7.86950000e-09  1.79080955e+00 
 7.87050000e-09  1.79080955e+00 
 7.87150000e-09  1.79080955e+00 
 7.87250000e-09  1.79080955e+00 
 7.87350000e-09  1.79080955e+00 
 7.87450000e-09  1.79080955e+00 
 7.87550000e-09  1.79080955e+00 
 7.87650000e-09  1.79080955e+00 
 7.87750000e-09  1.79080955e+00 
 7.87850000e-09  1.79080955e+00 
 7.87950000e-09  1.79080955e+00 
 7.88050000e-09  1.79080955e+00 
 7.88150000e-09  1.79080955e+00 
 7.88250000e-09  1.79080955e+00 
 7.88350000e-09  1.79080955e+00 
 7.88450000e-09  1.79080955e+00 
 7.88550000e-09  1.79080955e+00 
 7.88650000e-09  1.79080955e+00 
 7.88750000e-09  1.79080955e+00 
 7.88850000e-09  1.79080955e+00 
 7.88950000e-09  1.79080955e+00 
 7.89050000e-09  1.79080955e+00 
 7.89150000e-09  1.79080955e+00 
 7.89250000e-09  1.79080955e+00 
 7.89350000e-09  1.79080955e+00 
 7.89450000e-09  1.79080955e+00 
 7.89550000e-09  1.79080955e+00 
 7.89650000e-09  1.79080955e+00 
 7.89750000e-09  1.79080955e+00 
 7.89850000e-09  1.79080955e+00 
 7.89950000e-09  1.79080955e+00 
 7.90050000e-09  1.79080955e+00 
 7.90150000e-09  1.79080955e+00 
 7.90250000e-09  1.79080955e+00 
 7.90350000e-09  1.79080955e+00 
 7.90450000e-09  1.79080955e+00 
 7.90550000e-09  1.79080955e+00 
 7.90650000e-09  1.79080955e+00 
 7.90750000e-09  1.79080955e+00 
 7.90850000e-09  1.79080955e+00 
 7.90950000e-09  1.79080955e+00 
 7.91050000e-09  1.79080955e+00 
 7.91150000e-09  1.79080955e+00 
 7.91250000e-09  1.79080955e+00 
 7.91350000e-09  1.79080955e+00 
 7.91450000e-09  1.79080955e+00 
 7.91550000e-09  1.79080955e+00 
 7.91650000e-09  1.79080955e+00 
 7.91750000e-09  1.79080955e+00 
 7.91850000e-09  1.79080955e+00 
 7.91950000e-09  1.79080955e+00 
 7.92050000e-09  1.79080955e+00 
 7.92150000e-09  1.79080955e+00 
 7.92250000e-09  1.79080955e+00 
 7.92350000e-09  1.79080955e+00 
 7.92450000e-09  1.79080955e+00 
 7.92550000e-09  1.79080955e+00 
 7.92650000e-09  1.79080955e+00 
 7.92750000e-09  1.79080955e+00 
 7.92850000e-09  1.79080955e+00 
 7.92950000e-09  1.79080955e+00 
 7.93050000e-09  1.79080955e+00 
 7.93150000e-09  1.79080955e+00 
 7.93250000e-09  1.79080955e+00 
 7.93350000e-09  1.79080955e+00 
 7.93450000e-09  1.79080955e+00 
 7.93550000e-09  1.79080955e+00 
 7.93650000e-09  1.79080955e+00 
 7.93750000e-09  1.79080955e+00 
 7.93850000e-09  1.79080955e+00 
 7.93950000e-09  1.79080955e+00 
 7.94050000e-09  1.79080955e+00 
 7.94150000e-09  1.79080955e+00 
 7.94250000e-09  1.79080955e+00 
 7.94350000e-09  1.79080955e+00 
 7.94450000e-09  1.79080955e+00 
 7.94550000e-09  1.79080955e+00 
 7.94650000e-09  1.79080955e+00 
 7.94750000e-09  1.79080955e+00 
 7.94850000e-09  1.79080955e+00 
 7.94950000e-09  1.79080955e+00 
 7.95050000e-09  1.79080955e+00 
 7.95150000e-09  1.79080955e+00 
 7.95250000e-09  1.79080955e+00 
 7.95350000e-09  1.79080955e+00 
 7.95450000e-09  1.79080955e+00 
 7.95550000e-09  1.79080955e+00 
 7.95650000e-09  1.79080955e+00 
 7.95750000e-09  1.79080955e+00 
 7.95850000e-09  1.79080955e+00 
 7.95950000e-09  1.79080955e+00 
 7.96050000e-09  1.79080955e+00 
 7.96150000e-09  1.79080955e+00 
 7.96250000e-09  1.79080955e+00 
 7.96350000e-09  1.79080955e+00 
 7.96450000e-09  1.79080955e+00 
 7.96550000e-09  1.79080955e+00 
 7.96650000e-09  1.79080955e+00 
 7.96750000e-09  1.79080955e+00 
 7.96850000e-09  1.79080955e+00 
 7.96950000e-09  1.79080955e+00 
 7.97050000e-09  1.79080955e+00 
 7.97150000e-09  1.79080955e+00 
 7.97250000e-09  1.79080955e+00 
 7.97350000e-09  1.79080955e+00 
 7.97450000e-09  1.79080955e+00 
 7.97550000e-09  1.79080955e+00 
 7.97650000e-09  1.79080955e+00 
 7.97750000e-09  1.79080955e+00 
 7.97850000e-09  1.79080955e+00 
 7.97950000e-09  1.79080955e+00 
 7.98050000e-09  1.79080955e+00 
 7.98150000e-09  1.79080955e+00 
 7.98250000e-09  1.79080955e+00 
 7.98350000e-09  1.79080955e+00 
 7.98450000e-09  1.79080955e+00 
 7.98550000e-09  1.79080955e+00 
 7.98650000e-09  1.79080955e+00 
 7.98750000e-09  1.79080955e+00 
 7.98850000e-09  1.79080955e+00 
 7.98950000e-09  1.79080955e+00 
 7.99050000e-09  1.79080955e+00 
 7.99150000e-09  1.79080955e+00 
 7.99250000e-09  1.79080955e+00 
 7.99350000e-09  1.79080955e+00 
 7.99450000e-09  1.79080955e+00 
 7.99550000e-09  1.79080955e+00 
 7.99650000e-09  1.79080955e+00 
 7.99750000e-09  1.79080955e+00 
 7.99850000e-09  1.79080955e+00 
 7.99950000e-09  1.79080955e+00 
 8.00050000e-09  1.79080955e+00 
 8.00150000e-09  1.79080955e+00 
 8.00250000e-09  1.79080955e+00 
 8.00350000e-09  1.79080955e+00 
 8.00450000e-09  1.79080955e+00 
 8.00550000e-09  1.79080955e+00 
 8.00650000e-09  1.79080955e+00 
 8.00750000e-09  1.79080955e+00 
 8.00850000e-09  1.79080955e+00 
 8.00950000e-09  1.79080955e+00 
 8.01050000e-09  1.79080955e+00 
 8.01150000e-09  1.79080955e+00 
 8.01250000e-09  1.79080955e+00 
 8.01350000e-09  1.79080955e+00 
 8.01450000e-09  1.79080955e+00 
 8.01550000e-09  1.79080955e+00 
 8.01650000e-09  1.79080955e+00 
 8.01750000e-09  1.79080955e+00 
 8.01850000e-09  1.79080955e+00 
 8.01950000e-09  1.79080955e+00 
 8.02050000e-09  1.79080955e+00 
 8.02150000e-09  1.79080955e+00 
 8.02250000e-09  1.79080955e+00 
 8.02350000e-09  1.79080955e+00 
 8.02450000e-09  1.79080955e+00 
 8.02550000e-09  1.79080955e+00 
 8.02650000e-09  1.79080955e+00 
 8.02750000e-09  1.79080955e+00 
 8.02850000e-09  1.79080955e+00 
 8.02950000e-09  1.79080955e+00 
 8.03050000e-09  1.79080955e+00 
 8.03150000e-09  1.79080955e+00 
 8.03250000e-09  1.79080955e+00 
 8.03350000e-09  1.79080955e+00 
 8.03450000e-09  1.79080955e+00 
 8.03550000e-09  1.79080955e+00 
 8.03650000e-09  1.79080955e+00 
 8.03750000e-09  1.79080955e+00 
 8.03850000e-09  1.79080955e+00 
 8.03950000e-09  1.79080955e+00 
 8.04050000e-09  1.79080955e+00 
 8.04150000e-09  1.79080955e+00 
 8.04250000e-09  1.79080955e+00 
 8.04350000e-09  1.79080955e+00 
 8.04450000e-09  1.79080955e+00 
 8.04550000e-09  1.79080955e+00 
 8.04650000e-09  1.79080955e+00 
 8.04750000e-09  1.79080955e+00 
 8.04850000e-09  1.79080955e+00 
 8.04950000e-09  1.79080955e+00 
 8.05050000e-09  1.79080955e+00 
 8.05150000e-09  1.79080955e+00 
 8.05250000e-09  1.79080955e+00 
 8.05350000e-09  1.79080955e+00 
 8.05450000e-09  1.79080955e+00 
 8.05550000e-09  1.79080955e+00 
 8.05650000e-09  1.79080955e+00 
 8.05750000e-09  1.79080955e+00 
 8.05850000e-09  1.79080955e+00 
 8.05950000e-09  1.79080955e+00 
 8.06050000e-09  1.79080955e+00 
 8.06150000e-09  1.79080955e+00 
 8.06250000e-09  1.79080955e+00 
 8.06350000e-09  1.79080955e+00 
 8.06450000e-09  1.79080955e+00 
 8.06550000e-09  1.79080955e+00 
 8.06650000e-09  1.79080955e+00 
 8.06750000e-09  1.79080955e+00 
 8.06850000e-09  1.79080955e+00 
 8.06950000e-09  1.79080955e+00 
 8.07050000e-09  1.79080955e+00 
 8.07150000e-09  1.79080955e+00 
 8.07250000e-09  1.79080955e+00 
 8.07350000e-09  1.79080955e+00 
 8.07450000e-09  1.79080955e+00 
 8.07550000e-09  1.79080955e+00 
 8.07650000e-09  1.79080955e+00 
 8.07750000e-09  1.79080955e+00 
 8.07850000e-09  1.79080955e+00 
 8.07950000e-09  1.79080955e+00 
 8.08050000e-09  1.79080955e+00 
 8.08150000e-09  1.79080955e+00 
 8.08250000e-09  1.79080955e+00 
 8.08350000e-09  1.79080955e+00 
 8.08450000e-09  1.79080955e+00 
 8.08550000e-09  1.79080955e+00 
 8.08650000e-09  1.79080955e+00 
 8.08750000e-09  1.79080955e+00 
 8.08850000e-09  1.79080955e+00 
 8.08950000e-09  1.79080955e+00 
 8.09050000e-09  1.79080955e+00 
 8.09150000e-09  1.79080955e+00 
 8.09250000e-09  1.79080955e+00 
 8.09350000e-09  1.79080955e+00 
 8.09450000e-09  1.79080955e+00 
 8.09550000e-09  1.79080955e+00 
 8.09650000e-09  1.79080955e+00 
 8.09750000e-09  1.79080955e+00 
 8.09850000e-09  1.79080955e+00 
 8.09950000e-09  1.79080955e+00 
 8.10050000e-09  1.79080955e+00 
 8.10150000e-09  1.79080955e+00 
 8.10250000e-09  1.79080955e+00 
 8.10350000e-09  1.79080955e+00 
 8.10450000e-09  1.79080955e+00 
 8.10550000e-09  1.79080955e+00 
 8.10650000e-09  1.79080955e+00 
 8.10750000e-09  1.79080955e+00 
 8.10850000e-09  1.79080955e+00 
 8.10950000e-09  1.79080955e+00 
 8.11050000e-09  1.79080955e+00 
 8.11150000e-09  1.79080955e+00 
 8.11250000e-09  1.79080955e+00 
 8.11350000e-09  1.79080955e+00 
 8.11450000e-09  1.79080955e+00 
 8.11550000e-09  1.79080955e+00 
 8.11650000e-09  1.79080955e+00 
 8.11750000e-09  1.79080955e+00 
 8.11850000e-09  1.79080955e+00 
 8.11950000e-09  1.79080955e+00 
 8.12050000e-09  1.79080955e+00 
 8.12150000e-09  1.79080955e+00 
 8.12250000e-09  1.79080955e+00 
 8.12350000e-09  1.79080955e+00 
 8.12450000e-09  1.79080955e+00 
 8.12550000e-09  1.79080955e+00 
 8.12650000e-09  1.79080955e+00 
 8.12750000e-09  1.79080955e+00 
 8.12850000e-09  1.79080955e+00 
 8.12950000e-09  1.79080955e+00 
 8.13050000e-09  1.79080955e+00 
 8.13150000e-09  1.79080955e+00 
 8.13250000e-09  1.79080955e+00 
 8.13350000e-09  1.79080955e+00 
 8.13450000e-09  1.79080955e+00 
 8.13550000e-09  1.79080955e+00 
 8.13650000e-09  1.79080955e+00 
 8.13750000e-09  1.79080955e+00 
 8.13850000e-09  1.79080955e+00 
 8.13950000e-09  1.79080955e+00 
 8.14050000e-09  1.79080955e+00 
 8.14150000e-09  1.79080955e+00 
 8.14250000e-09  1.79080955e+00 
 8.14350000e-09  1.79080955e+00 
 8.14450000e-09  1.79080955e+00 
 8.14550000e-09  1.79080955e+00 
 8.14650000e-09  1.79080955e+00 
 8.14750000e-09  1.79080955e+00 
 8.14850000e-09  1.79080955e+00 
 8.14950000e-09  1.79080955e+00 
 8.15050000e-09  1.79080955e+00 
 8.15150000e-09  1.79080955e+00 
 8.15250000e-09  1.79080955e+00 
 8.15350000e-09  1.79080955e+00 
 8.15450000e-09  1.79080955e+00 
 8.15550000e-09  1.79080955e+00 
 8.15650000e-09  1.79080955e+00 
 8.15750000e-09  1.79080955e+00 
 8.15850000e-09  1.79080955e+00 
 8.15950000e-09  1.79080955e+00 
 8.16050000e-09  1.79080955e+00 
 8.16150000e-09  1.79080955e+00 
 8.16250000e-09  1.79080955e+00 
 8.16350000e-09  1.79080955e+00 
 8.16450000e-09  1.79080955e+00 
 8.16550000e-09  1.79080955e+00 
 8.16650000e-09  1.79080955e+00 
 8.16750000e-09  1.79080955e+00 
 8.16850000e-09  1.79080955e+00 
 8.16950000e-09  1.79080955e+00 
 8.17050000e-09  1.79080955e+00 
 8.17150000e-09  1.79080955e+00 
 8.17250000e-09  1.79080955e+00 
 8.17350000e-09  1.79080955e+00 
 8.17450000e-09  1.79080955e+00 
 8.17550000e-09  1.79080955e+00 
 8.17650000e-09  1.79080955e+00 
 8.17750000e-09  1.79080955e+00 
 8.17850000e-09  1.79080955e+00 
 8.17950000e-09  1.79080955e+00 
 8.18050000e-09  1.79080955e+00 
 8.18150000e-09  1.79080955e+00 
 8.18250000e-09  1.79080955e+00 
 8.18350000e-09  1.79080955e+00 
 8.18450000e-09  1.79080955e+00 
 8.18550000e-09  1.79080955e+00 
 8.18650000e-09  1.79080955e+00 
 8.18750000e-09  1.79080955e+00 
 8.18850000e-09  1.79080955e+00 
 8.18950000e-09  1.79080955e+00 
 8.19050000e-09  1.79080955e+00 
 8.19150000e-09  1.79080955e+00 
 8.19250000e-09  1.79080955e+00 
 8.19350000e-09  1.79080955e+00 
 8.19450000e-09  1.79080955e+00 
 8.19550000e-09  1.79080955e+00 
 8.19650000e-09  1.79080955e+00 
 8.19750000e-09  1.79080955e+00 
 8.19850000e-09  1.79080955e+00 
 8.19950000e-09  1.79080955e+00 
 8.20050000e-09  1.79080955e+00 
 8.20150000e-09  1.79080955e+00 
 8.20250000e-09  1.79080955e+00 
 8.20350000e-09  1.79080955e+00 
 8.20450000e-09  1.79080955e+00 
 8.20550000e-09  1.79080955e+00 
 8.20650000e-09  1.79080955e+00 
 8.20750000e-09  1.79080955e+00 
 8.20850000e-09  1.79080955e+00 
 8.20950000e-09  1.79080955e+00 
 8.21050000e-09  1.79080955e+00 
 8.21150000e-09  1.79080955e+00 
 8.21250000e-09  1.79080955e+00 
 8.21350000e-09  1.79080955e+00 
 8.21450000e-09  1.79080955e+00 
 8.21550000e-09  1.79080955e+00 
 8.21650000e-09  1.79080955e+00 
 8.21750000e-09  1.79080955e+00 
 8.21850000e-09  1.79080955e+00 
 8.21950000e-09  1.79080955e+00 
 8.22050000e-09  1.79080955e+00 
 8.22150000e-09  1.79080955e+00 
 8.22250000e-09  1.79080955e+00 
 8.22350000e-09  1.79080955e+00 
 8.22450000e-09  1.79080955e+00 
 8.22550000e-09  1.79080955e+00 
 8.22650000e-09  1.79080955e+00 
 8.22750000e-09  1.79080955e+00 
 8.22850000e-09  1.79080955e+00 
 8.22950000e-09  1.79080955e+00 
 8.23050000e-09  1.79080955e+00 
 8.23150000e-09  1.79080955e+00 
 8.23250000e-09  1.79080955e+00 
 8.23350000e-09  1.79080955e+00 
 8.23450000e-09  1.79080955e+00 
 8.23550000e-09  1.79080955e+00 
 8.23650000e-09  1.79080955e+00 
 8.23750000e-09  1.79080955e+00 
 8.23850000e-09  1.79080955e+00 
 8.23950000e-09  1.79080955e+00 
 8.24050000e-09  1.79080955e+00 
 8.24150000e-09  1.79080955e+00 
 8.24250000e-09  1.79080955e+00 
 8.24350000e-09  1.79080955e+00 
 8.24450000e-09  1.79080955e+00 
 8.24550000e-09  1.79080955e+00 
 8.24650000e-09  1.79080955e+00 
 8.24750000e-09  1.79080955e+00 
 8.24850000e-09  1.79080955e+00 
 8.24950000e-09  1.79080955e+00 
 8.25050000e-09  1.79080955e+00 
 8.25150000e-09  1.79080955e+00 
 8.25250000e-09  1.79080955e+00 
 8.25350000e-09  1.79080955e+00 
 8.25450000e-09  1.79080955e+00 
 8.25550000e-09  1.79080955e+00 
 8.25650000e-09  1.79080955e+00 
 8.25750000e-09  1.79080955e+00 
 8.25850000e-09  1.79080955e+00 
 8.25950000e-09  1.79080955e+00 
 8.26050000e-09  1.79080955e+00 
 8.26150000e-09  1.79080955e+00 
 8.26250000e-09  1.79080955e+00 
 8.26350000e-09  1.79080955e+00 
 8.26450000e-09  1.79080955e+00 
 8.26550000e-09  1.79080955e+00 
 8.26650000e-09  1.79080955e+00 
 8.26750000e-09  1.79080955e+00 
 8.26850000e-09  1.79080955e+00 
 8.26950000e-09  1.79080955e+00 
 8.27050000e-09  1.79080955e+00 
 8.27150000e-09  1.79080955e+00 
 8.27250000e-09  1.79080955e+00 
 8.27350000e-09  1.79080955e+00 
 8.27450000e-09  1.79080955e+00 
 8.27550000e-09  1.79080955e+00 
 8.27650000e-09  1.79080955e+00 
 8.27750000e-09  1.79080955e+00 
 8.27850000e-09  1.79080955e+00 
 8.27950000e-09  1.79080955e+00 
 8.28050000e-09  1.79080955e+00 
 8.28150000e-09  1.79080955e+00 
 8.28250000e-09  1.79080955e+00 
 8.28350000e-09  1.79080955e+00 
 8.28450000e-09  1.79080955e+00 
 8.28550000e-09  1.79080955e+00 
 8.28650000e-09  1.79080955e+00 
 8.28750000e-09  1.79080955e+00 
 8.28850000e-09  1.79080955e+00 
 8.28950000e-09  1.79080955e+00 
 8.29050000e-09  1.79080955e+00 
 8.29150000e-09  1.79080955e+00 
 8.29250000e-09  1.79080955e+00 
 8.29350000e-09  1.79080955e+00 
 8.29450000e-09  1.79080955e+00 
 8.29550000e-09  1.79080955e+00 
 8.29650000e-09  1.79080955e+00 
 8.29750000e-09  1.79080955e+00 
 8.29850000e-09  1.79080955e+00 
 8.29950000e-09  1.79080955e+00 
 8.30050000e-09  1.79080955e+00 
 8.30150000e-09  1.79080955e+00 
 8.30250000e-09  1.79080955e+00 
 8.30350000e-09  1.79080955e+00 
 8.30450000e-09  1.79080955e+00 
 8.30550000e-09  1.79080955e+00 
 8.30650000e-09  1.79080955e+00 
 8.30750000e-09  1.79080955e+00 
 8.30850000e-09  1.79080955e+00 
 8.30950000e-09  1.79080955e+00 
 8.31050000e-09  1.79080955e+00 
 8.31150000e-09  1.79080955e+00 
 8.31250000e-09  1.79080955e+00 
 8.31350000e-09  1.79080955e+00 
 8.31450000e-09  1.79080955e+00 
 8.31550000e-09  1.79080955e+00 
 8.31650000e-09  1.79080955e+00 
 8.31750000e-09  1.79080955e+00 
 8.31850000e-09  1.79080955e+00 
 8.31950000e-09  1.79080955e+00 
 8.32050000e-09  1.79080955e+00 
 8.32150000e-09  1.79080955e+00 
 8.32250000e-09  1.79080955e+00 
 8.32350000e-09  1.79080955e+00 
 8.32450000e-09  1.79080955e+00 
 8.32550000e-09  1.79080955e+00 
 8.32650000e-09  1.79080955e+00 
 8.32750000e-09  1.79080955e+00 
 8.32850000e-09  1.79080955e+00 
 8.32950000e-09  1.79080955e+00 
 8.33050000e-09  1.79080955e+00 
 8.33150000e-09  1.79080955e+00 
 8.33250000e-09  1.79080955e+00 
 8.33350000e-09  1.79080955e+00 
 8.33450000e-09  1.79080955e+00 
 8.33550000e-09  1.79080955e+00 
 8.33650000e-09  1.79080955e+00 
 8.33750000e-09  1.79080955e+00 
 8.33850000e-09  1.79080955e+00 
 8.33950000e-09  1.79080955e+00 
 8.34050000e-09  1.79080955e+00 
 8.34150000e-09  1.79080955e+00 
 8.34250000e-09  1.79080955e+00 
 8.34350000e-09  1.79080955e+00 
 8.34450000e-09  1.79080955e+00 
 8.34550000e-09  1.79080955e+00 
 8.34650000e-09  1.79080955e+00 
 8.34750000e-09  1.79080955e+00 
 8.34850000e-09  1.79080955e+00 
 8.34950000e-09  1.79080955e+00 
 8.35050000e-09  1.79080955e+00 
 8.35150000e-09  1.79080955e+00 
 8.35250000e-09  1.79080955e+00 
 8.35350000e-09  1.79080955e+00 
 8.35450000e-09  1.79080955e+00 
 8.35550000e-09  1.79080955e+00 
 8.35650000e-09  1.79080955e+00 
 8.35750000e-09  1.79080955e+00 
 8.35850000e-09  1.79080955e+00 
 8.35950000e-09  1.79080955e+00 
 8.36050000e-09  1.79080955e+00 
 8.36150000e-09  1.79080955e+00 
 8.36250000e-09  1.79080955e+00 
 8.36350000e-09  1.79080955e+00 
 8.36450000e-09  1.79080955e+00 
 8.36550000e-09  1.79080955e+00 
 8.36650000e-09  1.79080955e+00 
 8.36750000e-09  1.79080955e+00 
 8.36850000e-09  1.79080955e+00 
 8.36950000e-09  1.79080955e+00 
 8.37050000e-09  1.79080955e+00 
 8.37150000e-09  1.79080955e+00 
 8.37250000e-09  1.79080955e+00 
 8.37350000e-09  1.79080955e+00 
 8.37450000e-09  1.79080955e+00 
 8.37550000e-09  1.79080955e+00 
 8.37650000e-09  1.79080955e+00 
 8.37750000e-09  1.79080955e+00 
 8.37850000e-09  1.79080955e+00 
 8.37950000e-09  1.79080955e+00 
 8.38050000e-09  1.79080955e+00 
 8.38150000e-09  1.79080955e+00 
 8.38250000e-09  1.79080955e+00 
 8.38350000e-09  1.79080955e+00 
 8.38450000e-09  1.79080955e+00 
 8.38550000e-09  1.79080955e+00 
 8.38650000e-09  1.79080955e+00 
 8.38750000e-09  1.79080955e+00 
 8.38850000e-09  1.79080955e+00 
 8.38950000e-09  1.79080955e+00 
 8.39050000e-09  1.79080955e+00 
 8.39150000e-09  1.79080955e+00 
 8.39250000e-09  1.79080955e+00 
 8.39350000e-09  1.79080955e+00 
 8.39450000e-09  1.79080955e+00 
 8.39550000e-09  1.79080955e+00 
 8.39650000e-09  1.79080955e+00 
 8.39750000e-09  1.79080955e+00 
 8.39850000e-09  1.79080955e+00 
 8.39950000e-09  1.79080955e+00 
 8.40050000e-09  1.79080955e+00 
 8.40150000e-09  1.79080955e+00 
 8.40250000e-09  1.79080955e+00 
 8.40350000e-09  1.79080955e+00 
 8.40450000e-09  1.79080955e+00 
 8.40550000e-09  1.79080955e+00 
 8.40650000e-09  1.79080955e+00 
 8.40750000e-09  1.79080955e+00 
 8.40850000e-09  1.79080955e+00 
 8.40950000e-09  1.79080955e+00 
 8.41050000e-09  1.79080955e+00 
 8.41150000e-09  1.79080955e+00 
 8.41250000e-09  1.79080955e+00 
 8.41350000e-09  1.79080955e+00 
 8.41450000e-09  1.79080955e+00 
 8.41550000e-09  1.79080955e+00 
 8.41650000e-09  1.79080955e+00 
 8.41750000e-09  1.79080955e+00 
 8.41850000e-09  1.79080955e+00 
 8.41950000e-09  1.79080955e+00 
 8.42050000e-09  1.79080955e+00 
 8.42150000e-09  1.79080955e+00 
 8.42250000e-09  1.79080955e+00 
 8.42350000e-09  1.79080955e+00 
 8.42450000e-09  1.79080955e+00 
 8.42550000e-09  1.79080955e+00 
 8.42650000e-09  1.79080955e+00 
 8.42750000e-09  1.79080955e+00 
 8.42850000e-09  1.79080955e+00 
 8.42950000e-09  1.79080955e+00 
 8.43050000e-09  1.79080955e+00 
 8.43150000e-09  1.79080955e+00 
 8.43250000e-09  1.79080955e+00 
 8.43350000e-09  1.79080955e+00 
 8.43450000e-09  1.79080955e+00 
 8.43550000e-09  1.79080955e+00 
 8.43650000e-09  1.79080955e+00 
 8.43750000e-09  1.79080955e+00 
 8.43850000e-09  1.79080955e+00 
 8.43950000e-09  1.79080955e+00 
 8.44050000e-09  1.79080955e+00 
 8.44150000e-09  1.79080955e+00 
 8.44250000e-09  1.79080955e+00 
 8.44350000e-09  1.79080955e+00 
 8.44450000e-09  1.79080955e+00 
 8.44550000e-09  1.79080955e+00 
 8.44650000e-09  1.79080955e+00 
 8.44750000e-09  1.79080955e+00 
 8.44850000e-09  1.79080955e+00 
 8.44950000e-09  1.79080955e+00 
 8.45050000e-09  1.79080955e+00 
 8.45150000e-09  1.79080955e+00 
 8.45250000e-09  1.79080955e+00 
 8.45350000e-09  1.79080955e+00 
 8.45450000e-09  1.79080955e+00 
 8.45550000e-09  1.79080955e+00 
 8.45650000e-09  1.79080955e+00 
 8.45750000e-09  1.79080955e+00 
 8.45850000e-09  1.79080955e+00 
 8.45950000e-09  1.79080955e+00 
 8.46050000e-09  1.79080955e+00 
 8.46150000e-09  1.79080955e+00 
 8.46250000e-09  1.79080955e+00 
 8.46350000e-09  1.79080955e+00 
 8.46450000e-09  1.79080955e+00 
 8.46550000e-09  1.79080955e+00 
 8.46650000e-09  1.79080955e+00 
 8.46750000e-09  1.79080955e+00 
 8.46850000e-09  1.79080955e+00 
 8.46950000e-09  1.79080955e+00 
 8.47050000e-09  1.79080955e+00 
 8.47150000e-09  1.79080955e+00 
 8.47250000e-09  1.79080955e+00 
 8.47350000e-09  1.79080955e+00 
 8.47450000e-09  1.79080955e+00 
 8.47550000e-09  1.79080955e+00 
 8.47650000e-09  1.79080955e+00 
 8.47750000e-09  1.79080955e+00 
 8.47850000e-09  1.79080955e+00 
 8.47950000e-09  1.79080955e+00 
 8.48050000e-09  1.79080955e+00 
 8.48150000e-09  1.79080955e+00 
 8.48250000e-09  1.79080955e+00 
 8.48350000e-09  1.79080955e+00 
 8.48450000e-09  1.79080955e+00 
 8.48550000e-09  1.79080955e+00 
 8.48650000e-09  1.79080955e+00 
 8.48750000e-09  1.79080955e+00 
 8.48850000e-09  1.79080955e+00 
 8.48950000e-09  1.79080955e+00 
 8.49050000e-09  1.79080955e+00 
 8.49150000e-09  1.79080955e+00 
 8.49250000e-09  1.79080955e+00 
 8.49350000e-09  1.79080955e+00 
 8.49450000e-09  1.79080955e+00 
 8.49550000e-09  1.79080955e+00 
 8.49650000e-09  1.79080955e+00 
 8.49750000e-09  1.79080955e+00 
 8.49850000e-09  1.79080955e+00 
 8.49950000e-09  1.79080955e+00 
 8.50050000e-09  1.79080955e+00 
 8.50150000e-09  1.79080955e+00 
 8.50250000e-09  1.79080955e+00 
 8.50350000e-09  1.79080955e+00 
 8.50450000e-09  1.79080955e+00 
 8.50550000e-09  1.79080955e+00 
 8.50650000e-09  1.79080955e+00 
 8.50750000e-09  1.79080955e+00 
 8.50850000e-09  1.79080955e+00 
 8.50950000e-09  1.79080955e+00 
 8.51050000e-09  1.79080955e+00 
 8.51150000e-09  1.79080955e+00 
 8.51250000e-09  1.79080955e+00 
 8.51350000e-09  1.79080955e+00 
 8.51450000e-09  1.79080955e+00 
 8.51550000e-09  1.79080955e+00 
 8.51650000e-09  1.79080955e+00 
 8.51750000e-09  1.79080955e+00 
 8.51850000e-09  1.79080955e+00 
 8.51950000e-09  1.79080955e+00 
 8.52050000e-09  1.79080955e+00 
 8.52150000e-09  1.79080955e+00 
 8.52250000e-09  1.79080955e+00 
 8.52350000e-09  1.79080955e+00 
 8.52450000e-09  1.79080955e+00 
 8.52550000e-09  1.79080955e+00 
 8.52650000e-09  1.79080955e+00 
 8.52750000e-09  1.79080955e+00 
 8.52850000e-09  1.79080955e+00 
 8.52950000e-09  1.79080955e+00 
 8.53050000e-09  1.79080955e+00 
 8.53150000e-09  1.79080955e+00 
 8.53250000e-09  1.79080955e+00 
 8.53350000e-09  1.79080955e+00 
 8.53450000e-09  1.79080955e+00 
 8.53550000e-09  1.79080955e+00 
 8.53650000e-09  1.79080955e+00 
 8.53750000e-09  1.79080955e+00 
 8.53850000e-09  1.79080955e+00 
 8.53950000e-09  1.79080955e+00 
 8.54050000e-09  1.79080955e+00 
 8.54150000e-09  1.79080955e+00 
 8.54250000e-09  1.79080955e+00 
 8.54350000e-09  1.79080955e+00 
 8.54450000e-09  1.79080955e+00 
 8.54550000e-09  1.79080955e+00 
 8.54650000e-09  1.79080955e+00 
 8.54750000e-09  1.79080955e+00 
 8.54850000e-09  1.79080955e+00 
 8.54950000e-09  1.79080955e+00 
 8.55050000e-09  1.79080955e+00 
 8.55150000e-09  1.79080955e+00 
 8.55250000e-09  1.79080955e+00 
 8.55350000e-09  1.79080955e+00 
 8.55450000e-09  1.79080955e+00 
 8.55550000e-09  1.79080955e+00 
 8.55650000e-09  1.79080955e+00 
 8.55750000e-09  1.79080955e+00 
 8.55850000e-09  1.79080955e+00 
 8.55950000e-09  1.79080955e+00 
 8.56050000e-09  1.79080955e+00 
 8.56150000e-09  1.79080955e+00 
 8.56250000e-09  1.79080955e+00 
 8.56350000e-09  1.79080955e+00 
 8.56450000e-09  1.79080955e+00 
 8.56550000e-09  1.79080955e+00 
 8.56650000e-09  1.79080955e+00 
 8.56750000e-09  1.79080955e+00 
 8.56850000e-09  1.79080955e+00 
 8.56950000e-09  1.79080955e+00 
 8.57050000e-09  1.79080955e+00 
 8.57150000e-09  1.79080955e+00 
 8.57250000e-09  1.79080955e+00 
 8.57350000e-09  1.79080955e+00 
 8.57450000e-09  1.79080955e+00 
 8.57550000e-09  1.79080955e+00 
 8.57650000e-09  1.79080955e+00 
 8.57750000e-09  1.79080955e+00 
 8.57850000e-09  1.79080955e+00 
 8.57950000e-09  1.79080955e+00 
 8.58050000e-09  1.79080955e+00 
 8.58150000e-09  1.79080955e+00 
 8.58250000e-09  1.79080955e+00 
 8.58350000e-09  1.79080955e+00 
 8.58450000e-09  1.79080955e+00 
 8.58550000e-09  1.79080955e+00 
 8.58650000e-09  1.79080955e+00 
 8.58750000e-09  1.79080955e+00 
 8.58850000e-09  1.79080955e+00 
 8.58950000e-09  1.79080955e+00 
 8.59050000e-09  1.79080955e+00 
 8.59150000e-09  1.79080955e+00 
 8.59250000e-09  1.79080955e+00 
 8.59350000e-09  1.79080955e+00 
 8.59450000e-09  1.79080955e+00 
 8.59550000e-09  1.79080955e+00 
 8.59650000e-09  1.79080955e+00 
 8.59750000e-09  1.79080955e+00 
 8.59850000e-09  1.79080955e+00 
 8.59950000e-09  1.79080955e+00 
 8.60050000e-09  1.79080955e+00 
 8.60150000e-09  1.79080955e+00 
 8.60250000e-09  1.79080955e+00 
 8.60350000e-09  1.79080955e+00 
 8.60450000e-09  1.79080955e+00 
 8.60550000e-09  1.79080955e+00 
 8.60650000e-09  1.79080955e+00 
 8.60750000e-09  1.79080955e+00 
 8.60850000e-09  1.79080955e+00 
 8.60950000e-09  1.79080955e+00 
 8.61050000e-09  1.79080955e+00 
 8.61150000e-09  1.79080955e+00 
 8.61250000e-09  1.79080955e+00 
 8.61350000e-09  1.79080955e+00 
 8.61450000e-09  1.79080955e+00 
 8.61550000e-09  1.79080955e+00 
 8.61650000e-09  1.79080955e+00 
 8.61750000e-09  1.79080955e+00 
 8.61850000e-09  1.79080955e+00 
 8.61950000e-09  1.79080955e+00 
 8.62050000e-09  1.79080955e+00 
 8.62150000e-09  1.79080955e+00 
 8.62250000e-09  1.79080955e+00 
 8.62350000e-09  1.79080955e+00 
 8.62450000e-09  1.79080955e+00 
 8.62550000e-09  1.79080955e+00 
 8.62650000e-09  1.79080955e+00 
 8.62750000e-09  1.79080955e+00 
 8.62850000e-09  1.79080955e+00 
 8.62950000e-09  1.79080955e+00 
 8.63050000e-09  1.79080955e+00 
 8.63150000e-09  1.79080955e+00 
 8.63250000e-09  1.79080955e+00 
 8.63350000e-09  1.79080955e+00 
 8.63450000e-09  1.79080955e+00 
 8.63550000e-09  1.79080955e+00 
 8.63650000e-09  1.79080955e+00 
 8.63750000e-09  1.79080955e+00 
 8.63850000e-09  1.79080955e+00 
 8.63950000e-09  1.79080955e+00 
 8.64050000e-09  1.79080955e+00 
 8.64150000e-09  1.79080955e+00 
 8.64250000e-09  1.79080955e+00 
 8.64350000e-09  1.79080955e+00 
 8.64450000e-09  1.79080955e+00 
 8.64550000e-09  1.79080955e+00 
 8.64650000e-09  1.79080955e+00 
 8.64750000e-09  1.79080955e+00 
 8.64850000e-09  1.79080955e+00 
 8.64950000e-09  1.79080955e+00 
 8.65050000e-09  1.79080955e+00 
 8.65150000e-09  1.79080955e+00 
 8.65250000e-09  1.79080955e+00 
 8.65350000e-09  1.79080955e+00 
 8.65450000e-09  1.79080955e+00 
 8.65550000e-09  1.79080955e+00 
 8.65650000e-09  1.79080955e+00 
 8.65750000e-09  1.79080955e+00 
 8.65850000e-09  1.79080955e+00 
 8.65950000e-09  1.79080955e+00 
 8.66050000e-09  1.79080955e+00 
 8.66150000e-09  1.79080955e+00 
 8.66250000e-09  1.79080955e+00 
 8.66350000e-09  1.79080955e+00 
 8.66450000e-09  1.79080955e+00 
 8.66550000e-09  1.79080955e+00 
 8.66650000e-09  1.79080955e+00 
 8.66750000e-09  1.79080955e+00 
 8.66850000e-09  1.79080955e+00 
 8.66950000e-09  1.79080955e+00 
 8.67050000e-09  1.79080955e+00 
 8.67150000e-09  1.79080955e+00 
 8.67250000e-09  1.79080955e+00 
 8.67350000e-09  1.79080955e+00 
 8.67450000e-09  1.79080955e+00 
 8.67550000e-09  1.79080955e+00 
 8.67650000e-09  1.79080955e+00 
 8.67750000e-09  1.79080955e+00 
 8.67850000e-09  1.79080955e+00 
 8.67950000e-09  1.79080955e+00 
 8.68050000e-09  1.79080955e+00 
 8.68150000e-09  1.79080955e+00 
 8.68250000e-09  1.79080955e+00 
 8.68350000e-09  1.79080955e+00 
 8.68450000e-09  1.79080955e+00 
 8.68550000e-09  1.79080955e+00 
 8.68650000e-09  1.79080955e+00 
 8.68750000e-09  1.79080955e+00 
 8.68850000e-09  1.79080955e+00 
 8.68950000e-09  1.79080955e+00 
 8.69050000e-09  1.79080955e+00 
 8.69150000e-09  1.79080955e+00 
 8.69250000e-09  1.79080955e+00 
 8.69350000e-09  1.79080955e+00 
 8.69450000e-09  1.79080955e+00 
 8.69550000e-09  1.79080955e+00 
 8.69650000e-09  1.79080955e+00 
 8.69750000e-09  1.79080955e+00 
 8.69850000e-09  1.79080955e+00 
 8.69950000e-09  1.79080955e+00 
 8.70050000e-09  1.79080955e+00 
 8.70150000e-09  1.79080955e+00 
 8.70250000e-09  1.79080955e+00 
 8.70350000e-09  1.79080955e+00 
 8.70450000e-09  1.79080955e+00 
 8.70550000e-09  1.79080955e+00 
 8.70650000e-09  1.79080955e+00 
 8.70750000e-09  1.79080955e+00 
 8.70850000e-09  1.79080955e+00 
 8.70950000e-09  1.79080955e+00 
 8.71050000e-09  1.79080955e+00 
 8.71150000e-09  1.79080955e+00 
 8.71250000e-09  1.79080955e+00 
 8.71350000e-09  1.79080955e+00 
 8.71450000e-09  1.79080955e+00 
 8.71550000e-09  1.79080955e+00 
 8.71650000e-09  1.79080955e+00 
 8.71750000e-09  1.79080955e+00 
 8.71850000e-09  1.79080955e+00 
 8.71950000e-09  1.79080955e+00 
 8.72050000e-09  1.79080955e+00 
 8.72150000e-09  1.79080955e+00 
 8.72250000e-09  1.79080955e+00 
 8.72350000e-09  1.79080955e+00 
 8.72450000e-09  1.79080955e+00 
 8.72550000e-09  1.79080955e+00 
 8.72650000e-09  1.79080955e+00 
 8.72750000e-09  1.79080955e+00 
 8.72850000e-09  1.79080955e+00 
 8.72950000e-09  1.79080955e+00 
 8.73050000e-09  1.79080955e+00 
 8.73150000e-09  1.79080955e+00 
 8.73250000e-09  1.79080955e+00 
 8.73350000e-09  1.79080955e+00 
 8.73450000e-09  1.79080955e+00 
 8.73550000e-09  1.79080955e+00 
 8.73650000e-09  1.79080955e+00 
 8.73750000e-09  1.79080955e+00 
 8.73850000e-09  1.79080955e+00 
 8.73950000e-09  1.79080955e+00 
 8.74050000e-09  1.79080955e+00 
 8.74150000e-09  1.79080955e+00 
 8.74250000e-09  1.79080955e+00 
 8.74350000e-09  1.79080955e+00 
 8.74450000e-09  1.79080955e+00 
 8.74550000e-09  1.79080955e+00 
 8.74650000e-09  1.79080955e+00 
 8.74750000e-09  1.79080955e+00 
 8.74850000e-09  1.79080955e+00 
 8.74950000e-09  1.79080955e+00 
 8.75050000e-09  1.79080955e+00 
 8.75150000e-09  1.79080955e+00 
 8.75250000e-09  1.79080955e+00 
 8.75350000e-09  1.79080955e+00 
 8.75450000e-09  1.79080955e+00 
 8.75550000e-09  1.79080955e+00 
 8.75650000e-09  1.79080955e+00 
 8.75750000e-09  1.79080955e+00 
 8.75850000e-09  1.79080955e+00 
 8.75950000e-09  1.79080955e+00 
 8.76050000e-09  1.79080955e+00 
 8.76150000e-09  1.79080955e+00 
 8.76250000e-09  1.79080955e+00 
 8.76350000e-09  1.79080955e+00 
 8.76450000e-09  1.79080955e+00 
 8.76550000e-09  1.79080955e+00 
 8.76650000e-09  1.79080955e+00 
 8.76750000e-09  1.79080955e+00 
 8.76850000e-09  1.79080955e+00 
 8.76950000e-09  1.79080955e+00 
 8.77050000e-09  1.79080955e+00 
 8.77150000e-09  1.79080955e+00 
 8.77250000e-09  1.79080955e+00 
 8.77350000e-09  1.79080955e+00 
 8.77450000e-09  1.79080955e+00 
 8.77550000e-09  1.79080955e+00 
 8.77650000e-09  1.79080955e+00 
 8.77750000e-09  1.79080955e+00 
 8.77850000e-09  1.79080955e+00 
 8.77950000e-09  1.79080955e+00 
 8.78050000e-09  1.79080955e+00 
 8.78150000e-09  1.79080955e+00 
 8.78250000e-09  1.79080955e+00 
 8.78350000e-09  1.79080955e+00 
 8.78450000e-09  1.79080955e+00 
 8.78550000e-09  1.79080955e+00 
 8.78650000e-09  1.79080955e+00 
 8.78750000e-09  1.79080955e+00 
 8.78850000e-09  1.79080955e+00 
 8.78950000e-09  1.79080955e+00 
 8.79050000e-09  1.79080955e+00 
 8.79150000e-09  1.79080955e+00 
 8.79250000e-09  1.79080955e+00 
 8.79350000e-09  1.79080955e+00 
 8.79450000e-09  1.79080955e+00 
 8.79550000e-09  1.79080955e+00 
 8.79650000e-09  1.79080955e+00 
 8.79750000e-09  1.79080955e+00 
 8.79850000e-09  1.79080955e+00 
 8.79950000e-09  1.79080955e+00 
 8.80050000e-09  1.79080955e+00 
 8.80150000e-09  1.79080955e+00 
 8.80250000e-09  1.79080955e+00 
 8.80350000e-09  1.79080955e+00 
 8.80450000e-09  1.79080955e+00 
 8.80550000e-09  1.79080955e+00 
 8.80650000e-09  1.79080955e+00 
 8.80750000e-09  1.79080955e+00 
 8.80850000e-09  1.79080955e+00 
 8.80950000e-09  1.79080955e+00 
 8.81050000e-09  1.79080955e+00 
 8.81150000e-09  1.79080955e+00 
 8.81250000e-09  1.79080955e+00 
 8.81350000e-09  1.79080955e+00 
 8.81450000e-09  1.79080955e+00 
 8.81550000e-09  1.79080955e+00 
 8.81650000e-09  1.79080955e+00 
 8.81750000e-09  1.79080955e+00 
 8.81850000e-09  1.79080955e+00 
 8.81950000e-09  1.79080955e+00 
 8.82050000e-09  1.79080955e+00 
 8.82150000e-09  1.79080955e+00 
 8.82250000e-09  1.79080955e+00 
 8.82350000e-09  1.79080955e+00 
 8.82450000e-09  1.79080955e+00 
 8.82550000e-09  1.79080955e+00 
 8.82650000e-09  1.79080955e+00 
 8.82750000e-09  1.79080955e+00 
 8.82850000e-09  1.79080955e+00 
 8.82950000e-09  1.79080955e+00 
 8.83050000e-09  1.79080955e+00 
 8.83150000e-09  1.79080955e+00 
 8.83250000e-09  1.79080955e+00 
 8.83350000e-09  1.79080955e+00 
 8.83450000e-09  1.79080955e+00 
 8.83550000e-09  1.79080955e+00 
 8.83650000e-09  1.79080955e+00 
 8.83750000e-09  1.79080955e+00 
 8.83850000e-09  1.79080955e+00 
 8.83950000e-09  1.79080955e+00 
 8.84050000e-09  1.79080955e+00 
 8.84150000e-09  1.79080955e+00 
 8.84250000e-09  1.79080955e+00 
 8.84350000e-09  1.79080955e+00 
 8.84450000e-09  1.79080955e+00 
 8.84550000e-09  1.79080955e+00 
 8.84650000e-09  1.79080955e+00 
 8.84750000e-09  1.79080955e+00 
 8.84850000e-09  1.79080955e+00 
 8.84950000e-09  1.79080955e+00 
 8.85050000e-09  1.79080955e+00 
 8.85150000e-09  1.79080955e+00 
 8.85250000e-09  1.79080955e+00 
 8.85350000e-09  1.79080955e+00 
 8.85450000e-09  1.79080955e+00 
 8.85550000e-09  1.79080955e+00 
 8.85650000e-09  1.79080955e+00 
 8.85750000e-09  1.79080955e+00 
 8.85850000e-09  1.79080955e+00 
 8.85950000e-09  1.79080955e+00 
 8.86050000e-09  1.79080955e+00 
 8.86150000e-09  1.79080955e+00 
 8.86250000e-09  1.79080955e+00 
 8.86350000e-09  1.79080955e+00 
 8.86450000e-09  1.79080955e+00 
 8.86550000e-09  1.79080955e+00 
 8.86650000e-09  1.79080955e+00 
 8.86750000e-09  1.79080955e+00 
 8.86850000e-09  1.79080955e+00 
 8.86950000e-09  1.79080955e+00 
 8.87050000e-09  1.79080955e+00 
 8.87150000e-09  1.79080955e+00 
 8.87250000e-09  1.79080955e+00 
 8.87350000e-09  1.79080955e+00 
 8.87450000e-09  1.79080955e+00 
 8.87550000e-09  1.79080955e+00 
 8.87650000e-09  1.79080955e+00 
 8.87750000e-09  1.79080955e+00 
 8.87850000e-09  1.79080955e+00 
 8.87950000e-09  1.79080955e+00 
 8.88050000e-09  1.79080955e+00 
 8.88150000e-09  1.79080955e+00 
 8.88250000e-09  1.79080955e+00 
 8.88350000e-09  1.79080955e+00 
 8.88450000e-09  1.79080955e+00 
 8.88550000e-09  1.79080955e+00 
 8.88650000e-09  1.79080955e+00 
 8.88750000e-09  1.79080955e+00 
 8.88850000e-09  1.79080955e+00 
 8.88950000e-09  1.79080955e+00 
 8.89050000e-09  1.79080955e+00 
 8.89150000e-09  1.79080955e+00 
 8.89250000e-09  1.79080955e+00 
 8.89350000e-09  1.79080955e+00 
 8.89450000e-09  1.79080955e+00 
 8.89550000e-09  1.79080955e+00 
 8.89650000e-09  1.79080955e+00 
 8.89750000e-09  1.79080955e+00 
 8.89850000e-09  1.79080955e+00 
 8.89950000e-09  1.79080955e+00 
 8.90050000e-09  1.79080955e+00 
 8.90150000e-09  1.79080955e+00 
 8.90250000e-09  1.79080955e+00 
 8.90350000e-09  1.79080955e+00 
 8.90450000e-09  1.79080955e+00 
 8.90550000e-09  1.79080955e+00 
 8.90650000e-09  1.79080955e+00 
 8.90750000e-09  1.79080955e+00 
 8.90850000e-09  1.79080955e+00 
 8.90950000e-09  1.79080955e+00 
 8.91050000e-09  1.79080955e+00 
 8.91150000e-09  1.79080955e+00 
 8.91250000e-09  1.79080955e+00 
 8.91350000e-09  1.79080955e+00 
 8.91450000e-09  1.79080955e+00 
 8.91550000e-09  1.79080955e+00 
 8.91650000e-09  1.79080955e+00 
 8.91750000e-09  1.79080955e+00 
 8.91850000e-09  1.79080955e+00 
 8.91950000e-09  1.79080955e+00 
 8.92050000e-09  1.79080955e+00 
 8.92150000e-09  1.79080955e+00 
 8.92250000e-09  1.79080955e+00 
 8.92350000e-09  1.79080955e+00 
 8.92450000e-09  1.79080955e+00 
 8.92550000e-09  1.79080955e+00 
 8.92650000e-09  1.79080955e+00 
 8.92750000e-09  1.79080955e+00 
 8.92850000e-09  1.79080955e+00 
 8.92950000e-09  1.79080955e+00 
 8.93050000e-09  1.79080955e+00 
 8.93150000e-09  1.79080955e+00 
 8.93250000e-09  1.79080955e+00 
 8.93350000e-09  1.79080955e+00 
 8.93450000e-09  1.79080955e+00 
 8.93550000e-09  1.79080955e+00 
 8.93650000e-09  1.79080955e+00 
 8.93750000e-09  1.79080955e+00 
 8.93850000e-09  1.79080955e+00 
 8.93950000e-09  1.79080955e+00 
 8.94050000e-09  1.79080955e+00 
 8.94150000e-09  1.79080955e+00 
 8.94250000e-09  1.79080955e+00 
 8.94350000e-09  1.79080955e+00 
 8.94450000e-09  1.79080955e+00 
 8.94550000e-09  1.79080955e+00 
 8.94650000e-09  1.79080955e+00 
 8.94750000e-09  1.79080955e+00 
 8.94850000e-09  1.79080955e+00 
 8.94950000e-09  1.79080955e+00 
 8.95050000e-09  1.79080955e+00 
 8.95150000e-09  1.79080955e+00 
 8.95250000e-09  1.79080955e+00 
 8.95350000e-09  1.79080955e+00 
 8.95450000e-09  1.79080955e+00 
 8.95550000e-09  1.79080955e+00 
 8.95650000e-09  1.79080955e+00 
 8.95750000e-09  1.79080955e+00 
 8.95850000e-09  1.79080955e+00 
 8.95950000e-09  1.79080955e+00 
 8.96050000e-09  1.79080955e+00 
 8.96150000e-09  1.79080955e+00 
 8.96250000e-09  1.79080955e+00 
 8.96350000e-09  1.79080955e+00 
 8.96450000e-09  1.79080955e+00 
 8.96550000e-09  1.79080955e+00 
 8.96650000e-09  1.79080955e+00 
 8.96750000e-09  1.79080955e+00 
 8.96850000e-09  1.79080955e+00 
 8.96950000e-09  1.79080955e+00 
 8.97050000e-09  1.79080955e+00 
 8.97150000e-09  1.79080955e+00 
 8.97250000e-09  1.79080955e+00 
 8.97350000e-09  1.79080955e+00 
 8.97450000e-09  1.79080955e+00 
 8.97550000e-09  1.79080955e+00 
 8.97650000e-09  1.79080955e+00 
 8.97750000e-09  1.79080955e+00 
 8.97850000e-09  1.79080955e+00 
 8.97950000e-09  1.79080955e+00 
 8.98050000e-09  1.79080955e+00 
 8.98150000e-09  1.79080955e+00 
 8.98250000e-09  1.79080955e+00 
 8.98350000e-09  1.79080955e+00 
 8.98450000e-09  1.79080955e+00 
 8.98550000e-09  1.79080955e+00 
 8.98650000e-09  1.79080955e+00 
 8.98750000e-09  1.79080955e+00 
 8.98850000e-09  1.79080955e+00 
 8.98950000e-09  1.79080955e+00 
 8.99050000e-09  1.79080955e+00 
 8.99150000e-09  1.79080955e+00 
 8.99250000e-09  1.79080955e+00 
 8.99350000e-09  1.79080955e+00 
 8.99450000e-09  1.79080955e+00 
 8.99550000e-09  1.79080955e+00 
 8.99650000e-09  1.79080955e+00 
 8.99750000e-09  1.79080955e+00 
 8.99850000e-09  1.79080955e+00 
 8.99950000e-09  1.79080955e+00 
 9.00050000e-09  1.79080955e+00 
 9.00150000e-09  1.79080955e+00 
 9.00250000e-09  1.79080955e+00 
 9.00350000e-09  1.79080955e+00 
 9.00450000e-09  1.79080955e+00 
 9.00550000e-09  1.79080955e+00 
 9.00650000e-09  1.79080955e+00 
 9.00750000e-09  1.79080955e+00 
 9.00850000e-09  1.79080955e+00 
 9.00950000e-09  1.79080955e+00 
 9.01050000e-09  1.79080955e+00 
 9.01150000e-09  1.79080955e+00 
 9.01250000e-09  1.79080955e+00 
 9.01350000e-09  1.79080955e+00 
 9.01450000e-09  1.79080955e+00 
 9.01550000e-09  1.79080955e+00 
 9.01650000e-09  1.79080955e+00 
 9.01750000e-09  1.79080955e+00 
 9.01850000e-09  1.79080955e+00 
 9.01950000e-09  1.79080955e+00 
 9.02050000e-09  1.79080955e+00 
 9.02150000e-09  1.79080955e+00 
 9.02250000e-09  1.79080955e+00 
 9.02350000e-09  1.79080955e+00 
 9.02450000e-09  1.79080955e+00 
 9.02550000e-09  1.79080955e+00 
 9.02650000e-09  1.79080955e+00 
 9.02750000e-09  1.79080955e+00 
 9.02850000e-09  1.79080955e+00 
 9.02950000e-09  1.79080955e+00 
 9.03050000e-09  1.79080955e+00 
 9.03150000e-09  1.79080955e+00 
 9.03250000e-09  1.79080955e+00 
 9.03350000e-09  1.79080955e+00 
 9.03450000e-09  1.79080955e+00 
 9.03550000e-09  1.79080955e+00 
 9.03650000e-09  1.79080955e+00 
 9.03750000e-09  1.79080955e+00 
 9.03850000e-09  1.79080955e+00 
 9.03950000e-09  1.79080955e+00 
 9.04050000e-09  1.79080955e+00 
 9.04150000e-09  1.79080955e+00 
 9.04250000e-09  1.79080955e+00 
 9.04350000e-09  1.79080955e+00 
 9.04450000e-09  1.79080955e+00 
 9.04550000e-09  1.79080955e+00 
 9.04650000e-09  1.79080955e+00 
 9.04750000e-09  1.79080955e+00 
 9.04850000e-09  1.79080955e+00 
 9.04950000e-09  1.79080955e+00 
 9.05050000e-09  1.79080955e+00 
 9.05150000e-09  1.79080955e+00 
 9.05250000e-09  1.79080955e+00 
 9.05350000e-09  1.79080955e+00 
 9.05450000e-09  1.79080955e+00 
 9.05550000e-09  1.79080955e+00 
 9.05650000e-09  1.79080955e+00 
 9.05750000e-09  1.79080955e+00 
 9.05850000e-09  1.79080955e+00 
 9.05950000e-09  1.79080955e+00 
 9.06050000e-09  1.79080955e+00 
 9.06150000e-09  1.79080955e+00 
 9.06250000e-09  1.79080955e+00 
 9.06350000e-09  1.79080955e+00 
 9.06450000e-09  1.79080955e+00 
 9.06550000e-09  1.79080955e+00 
 9.06650000e-09  1.79080955e+00 
 9.06750000e-09  1.79080955e+00 
 9.06850000e-09  1.79080955e+00 
 9.06950000e-09  1.79080955e+00 
 9.07050000e-09  1.79080955e+00 
 9.07150000e-09  1.79080955e+00 
 9.07250000e-09  1.79080955e+00 
 9.07350000e-09  1.79080955e+00 
 9.07450000e-09  1.79080955e+00 
 9.07550000e-09  1.79080955e+00 
 9.07650000e-09  1.79080955e+00 
 9.07750000e-09  1.79080955e+00 
 9.07850000e-09  1.79080955e+00 
 9.07950000e-09  1.79080955e+00 
 9.08050000e-09  1.79080955e+00 
 9.08150000e-09  1.79080955e+00 
 9.08250000e-09  1.79080955e+00 
 9.08350000e-09  1.79080955e+00 
 9.08450000e-09  1.79080955e+00 
 9.08550000e-09  1.79080955e+00 
 9.08650000e-09  1.79080955e+00 
 9.08750000e-09  1.79080955e+00 
 9.08850000e-09  1.79080955e+00 
 9.08950000e-09  1.79080955e+00 
 9.09050000e-09  1.79080955e+00 
 9.09150000e-09  1.79080955e+00 
 9.09250000e-09  1.79080955e+00 
 9.09350000e-09  1.79080955e+00 
 9.09450000e-09  1.79080955e+00 
 9.09550000e-09  1.79080955e+00 
 9.09650000e-09  1.79080955e+00 
 9.09750000e-09  1.79080955e+00 
 9.09850000e-09  1.79080955e+00 
 9.09950000e-09  1.79080955e+00 
 9.10050000e-09  1.79080955e+00 
 9.10150000e-09  1.79080955e+00 
 9.10250000e-09  1.79080955e+00 
 9.10350000e-09  1.79080955e+00 
 9.10450000e-09  1.79080955e+00 
 9.10550000e-09  1.79080955e+00 
 9.10650000e-09  1.79080955e+00 
 9.10750000e-09  1.79080955e+00 
 9.10850000e-09  1.79080955e+00 
 9.10950000e-09  1.79080955e+00 
 9.11050000e-09  1.79080955e+00 
 9.11150000e-09  1.79080955e+00 
 9.11250000e-09  1.79080955e+00 
 9.11350000e-09  1.79080955e+00 
 9.11450000e-09  1.79080955e+00 
 9.11550000e-09  1.79080955e+00 
 9.11650000e-09  1.79080955e+00 
 9.11750000e-09  1.79080955e+00 
 9.11850000e-09  1.79080955e+00 
 9.11950000e-09  1.79080955e+00 
 9.12050000e-09  1.79080955e+00 
 9.12150000e-09  1.79080955e+00 
 9.12250000e-09  1.79080955e+00 
 9.12350000e-09  1.79080955e+00 
 9.12450000e-09  1.79080955e+00 
 9.12550000e-09  1.79080955e+00 
 9.12650000e-09  1.79080955e+00 
 9.12750000e-09  1.79080955e+00 
 9.12850000e-09  1.79080955e+00 
 9.12950000e-09  1.79080955e+00 
 9.13050000e-09  1.79080955e+00 
 9.13150000e-09  1.79080955e+00 
 9.13250000e-09  1.79080955e+00 
 9.13350000e-09  1.79080955e+00 
 9.13450000e-09  1.79080955e+00 
 9.13550000e-09  1.79080955e+00 
 9.13650000e-09  1.79080955e+00 
 9.13750000e-09  1.79080955e+00 
 9.13850000e-09  1.79080955e+00 
 9.13950000e-09  1.79080955e+00 
 9.14050000e-09  1.79080955e+00 
 9.14150000e-09  1.79080955e+00 
 9.14250000e-09  1.79080955e+00 
 9.14350000e-09  1.79080955e+00 
 9.14450000e-09  1.79080955e+00 
 9.14550000e-09  1.79080955e+00 
 9.14650000e-09  1.79080955e+00 
 9.14750000e-09  1.79080955e+00 
 9.14850000e-09  1.79080955e+00 
 9.14950000e-09  1.79080955e+00 
 9.15050000e-09  1.79080955e+00 
 9.15150000e-09  1.79080955e+00 
 9.15250000e-09  1.79080955e+00 
 9.15350000e-09  1.79080955e+00 
 9.15450000e-09  1.79080955e+00 
 9.15550000e-09  1.79080955e+00 
 9.15650000e-09  1.79080955e+00 
 9.15750000e-09  1.79080955e+00 
 9.15850000e-09  1.79080955e+00 
 9.15950000e-09  1.79080955e+00 
 9.16050000e-09  1.79080955e+00 
 9.16150000e-09  1.79080955e+00 
 9.16250000e-09  1.79080955e+00 
 9.16350000e-09  1.79080955e+00 
 9.16450000e-09  1.79080955e+00 
 9.16550000e-09  1.79080955e+00 
 9.16650000e-09  1.79080955e+00 
 9.16750000e-09  1.79080955e+00 
 9.16850000e-09  1.79080955e+00 
 9.16950000e-09  1.79080955e+00 
 9.17050000e-09  1.79080955e+00 
 9.17150000e-09  1.79080955e+00 
 9.17250000e-09  1.79080955e+00 
 9.17350000e-09  1.79080955e+00 
 9.17450000e-09  1.79080955e+00 
 9.17550000e-09  1.79080955e+00 
 9.17650000e-09  1.79080955e+00 
 9.17750000e-09  1.79080955e+00 
 9.17850000e-09  1.79080955e+00 
 9.17950000e-09  1.79080955e+00 
 9.18050000e-09  1.79080955e+00 
 9.18150000e-09  1.79080955e+00 
 9.18250000e-09  1.79080955e+00 
 9.18350000e-09  1.79080955e+00 
 9.18450000e-09  1.79080955e+00 
 9.18550000e-09  1.79080955e+00 
 9.18650000e-09  1.79080955e+00 
 9.18750000e-09  1.79080955e+00 
 9.18850000e-09  1.79080955e+00 
 9.18950000e-09  1.79080955e+00 
 9.19050000e-09  1.79080955e+00 
 9.19150000e-09  1.79080955e+00 
 9.19250000e-09  1.79080955e+00 
 9.19350000e-09  1.79080955e+00 
 9.19450000e-09  1.79080955e+00 
 9.19550000e-09  1.79080955e+00 
 9.19650000e-09  1.79080955e+00 
 9.19750000e-09  1.79080955e+00 
 9.19850000e-09  1.79080955e+00 
 9.19950000e-09  1.79080955e+00 
 9.20050000e-09  1.79080955e+00 
 9.20150000e-09  1.79080955e+00 
 9.20250000e-09  1.79080955e+00 
 9.20350000e-09  1.79080955e+00 
 9.20450000e-09  1.79080955e+00 
 9.20550000e-09  1.79080955e+00 
 9.20650000e-09  1.79080955e+00 
 9.20750000e-09  1.79080955e+00 
 9.20850000e-09  1.79080955e+00 
 9.20950000e-09  1.79080955e+00 
 9.21050000e-09  1.79080955e+00 
 9.21150000e-09  1.79080955e+00 
 9.21250000e-09  1.79080955e+00 
 9.21350000e-09  1.79080955e+00 
 9.21450000e-09  1.79080955e+00 
 9.21550000e-09  1.79080955e+00 
 9.21650000e-09  1.79080955e+00 
 9.21750000e-09  1.79080955e+00 
 9.21850000e-09  1.79080955e+00 
 9.21950000e-09  1.79080955e+00 
 9.22050000e-09  1.79080955e+00 
 9.22150000e-09  1.79080955e+00 
 9.22250000e-09  1.79080955e+00 
 9.22350000e-09  1.79080955e+00 
 9.22450000e-09  1.79080955e+00 
 9.22550000e-09  1.79080955e+00 
 9.22650000e-09  1.79080955e+00 
 9.22750000e-09  1.79080955e+00 
 9.22850000e-09  1.79080955e+00 
 9.22950000e-09  1.79080955e+00 
 9.23050000e-09  1.79080955e+00 
 9.23150000e-09  1.79080955e+00 
 9.23250000e-09  1.79080955e+00 
 9.23350000e-09  1.79080955e+00 
 9.23450000e-09  1.79080955e+00 
 9.23550000e-09  1.79080955e+00 
 9.23650000e-09  1.79080955e+00 
 9.23750000e-09  1.79080955e+00 
 9.23850000e-09  1.79080955e+00 
 9.23950000e-09  1.79080955e+00 
 9.24050000e-09  1.79080955e+00 
 9.24150000e-09  1.79080955e+00 
 9.24250000e-09  1.79080955e+00 
 9.24350000e-09  1.79080955e+00 
 9.24450000e-09  1.79080955e+00 
 9.24550000e-09  1.79080955e+00 
 9.24650000e-09  1.79080955e+00 
 9.24750000e-09  1.79080955e+00 
 9.24850000e-09  1.79080955e+00 
 9.24950000e-09  1.79080955e+00 
 9.25050000e-09  1.79080955e+00 
 9.25150000e-09  1.79080955e+00 
 9.25250000e-09  1.79080955e+00 
 9.25350000e-09  1.79080955e+00 
 9.25450000e-09  1.79080955e+00 
 9.25550000e-09  1.79080955e+00 
 9.25650000e-09  1.79080955e+00 
 9.25750000e-09  1.79080955e+00 
 9.25850000e-09  1.79080955e+00 
 9.25950000e-09  1.79080955e+00 
 9.26050000e-09  1.79080955e+00 
 9.26150000e-09  1.79080955e+00 
 9.26250000e-09  1.79080955e+00 
 9.26350000e-09  1.79080955e+00 
 9.26450000e-09  1.79080955e+00 
 9.26550000e-09  1.79080955e+00 
 9.26650000e-09  1.79080955e+00 
 9.26750000e-09  1.79080955e+00 
 9.26850000e-09  1.79080955e+00 
 9.26950000e-09  1.79080955e+00 
 9.27050000e-09  1.79080955e+00 
 9.27150000e-09  1.79080955e+00 
 9.27250000e-09  1.79080955e+00 
 9.27350000e-09  1.79080955e+00 
 9.27450000e-09  1.79080955e+00 
 9.27550000e-09  1.79080955e+00 
 9.27650000e-09  1.79080955e+00 
 9.27750000e-09  1.79080955e+00 
 9.27850000e-09  1.79080955e+00 
 9.27950000e-09  1.79080955e+00 
 9.28050000e-09  1.79080955e+00 
 9.28150000e-09  1.79080955e+00 
 9.28250000e-09  1.79080955e+00 
 9.28350000e-09  1.79080955e+00 
 9.28450000e-09  1.79080955e+00 
 9.28550000e-09  1.79080955e+00 
 9.28650000e-09  1.79080955e+00 
 9.28750000e-09  1.79080955e+00 
 9.28850000e-09  1.79080955e+00 
 9.28950000e-09  1.79080955e+00 
 9.29050000e-09  1.79080955e+00 
 9.29150000e-09  1.79080955e+00 
 9.29250000e-09  1.79080955e+00 
 9.29350000e-09  1.79080955e+00 
 9.29450000e-09  1.79080955e+00 
 9.29550000e-09  1.79080955e+00 
 9.29650000e-09  1.79080955e+00 
 9.29750000e-09  1.79080955e+00 
 9.29850000e-09  1.79080955e+00 
 9.29950000e-09  1.79080955e+00 
 9.30050000e-09  1.79080955e+00 
 9.30150000e-09  1.79080955e+00 
 9.30250000e-09  1.79080955e+00 
 9.30350000e-09  1.79080955e+00 
 9.30450000e-09  1.79080955e+00 
 9.30550000e-09  1.79080955e+00 
 9.30650000e-09  1.79080955e+00 
 9.30750000e-09  1.79080955e+00 
 9.30850000e-09  1.79080955e+00 
 9.30950000e-09  1.79080955e+00 
 9.31050000e-09  1.79080955e+00 
 9.31150000e-09  1.79080955e+00 
 9.31250000e-09  1.79080955e+00 
 9.31350000e-09  1.79080955e+00 
 9.31450000e-09  1.79080955e+00 
 9.31550000e-09  1.79080955e+00 
 9.31650000e-09  1.79080955e+00 
 9.31750000e-09  1.79080955e+00 
 9.31850000e-09  1.79080955e+00 
 9.31950000e-09  1.79080955e+00 
 9.32050000e-09  1.79080955e+00 
 9.32150000e-09  1.79080955e+00 
 9.32250000e-09  1.79080955e+00 
 9.32350000e-09  1.79080955e+00 
 9.32450000e-09  1.79080955e+00 
 9.32550000e-09  1.79080955e+00 
 9.32650000e-09  1.79080955e+00 
 9.32750000e-09  1.79080955e+00 
 9.32850000e-09  1.79080955e+00 
 9.32950000e-09  1.79080955e+00 
 9.33050000e-09  1.79080955e+00 
 9.33150000e-09  1.79080955e+00 
 9.33250000e-09  1.79080955e+00 
 9.33350000e-09  1.79080955e+00 
 9.33450000e-09  1.79080955e+00 
 9.33550000e-09  1.79080955e+00 
 9.33650000e-09  1.79080955e+00 
 9.33750000e-09  1.79080955e+00 
 9.33850000e-09  1.79080955e+00 
 9.33950000e-09  1.79080955e+00 
 9.34050000e-09  1.79080955e+00 
 9.34150000e-09  1.79080955e+00 
 9.34250000e-09  1.79080955e+00 
 9.34350000e-09  1.79080955e+00 
 9.34450000e-09  1.79080955e+00 
 9.34550000e-09  1.79080955e+00 
 9.34650000e-09  1.79080955e+00 
 9.34750000e-09  1.79080955e+00 
 9.34850000e-09  1.79080955e+00 
 9.34950000e-09  1.79080955e+00 
 9.35050000e-09  1.79080955e+00 
 9.35150000e-09  1.79080955e+00 
 9.35250000e-09  1.79080955e+00 
 9.35350000e-09  1.79080955e+00 
 9.35450000e-09  1.79080955e+00 
 9.35550000e-09  1.79080955e+00 
 9.35650000e-09  1.79080955e+00 
 9.35750000e-09  1.79080955e+00 
 9.35850000e-09  1.79080955e+00 
 9.35950000e-09  1.79080955e+00 
 9.36050000e-09  1.79080955e+00 
 9.36150000e-09  1.79080955e+00 
 9.36250000e-09  1.79080955e+00 
 9.36350000e-09  1.79080955e+00 
 9.36450000e-09  1.79080955e+00 
 9.36550000e-09  1.79080955e+00 
 9.36650000e-09  1.79080955e+00 
 9.36750000e-09  1.79080955e+00 
 9.36850000e-09  1.79080955e+00 
 9.36950000e-09  1.79080955e+00 
 9.37050000e-09  1.79080955e+00 
 9.37150000e-09  1.79080955e+00 
 9.37250000e-09  1.79080955e+00 
 9.37350000e-09  1.79080955e+00 
 9.37450000e-09  1.79080955e+00 
 9.37550000e-09  1.79080955e+00 
 9.37650000e-09  1.79080955e+00 
 9.37750000e-09  1.79080955e+00 
 9.37850000e-09  1.79080955e+00 
 9.37950000e-09  1.79080955e+00 
 9.38050000e-09  1.79080955e+00 
 9.38150000e-09  1.79080955e+00 
 9.38250000e-09  1.79080955e+00 
 9.38350000e-09  1.79080955e+00 
 9.38450000e-09  1.79080955e+00 
 9.38550000e-09  1.79080955e+00 
 9.38650000e-09  1.79080955e+00 
 9.38750000e-09  1.79080955e+00 
 9.38850000e-09  1.79080955e+00 
 9.38950000e-09  1.79080955e+00 
 9.39050000e-09  1.79080955e+00 
 9.39150000e-09  1.79080955e+00 
 9.39250000e-09  1.79080955e+00 
 9.39350000e-09  1.79080955e+00 
 9.39450000e-09  1.79080955e+00 
 9.39550000e-09  1.79080955e+00 
 9.39650000e-09  1.79080955e+00 
 9.39750000e-09  1.79080955e+00 
 9.39850000e-09  1.79080955e+00 
 9.39950000e-09  1.79080955e+00 
 9.40050000e-09  1.79080955e+00 
 9.40150000e-09  1.79080955e+00 
 9.40250000e-09  1.79080955e+00 
 9.40350000e-09  1.79080955e+00 
 9.40450000e-09  1.79080955e+00 
 9.40550000e-09  1.79080955e+00 
 9.40650000e-09  1.79080955e+00 
 9.40750000e-09  1.79080955e+00 
 9.40850000e-09  1.79080955e+00 
 9.40950000e-09  1.79080955e+00 
 9.41050000e-09  1.79080955e+00 
 9.41150000e-09  1.79080955e+00 
 9.41250000e-09  1.79080955e+00 
 9.41350000e-09  1.79080955e+00 
 9.41450000e-09  1.79080955e+00 
 9.41550000e-09  1.79080955e+00 
 9.41650000e-09  1.79080955e+00 
 9.41750000e-09  1.79080955e+00 
 9.41850000e-09  1.79080955e+00 
 9.41950000e-09  1.79080955e+00 
 9.42050000e-09  1.79080955e+00 
 9.42150000e-09  1.79080955e+00 
 9.42250000e-09  1.79080955e+00 
 9.42350000e-09  1.79080955e+00 
 9.42450000e-09  1.79080955e+00 
 9.42550000e-09  1.79080955e+00 
 9.42650000e-09  1.79080955e+00 
 9.42750000e-09  1.79080955e+00 
 9.42850000e-09  1.79080955e+00 
 9.42950000e-09  1.79080955e+00 
 9.43050000e-09  1.79080955e+00 
 9.43150000e-09  1.79080955e+00 
 9.43250000e-09  1.79080955e+00 
 9.43350000e-09  1.79080955e+00 
 9.43450000e-09  1.79080955e+00 
 9.43550000e-09  1.79080955e+00 
 9.43650000e-09  1.79080955e+00 
 9.43750000e-09  1.79080955e+00 
 9.43850000e-09  1.79080955e+00 
 9.43950000e-09  1.79080955e+00 
 9.44050000e-09  1.79080955e+00 
 9.44150000e-09  1.79080955e+00 
 9.44250000e-09  1.79080955e+00 
 9.44350000e-09  1.79080955e+00 
 9.44450000e-09  1.79080955e+00 
 9.44550000e-09  1.79080955e+00 
 9.44650000e-09  1.79080955e+00 
 9.44750000e-09  1.79080955e+00 
 9.44850000e-09  1.79080955e+00 
 9.44950000e-09  1.79080955e+00 
 9.45050000e-09  1.79080955e+00 
 9.45150000e-09  1.79080955e+00 
 9.45250000e-09  1.79080955e+00 
 9.45350000e-09  1.79080955e+00 
 9.45450000e-09  1.79080955e+00 
 9.45550000e-09  1.79080955e+00 
 9.45650000e-09  1.79080955e+00 
 9.45750000e-09  1.79080955e+00 
 9.45850000e-09  1.79080955e+00 
 9.45950000e-09  1.79080955e+00 
 9.46050000e-09  1.79080955e+00 
 9.46150000e-09  1.79080955e+00 
 9.46250000e-09  1.79080955e+00 
 9.46350000e-09  1.79080955e+00 
 9.46450000e-09  1.79080955e+00 
 9.46550000e-09  1.79080955e+00 
 9.46650000e-09  1.79080955e+00 
 9.46750000e-09  1.79080955e+00 
 9.46850000e-09  1.79080955e+00 
 9.46950000e-09  1.79080955e+00 
 9.47050000e-09  1.79080955e+00 
 9.47150000e-09  1.79080955e+00 
 9.47250000e-09  1.79080955e+00 
 9.47350000e-09  1.79080955e+00 
 9.47450000e-09  1.79080955e+00 
 9.47550000e-09  1.79080955e+00 
 9.47650000e-09  1.79080955e+00 
 9.47750000e-09  1.79080955e+00 
 9.47850000e-09  1.79080955e+00 
 9.47950000e-09  1.79080955e+00 
 9.48050000e-09  1.79080955e+00 
 9.48150000e-09  1.79080955e+00 
 9.48250000e-09  1.79080955e+00 
 9.48350000e-09  1.79080955e+00 
 9.48450000e-09  1.79080955e+00 
 9.48550000e-09  1.79080955e+00 
 9.48650000e-09  1.79080955e+00 
 9.48750000e-09  1.79080955e+00 
 9.48850000e-09  1.79080955e+00 
 9.48950000e-09  1.79080955e+00 
 9.49050000e-09  1.79080955e+00 
 9.49150000e-09  1.79080955e+00 
 9.49250000e-09  1.79080955e+00 
 9.49350000e-09  1.79080955e+00 
 9.49450000e-09  1.79080955e+00 
 9.49550000e-09  1.79080955e+00 
 9.49650000e-09  1.79080955e+00 
 9.49750000e-09  1.79080955e+00 
 9.49850000e-09  1.79080955e+00 
 9.49950000e-09  1.79080955e+00 
 9.50050000e-09  1.79080955e+00 
 9.50150000e-09  1.79080955e+00 
 9.50250000e-09  1.79080955e+00 
 9.50350000e-09  1.79080955e+00 
 9.50450000e-09  1.79080955e+00 
 9.50550000e-09  1.79080955e+00 
 9.50650000e-09  1.79080955e+00 
 9.50750000e-09  1.79080955e+00 
 9.50850000e-09  1.79080955e+00 
 9.50950000e-09  1.79080955e+00 
 9.51050000e-09  1.79080955e+00 
 9.51150000e-09  1.79080955e+00 
 9.51250000e-09  1.79080955e+00 
 9.51350000e-09  1.79080955e+00 
 9.51450000e-09  1.79080955e+00 
 9.51550000e-09  1.79080955e+00 
 9.51650000e-09  1.79080955e+00 
 9.51750000e-09  1.79080955e+00 
 9.51850000e-09  1.79080955e+00 
 9.51950000e-09  1.79080955e+00 
 9.52050000e-09  1.79080955e+00 
 9.52150000e-09  1.79080955e+00 
 9.52250000e-09  1.79080955e+00 
 9.52350000e-09  1.79080955e+00 
 9.52450000e-09  1.79080955e+00 
 9.52550000e-09  1.79080955e+00 
 9.52650000e-09  1.79080955e+00 
 9.52750000e-09  1.79080955e+00 
 9.52850000e-09  1.79080955e+00 
 9.52950000e-09  1.79080955e+00 
 9.53050000e-09  1.79080955e+00 
 9.53150000e-09  1.79080955e+00 
 9.53250000e-09  1.79080955e+00 
 9.53350000e-09  1.79080955e+00 
 9.53450000e-09  1.79080955e+00 
 9.53550000e-09  1.79080955e+00 
 9.53650000e-09  1.79080955e+00 
 9.53750000e-09  1.79080955e+00 
 9.53850000e-09  1.79080955e+00 
 9.53950000e-09  1.79080955e+00 
 9.54050000e-09  1.79080955e+00 
 9.54150000e-09  1.79080955e+00 
 9.54250000e-09  1.79080955e+00 
 9.54350000e-09  1.79080955e+00 
 9.54450000e-09  1.79080955e+00 
 9.54550000e-09  1.79080955e+00 
 9.54650000e-09  1.79080955e+00 
 9.54750000e-09  1.79080955e+00 
 9.54850000e-09  1.79080955e+00 
 9.54950000e-09  1.79080955e+00 
 9.55050000e-09  1.79080955e+00 
 9.55150000e-09  1.79080955e+00 
 9.55250000e-09  1.79080955e+00 
 9.55350000e-09  1.79080955e+00 
 9.55450000e-09  1.79080955e+00 
 9.55550000e-09  1.79080955e+00 
 9.55650000e-09  1.79080955e+00 
 9.55750000e-09  1.79080955e+00 
 9.55850000e-09  1.79080955e+00 
 9.55950000e-09  1.79080955e+00 
 9.56050000e-09  1.79080955e+00 
 9.56150000e-09  1.79080955e+00 
 9.56250000e-09  1.79080955e+00 
 9.56350000e-09  1.79080955e+00 
 9.56450000e-09  1.79080955e+00 
 9.56550000e-09  1.79080955e+00 
 9.56650000e-09  1.79080955e+00 
 9.56750000e-09  1.79080955e+00 
 9.56850000e-09  1.79080955e+00 
 9.56950000e-09  1.79080955e+00 
 9.57050000e-09  1.79080955e+00 
 9.57150000e-09  1.79080955e+00 
 9.57250000e-09  1.79080955e+00 
 9.57350000e-09  1.79080955e+00 
 9.57450000e-09  1.79080955e+00 
 9.57550000e-09  1.79080955e+00 
 9.57650000e-09  1.79080955e+00 
 9.57750000e-09  1.79080955e+00 
 9.57850000e-09  1.79080955e+00 
 9.57950000e-09  1.79080955e+00 
 9.58050000e-09  1.79080955e+00 
 9.58150000e-09  1.79080955e+00 
 9.58250000e-09  1.79080955e+00 
 9.58350000e-09  1.79080955e+00 
 9.58450000e-09  1.79080955e+00 
 9.58550000e-09  1.79080955e+00 
 9.58650000e-09  1.79080955e+00 
 9.58750000e-09  1.79080955e+00 
 9.58850000e-09  1.79080955e+00 
 9.58950000e-09  1.79080955e+00 
 9.59050000e-09  1.79080955e+00 
 9.59150000e-09  1.79080955e+00 
 9.59250000e-09  1.79080955e+00 
 9.59350000e-09  1.79080955e+00 
 9.59450000e-09  1.79080955e+00 
 9.59550000e-09  1.79080955e+00 
 9.59650000e-09  1.79080955e+00 
 9.59750000e-09  1.79080955e+00 
 9.59850000e-09  1.79080955e+00 
 9.59950000e-09  1.79080955e+00 
 9.60050000e-09  1.79080955e+00 
 9.60150000e-09  1.79080955e+00 
 9.60250000e-09  1.79080955e+00 
 9.60350000e-09  1.79080955e+00 
 9.60450000e-09  1.79080955e+00 
 9.60550000e-09  1.79080955e+00 
 9.60650000e-09  1.79080955e+00 
 9.60750000e-09  1.79080955e+00 
 9.60850000e-09  1.79080955e+00 
 9.60950000e-09  1.79080955e+00 
 9.61050000e-09  1.79080955e+00 
 9.61150000e-09  1.79080955e+00 
 9.61250000e-09  1.79080955e+00 
 9.61350000e-09  1.79080955e+00 
 9.61450000e-09  1.79080955e+00 
 9.61550000e-09  1.79080955e+00 
 9.61650000e-09  1.79080955e+00 
 9.61750000e-09  1.79080955e+00 
 9.61850000e-09  1.79080955e+00 
 9.61950000e-09  1.79080955e+00 
 9.62050000e-09  1.79080955e+00 
 9.62150000e-09  1.79080955e+00 
 9.62250000e-09  1.79080955e+00 
 9.62350000e-09  1.79080955e+00 
 9.62450000e-09  1.79080955e+00 
 9.62550000e-09  1.79080955e+00 
 9.62650000e-09  1.79080955e+00 
 9.62750000e-09  1.79080955e+00 
 9.62850000e-09  1.79080955e+00 
 9.62950000e-09  1.79080955e+00 
 9.63050000e-09  1.79080955e+00 
 9.63150000e-09  1.79080955e+00 
 9.63250000e-09  1.79080955e+00 
 9.63350000e-09  1.79080955e+00 
 9.63450000e-09  1.79080955e+00 
 9.63550000e-09  1.79080955e+00 
 9.63650000e-09  1.79080955e+00 
 9.63750000e-09  1.79080955e+00 
 9.63850000e-09  1.79080955e+00 
 9.63950000e-09  1.79080955e+00 
 9.64050000e-09  1.79080955e+00 
 9.64150000e-09  1.79080955e+00 
 9.64250000e-09  1.79080955e+00 
 9.64350000e-09  1.79080955e+00 
 9.64450000e-09  1.79080955e+00 
 9.64550000e-09  1.79080955e+00 
 9.64650000e-09  1.79080955e+00 
 9.64750000e-09  1.79080955e+00 
 9.64850000e-09  1.79080955e+00 
 9.64950000e-09  1.79080955e+00 
 9.65050000e-09  1.79080955e+00 
 9.65150000e-09  1.79080955e+00 
 9.65250000e-09  1.79080955e+00 
 9.65350000e-09  1.79080955e+00 
 9.65450000e-09  1.79080955e+00 
 9.65550000e-09  1.79080955e+00 
 9.65650000e-09  1.79080955e+00 
 9.65750000e-09  1.79080955e+00 
 9.65850000e-09  1.79080955e+00 
 9.65950000e-09  1.79080955e+00 
 9.66050000e-09  1.79080955e+00 
 9.66150000e-09  1.79080955e+00 
 9.66250000e-09  1.79080955e+00 
 9.66350000e-09  1.79080955e+00 
 9.66450000e-09  1.79080955e+00 
 9.66550000e-09  1.79080955e+00 
 9.66650000e-09  1.79080955e+00 
 9.66750000e-09  1.79080955e+00 
 9.66850000e-09  1.79080955e+00 
 9.66950000e-09  1.79080955e+00 
 9.67050000e-09  1.79080955e+00 
 9.67150000e-09  1.79080955e+00 
 9.67250000e-09  1.79080955e+00 
 9.67350000e-09  1.79080955e+00 
 9.67450000e-09  1.79080955e+00 
 9.67550000e-09  1.79080955e+00 
 9.67650000e-09  1.79080955e+00 
 9.67750000e-09  1.79080955e+00 
 9.67850000e-09  1.79080955e+00 
 9.67950000e-09  1.79080955e+00 
 9.68050000e-09  1.79080955e+00 
 9.68150000e-09  1.79080955e+00 
 9.68250000e-09  1.79080955e+00 
 9.68350000e-09  1.79080955e+00 
 9.68450000e-09  1.79080955e+00 
 9.68550000e-09  1.79080955e+00 
 9.68650000e-09  1.79080955e+00 
 9.68750000e-09  1.79080955e+00 
 9.68850000e-09  1.79080955e+00 
 9.68950000e-09  1.79080955e+00 
 9.69050000e-09  1.79080955e+00 
 9.69150000e-09  1.79080955e+00 
 9.69250000e-09  1.79080955e+00 
 9.69350000e-09  1.79080955e+00 
 9.69450000e-09  1.79080955e+00 
 9.69550000e-09  1.79080955e+00 
 9.69650000e-09  1.79080955e+00 
 9.69750000e-09  1.79080955e+00 
 9.69850000e-09  1.79080955e+00 
 9.69950000e-09  1.79080955e+00 
 9.70050000e-09  1.79080955e+00 
 9.70150000e-09  1.79080955e+00 
 9.70250000e-09  1.79080955e+00 
 9.70350000e-09  1.79080955e+00 
 9.70450000e-09  1.79080955e+00 
 9.70550000e-09  1.79080955e+00 
 9.70650000e-09  1.79080955e+00 
 9.70750000e-09  1.79080955e+00 
 9.70850000e-09  1.79080955e+00 
 9.70950000e-09  1.79080955e+00 
 9.71050000e-09  1.79080955e+00 
 9.71150000e-09  1.79080955e+00 
 9.71250000e-09  1.79080955e+00 
 9.71350000e-09  1.79080955e+00 
 9.71450000e-09  1.79080955e+00 
 9.71550000e-09  1.79080955e+00 
 9.71650000e-09  1.79080955e+00 
 9.71750000e-09  1.79080955e+00 
 9.71850000e-09  1.79080955e+00 
 9.71950000e-09  1.79080955e+00 
 9.72050000e-09  1.79080955e+00 
 9.72150000e-09  1.79080955e+00 
 9.72250000e-09  1.79080955e+00 
 9.72350000e-09  1.79080955e+00 
 9.72450000e-09  1.79080955e+00 
 9.72550000e-09  1.79080955e+00 
 9.72650000e-09  1.79080955e+00 
 9.72750000e-09  1.79080955e+00 
 9.72850000e-09  1.79080955e+00 
 9.72950000e-09  1.79080955e+00 
 9.73050000e-09  1.79080955e+00 
 9.73150000e-09  1.79080955e+00 
 9.73250000e-09  1.79080955e+00 
 9.73350000e-09  1.79080955e+00 
 9.73450000e-09  1.79080955e+00 
 9.73550000e-09  1.79080955e+00 
 9.73650000e-09  1.79080955e+00 
 9.73750000e-09  1.79080955e+00 
 9.73850000e-09  1.79080955e+00 
 9.73950000e-09  1.79080955e+00 
 9.74050000e-09  1.79080955e+00 
 9.74150000e-09  1.79080955e+00 
 9.74250000e-09  1.79080955e+00 
 9.74350000e-09  1.79080955e+00 
 9.74450000e-09  1.79080955e+00 
 9.74550000e-09  1.79080955e+00 
 9.74650000e-09  1.79080955e+00 
 9.74750000e-09  1.79080955e+00 
 9.74850000e-09  1.79080955e+00 
 9.74950000e-09  1.79080955e+00 
 9.75050000e-09  1.79080955e+00 
 9.75150000e-09  1.79080955e+00 
 9.75250000e-09  1.79080955e+00 
 9.75350000e-09  1.79080955e+00 
 9.75450000e-09  1.79080955e+00 
 9.75550000e-09  1.79080955e+00 
 9.75650000e-09  1.79080955e+00 
 9.75750000e-09  1.79080955e+00 
 9.75850000e-09  1.79080955e+00 
 9.75950000e-09  1.79080955e+00 
 9.76050000e-09  1.79080955e+00 
 9.76150000e-09  1.79080955e+00 
 9.76250000e-09  1.79080955e+00 
 9.76350000e-09  1.79080955e+00 
 9.76450000e-09  1.79080955e+00 
 9.76550000e-09  1.79080955e+00 
 9.76650000e-09  1.79080955e+00 
 9.76750000e-09  1.79080955e+00 
 9.76850000e-09  1.79080955e+00 
 9.76950000e-09  1.79080955e+00 
 9.77050000e-09  1.79080955e+00 
 9.77150000e-09  1.79080955e+00 
 9.77250000e-09  1.79080955e+00 
 9.77350000e-09  1.79080955e+00 
 9.77450000e-09  1.79080955e+00 
 9.77550000e-09  1.79080955e+00 
 9.77650000e-09  1.79080955e+00 
 9.77750000e-09  1.79080955e+00 
 9.77850000e-09  1.79080955e+00 
 9.77950000e-09  1.79080955e+00 
 9.78050000e-09  1.79080955e+00 
 9.78150000e-09  1.79080955e+00 
 9.78250000e-09  1.79080955e+00 
 9.78350000e-09  1.79080955e+00 
 9.78450000e-09  1.79080955e+00 
 9.78550000e-09  1.79080955e+00 
 9.78650000e-09  1.79080955e+00 
 9.78750000e-09  1.79080955e+00 
 9.78850000e-09  1.79080955e+00 
 9.78950000e-09  1.79080955e+00 
 9.79050000e-09  1.79080955e+00 
 9.79150000e-09  1.79080955e+00 
 9.79250000e-09  1.79080955e+00 
 9.79350000e-09  1.79080955e+00 
 9.79450000e-09  1.79080955e+00 
 9.79550000e-09  1.79080955e+00 
 9.79650000e-09  1.79080955e+00 
 9.79750000e-09  1.79080955e+00 
 9.79850000e-09  1.79080955e+00 
 9.79950000e-09  1.79080955e+00 
 9.80050000e-09  1.79080955e+00 
 9.80150000e-09  1.79080955e+00 
 9.80250000e-09  1.79080955e+00 
 9.80350000e-09  1.79080955e+00 
 9.80450000e-09  1.79080955e+00 
 9.80550000e-09  1.79080955e+00 
 9.80650000e-09  1.79080955e+00 
 9.80750000e-09  1.79080955e+00 
 9.80850000e-09  1.79080955e+00 
 9.80950000e-09  1.79080955e+00 
 9.81050000e-09  1.79080955e+00 
 9.81150000e-09  1.79080955e+00 
 9.81250000e-09  1.79080955e+00 
 9.81350000e-09  1.79080955e+00 
 9.81450000e-09  1.79080955e+00 
 9.81550000e-09  1.79080955e+00 
 9.81650000e-09  1.79080955e+00 
 9.81750000e-09  1.79080955e+00 
 9.81850000e-09  1.79080955e+00 
 9.81950000e-09  1.79080955e+00 
 9.82050000e-09  1.79080955e+00 
 9.82150000e-09  1.79080955e+00 
 9.82250000e-09  1.79080955e+00 
 9.82350000e-09  1.79080955e+00 
 9.82450000e-09  1.79080955e+00 
 9.82550000e-09  1.79080955e+00 
 9.82650000e-09  1.79080955e+00 
 9.82750000e-09  1.79080955e+00 
 9.82850000e-09  1.79080955e+00 
 9.82950000e-09  1.79080955e+00 
 9.83050000e-09  1.79080955e+00 
 9.83150000e-09  1.79080955e+00 
 9.83250000e-09  1.79080955e+00 
 9.83350000e-09  1.79080955e+00 
 9.83450000e-09  1.79080955e+00 
 9.83550000e-09  1.79080955e+00 
 9.83650000e-09  1.79080955e+00 
 9.83750000e-09  1.79080955e+00 
 9.83850000e-09  1.79080955e+00 
 9.83950000e-09  1.79080955e+00 
 9.84050000e-09  1.79080955e+00 
 9.84150000e-09  1.79080955e+00 
 9.84250000e-09  1.79080955e+00 
 9.84350000e-09  1.79080955e+00 
 9.84450000e-09  1.79080955e+00 
 9.84550000e-09  1.79080955e+00 
 9.84650000e-09  1.79080955e+00 
 9.84750000e-09  1.79080955e+00 
 9.84850000e-09  1.79080955e+00 
 9.84950000e-09  1.79080955e+00 
 9.85050000e-09  1.79080955e+00 
 9.85150000e-09  1.79080955e+00 
 9.85250000e-09  1.79080955e+00 
 9.85350000e-09  1.79080955e+00 
 9.85450000e-09  1.79080955e+00 
 9.85550000e-09  1.79080955e+00 
 9.85650000e-09  1.79080955e+00 
 9.85750000e-09  1.79080955e+00 
 9.85850000e-09  1.79080955e+00 
 9.85950000e-09  1.79080955e+00 
 9.86050000e-09  1.79080955e+00 
 9.86150000e-09  1.79080955e+00 
 9.86250000e-09  1.79080955e+00 
 9.86350000e-09  1.79080955e+00 
 9.86450000e-09  1.79080955e+00 
 9.86550000e-09  1.79080955e+00 
 9.86650000e-09  1.79080955e+00 
 9.86750000e-09  1.79080955e+00 
 9.86850000e-09  1.79080955e+00 
 9.86950000e-09  1.79080955e+00 
 9.87050000e-09  1.79080955e+00 
 9.87150000e-09  1.79080955e+00 
 9.87250000e-09  1.79080955e+00 
 9.87350000e-09  1.79080955e+00 
 9.87450000e-09  1.79080955e+00 
 9.87550000e-09  1.79080955e+00 
 9.87650000e-09  1.79080955e+00 
 9.87750000e-09  1.79080955e+00 
 9.87850000e-09  1.79080955e+00 
 9.87950000e-09  1.79080955e+00 
 9.88050000e-09  1.79080955e+00 
 9.88150000e-09  1.79080955e+00 
 9.88250000e-09  1.79080955e+00 
 9.88350000e-09  1.79080955e+00 
 9.88450000e-09  1.79080955e+00 
 9.88550000e-09  1.79080955e+00 
 9.88650000e-09  1.79080955e+00 
 9.88750000e-09  1.79080955e+00 
 9.88850000e-09  1.79080955e+00 
 9.88950000e-09  1.79080955e+00 
 9.89050000e-09  1.79080955e+00 
 9.89150000e-09  1.79080955e+00 
 9.89250000e-09  1.79080955e+00 
 9.89350000e-09  1.79080955e+00 
 9.89450000e-09  1.79080955e+00 
 9.89550000e-09  1.79080955e+00 
 9.89650000e-09  1.79080955e+00 
 9.89750000e-09  1.79080955e+00 
 9.89850000e-09  1.79080955e+00 
 9.89950000e-09  1.79080955e+00 
 9.90050000e-09  1.79080955e+00 
 9.90150000e-09  1.79080955e+00 
 9.90250000e-09  1.79080955e+00 
 9.90350000e-09  1.79080955e+00 
 9.90450000e-09  1.79080955e+00 
 9.90550000e-09  1.79080955e+00 
 9.90650000e-09  1.79080955e+00 
 9.90750000e-09  1.79080955e+00 
 9.90850000e-09  1.79080955e+00 
 9.90950000e-09  1.79080955e+00 
 9.91050000e-09  1.79080955e+00 
 9.91150000e-09  1.79080955e+00 
 9.91250000e-09  1.79080955e+00 
 9.91350000e-09  1.79080955e+00 
 9.91450000e-09  1.79080955e+00 
 9.91550000e-09  1.79080955e+00 
 9.91650000e-09  1.79080955e+00 
 9.91750000e-09  1.79080955e+00 
 9.91850000e-09  1.79080955e+00 
 9.91950000e-09  1.79080955e+00 
 9.92050000e-09  1.79080955e+00 
 9.92150000e-09  1.79080955e+00 
 9.92250000e-09  1.79080955e+00 
 9.92350000e-09  1.79080955e+00 
 9.92450000e-09  1.79080955e+00 
 9.92550000e-09  1.79080955e+00 
 9.92650000e-09  1.79080955e+00 
 9.92750000e-09  1.79080955e+00 
 9.92850000e-09  1.79080955e+00 
 9.92950000e-09  1.79080955e+00 
 9.93050000e-09  1.79080955e+00 
 9.93150000e-09  1.79080955e+00 
 9.93250000e-09  1.79080955e+00 
 9.93350000e-09  1.79080955e+00 
 9.93450000e-09  1.79080955e+00 
 9.93550000e-09  1.79080955e+00 
 9.93650000e-09  1.79080955e+00 
 9.93750000e-09  1.79080955e+00 
 9.93850000e-09  1.79080955e+00 
 9.93950000e-09  1.79080955e+00 
 9.94050000e-09  1.79080955e+00 
 9.94150000e-09  1.79080955e+00 
 9.94250000e-09  1.79080955e+00 
 9.94350000e-09  1.79080955e+00 
 9.94450000e-09  1.79080955e+00 
 9.94550000e-09  1.79080955e+00 
 9.94650000e-09  1.79080955e+00 
 9.94750000e-09  1.79080955e+00 
 9.94850000e-09  1.79080955e+00 
 9.94950000e-09  1.79080955e+00 
 9.95050000e-09  1.79080955e+00 
 9.95150000e-09  1.79080955e+00 
 9.95250000e-09  1.79080955e+00 
 9.95350000e-09  1.79080955e+00 
 9.95450000e-09  1.79080955e+00 
 9.95550000e-09  1.79080955e+00 
 9.95650000e-09  1.79080955e+00 
 9.95750000e-09  1.79080955e+00 
 9.95850000e-09  1.79080955e+00 
 9.95950000e-09  1.79080955e+00 
 9.96050000e-09  1.79080955e+00 
 9.96150000e-09  1.79080955e+00 
 9.96250000e-09  1.79080955e+00 
 9.96350000e-09  1.79080955e+00 
 9.96450000e-09  1.79080955e+00 
 9.96550000e-09  1.79080955e+00 
 9.96650000e-09  1.79080955e+00 
 9.96750000e-09  1.79080955e+00 
 9.96850000e-09  1.79080955e+00 
 9.96950000e-09  1.79080955e+00 
 9.97050000e-09  1.79080955e+00 
 9.97150000e-09  1.79080955e+00 
 9.97250000e-09  1.79080955e+00 
 9.97350000e-09  1.79080955e+00 
 9.97450000e-09  1.79080955e+00 
 9.97550000e-09  1.79080955e+00 
 9.97650000e-09  1.79080955e+00 
 9.97750000e-09  1.79080955e+00 
 9.97850000e-09  1.79080955e+00 
 9.97950000e-09  1.79080955e+00 
 9.98050000e-09  1.79080955e+00 
 9.98150000e-09  1.79080955e+00 
 9.98250000e-09  1.79080955e+00 
 9.98350000e-09  1.79080955e+00 
 9.98450000e-09  1.79080955e+00 
 9.98550000e-09  1.79080955e+00 
 9.98650000e-09  1.79080955e+00 
 9.98750000e-09  1.79080955e+00 
 9.98850000e-09  1.79080955e+00 
 9.98950000e-09  1.79080955e+00 
 9.99050000e-09  1.79080955e+00 
 9.99150000e-09  1.79080955e+00 
 9.99250000e-09  1.79080955e+00 
 9.99350000e-09  1.79080955e+00 
 9.99450000e-09  1.79080955e+00 
 9.99550000e-09  1.79080955e+00 
 9.99650000e-09  1.79080955e+00 
 9.99750000e-09  1.79080955e+00 
 9.99850000e-09  1.79080955e+00 
 9.99950000e-09  1.79080955e+00 
 1.00005000e-08  1.79080955e+00 
 1.00015000e-08  1.79080955e+00 
 1.00025000e-08  1.79080955e+00 
 1.00035000e-08  1.79080955e+00 
 1.00045000e-08  1.79080955e+00 
 1.00055000e-08  1.79080955e+00 
 1.00065000e-08  1.79080955e+00 
 1.00075000e-08  1.79080955e+00 
 1.00085000e-08  1.79080955e+00 
 1.00095000e-08  1.79080955e+00 
 1.00100000e-08  1.79080955e+00 
 1.00101000e-08  1.79047191e+00 
 1.00103000e-08  1.78913407e+00 
 1.00107000e-08  1.78263019e+00 
 1.00115000e-08  1.75567593e+00 
 1.00125000e-08  1.69904259e+00 
 1.00135000e-08  1.62094173e+00 
 1.00145000e-08  1.52513703e+00 
 1.00155000e-08  1.41473233e+00 
 1.00165000e-08  1.29228731e+00 
 1.00175000e-08  1.15991287e+00 
 1.00185000e-08  1.01934984e+00 
 1.00195000e-08  8.72033849e-01 
 1.00200000e-08  7.96191734e-01 
 1.00201000e-08  7.81180164e-01 
 1.00203000e-08  7.51723086e-01 
 1.00207000e-08  6.96079606e-01 
 1.00215000e-08  5.96708047e-01 
 1.00225000e-08  4.92093155e-01 
 1.00235000e-08  4.05819353e-01 
 1.00245000e-08  3.34671079e-01 
 1.00255000e-08  2.75996524e-01 
 1.00265000e-08  2.27608797e-01 
 1.00275000e-08  1.87704408e-01 
 1.00285000e-08  1.54796060e-01 
 1.00295000e-08  1.27657205e-01 
 1.00305000e-08  1.05276336e-01 
 1.00315000e-08  8.68192822e-02 
 1.00325000e-08  7.15981202e-02 
 1.00335000e-08  5.90455334e-02 
 1.00345000e-08  4.86936668e-02 
 1.00355000e-08  4.01566901e-02 
 1.00365000e-08  3.31164167e-02 
 1.00375000e-08  2.73104445e-02 
 1.00385000e-08  2.25223757e-02 
 1.00395000e-08  1.85737514e-02 
 1.00405000e-08  1.53174001e-02 
 1.00415000e-08  1.26319526e-02 
 1.00425000e-08  1.04173179e-02 
 1.00435000e-08  8.59095306e-03 
 1.00445000e-08  7.08478664e-03 
 1.00455000e-08  5.84268140e-03 
 1.00465000e-08  4.81834214e-03 
 1.00475000e-08  3.97359010e-03 
 1.00485000e-08  3.27694003e-03 
 1.00495000e-08  2.70242670e-03 
 1.00505000e-08  2.22863709e-03 
 1.00515000e-08  1.83791229e-03 
 1.00525000e-08  1.51568940e-03 
 1.00535000e-08  1.24995864e-03 
 1.00545000e-08  1.03081581e-03 
 1.00555000e-08  8.50093120e-04 
 1.00565000e-08  7.01054742e-04 
 1.00575000e-08  5.78145781e-04 
 1.00585000e-08  4.76785227e-04 
 1.00595000e-08  3.93195211e-04 
 1.00605000e-08  3.24260202e-04 
 1.00615000e-08  2.67410884e-04 
 1.00625000e-08  2.20528391e-04 
 1.00635000e-08  1.81865340e-04 
 1.00645000e-08  1.49980697e-04 
 1.00655000e-08  1.23686072e-04 
 1.00665000e-08  1.02001422e-04 
 1.00675000e-08  8.41185265e-05 
 1.00685000e-08  6.93708612e-05 
 1.00695000e-08  5.72087576e-05 
 1.00705000e-08  4.71789146e-05 
 1.00715000e-08  3.89075044e-05 
 1.00725000e-08  3.20862383e-05 
 1.00735000e-08  2.64608770e-05 
 1.00745000e-08  2.18217544e-05 
 1.00755000e-08  1.79959631e-05 
 1.00765000e-08  1.48409097e-05 
 1.00775000e-08  1.22390005e-05 
 1.00785000e-08  1.00932582e-05 
 1.00795000e-08  8.32370753e-06 
 1.00805000e-08  6.86439461e-06 
 1.00815000e-08  5.66092852e-06 
 1.00825000e-08  4.66845418e-06 
 1.00835000e-08  3.84998051e-06 
 1.00845000e-08  3.17500169e-06 
 1.00855000e-08  2.61836019e-06 
 1.00865000e-08  2.15930912e-06 
 1.00875000e-08  1.78073891e-06 
 1.00885000e-08  1.46853966e-06 
 1.00895000e-08  1.21107519e-06 
 1.00905000e-08  9.98749415e-07 
 1.00915000e-08  8.23648605e-07 
 1.00925000e-08  6.79246481e-07 
 1.00935000e-08  5.60160946e-07 
 1.00945000e-08  4.61953494e-07 
 1.00955000e-08  3.80963779e-07 
 1.00965000e-08  3.14173185e-07 
 1.00975000e-08  2.59092323e-07 
 1.00985000e-08  2.13668241e-07 
 1.00995000e-08  1.76207912e-07 
 1.01005000e-08  1.45315130e-07 
 1.01015000e-08  1.19838472e-07 
 1.01025000e-08  9.88283838e-08 
 1.01035000e-08  8.15017854e-08 
 1.01045000e-08  6.72128873e-08 
 1.01055000e-08  5.54291198e-08 
 1.01065000e-08  4.57112831e-08 
 1.01075000e-08  3.76971781e-08 
 1.01085000e-08  3.10881065e-08 
 1.01095000e-08  2.56377377e-08 
 1.01105000e-08  2.11429280e-08 
 1.01115000e-08  1.74361485e-08 
 1.01125000e-08  1.43792419e-08 
 1.01135000e-08  1.18582723e-08 
 1.01145000e-08  9.77927927e-09 
 1.01155000e-08  8.06477542e-09 
 1.01165000e-08  6.65085849e-09 
 1.01175000e-08  5.48482957e-09 
 1.01185000e-08  4.52322891e-09 
 1.01195000e-08  3.73021614e-09 
 1.01205000e-08  3.07623441e-09 
 1.01215000e-08  2.53690880e-09 
 1.01225000e-08  2.09213780e-09 
 1.01235000e-08  1.72534407e-09 
 1.01245000e-08  1.42285664e-09 
 1.01255000e-08  1.17340132e-09 
 1.01265000e-08  9.67680532e-10 
 1.01275000e-08  7.98026721e-10 
 1.01285000e-08  6.58116627e-10 
 1.01295000e-08  5.42735579e-10 
 1.01305000e-08  4.47583144e-10 
 1.01315000e-08  3.69112839e-10 
 1.01325000e-08  3.04399953e-10 
 1.01335000e-08  2.51032535e-10 
 1.01345000e-08  2.07021495e-10 
 1.01355000e-08  1.70726474e-10 
 1.01365000e-08  1.40794698e-10 
 1.01375000e-08  1.16110563e-10 
 1.01385000e-08  9.57540516e-11 
 1.01395000e-08  7.89664453e-11 
 1.01405000e-08  6.51220432e-11 
 1.01415000e-08  5.37048426e-11 
 1.01425000e-08  4.42893063e-11 
 1.01435000e-08  3.65245023e-11 
 1.01445000e-08  3.01210243e-11 
 1.01455000e-08  2.48402045e-11 
 1.01465000e-08  2.04852183e-11 
 1.01475000e-08  1.68937485e-11 
 1.01485000e-08  1.39319355e-11 
 1.01495000e-08  1.14893877e-11 
 1.01505000e-08  9.47506754e-12 
 1.01515000e-08  7.81389811e-12 
 1.01525000e-08  6.44396501e-12 
 1.01535000e-08  5.31420867e-12 
 1.01545000e-08  4.38252127e-12 
 1.01555000e-08  3.61417737e-12 
 1.01565000e-08  2.98053957e-12 
 1.01575000e-08  2.45799119e-12 
 1.01585000e-08  2.02705602e-12 
 1.01595000e-08  1.67167243e-12 
 1.01605000e-08  1.37859472e-12 
 1.01615000e-08  1.13689941e-12 
 1.01625000e-08  9.37578133e-13 
 1.01635000e-08  7.73201877e-13 
 1.01645000e-08  6.37644076e-13 
 1.01655000e-08  5.25852277e-13 
 1.01665000e-08  4.33659823e-13 
 1.01675000e-08  3.57630556e-13 
 1.01685000e-08  2.94930745e-13 
 1.01695000e-08  2.43223468e-13 
 1.01705000e-08  2.00581515e-13 
 1.01715000e-08  1.65415551e-13 
 1.01725000e-08  1.36414886e-13 
 1.01735000e-08  1.12498620e-13 
 1.01745000e-08  9.27753551e-14 
 1.01755000e-08  7.65099741e-14 
 1.01765000e-08  6.30962407e-14 
 1.01775000e-08  5.20342038e-14 
 1.01785000e-08  4.29115640e-14 
 1.01795000e-08  3.53883059e-14 
 1.01805000e-08  2.91840259e-14 
 1.01815000e-08  2.40674807e-14 
 1.01825000e-08  1.98479685e-14 
 1.01835000e-08  1.63682214e-14 
 1.01845000e-08  1.34985438e-14 
 1.01855000e-08  1.11319783e-14 
 1.01865000e-08  9.18031917e-15 
 1.01875000e-08  7.57082504e-15 
 1.01885000e-08  6.24350753e-15 
 1.01895000e-08  5.14889540e-15 
 1.01905000e-08  4.24619074e-15 
 1.01915000e-08  3.50174832e-15 
 1.01925000e-08  2.88782158e-15 
 1.01935000e-08  2.38152852e-15 
 1.01945000e-08  1.96399880e-15 
 1.01955000e-08  1.61967041e-15 
 1.01965000e-08  1.33570969e-15 
 1.01975000e-08  1.10153298e-15 
 1.01985000e-08  9.08412153e-16 
 1.01995000e-08  7.49149278e-16 
 1.02005000e-08  6.17808380e-16 
 1.02015000e-08  5.09494177e-16 
 1.02025000e-08  4.20169626e-16 
 1.02035000e-08  3.46505461e-16 
 1.02045000e-08  2.85756102e-16 
 1.02055000e-08  2.35657325e-16 
 1.02065000e-08  1.94341868e-16 
 1.02075000e-08  1.60269840e-16 
 1.02085000e-08  1.32171321e-16 
 1.02095000e-08  1.08999037e-16 
 1.02105000e-08  8.98893192e-17 
 1.02115000e-08  7.41299182e-17 
 1.02125000e-08  6.11334563e-17 
 1.02135000e-08  5.04155350e-17 
 1.02145000e-08  4.15766802e-17 
 1.02155000e-08  3.42874541e-17 
 1.02165000e-08  2.82761755e-17 
 1.02175000e-08  2.33187947e-17 
 1.02185000e-08  1.92305421e-17 
 1.02195000e-08  1.58590423e-17 
 1.02205000e-08  1.30786340e-17 
 1.02215000e-08  1.07856871e-17 
 1.02225000e-08  8.89473977e-18 
 1.02235000e-08  7.33531344e-18 
 1.02245000e-08  6.04928583e-18 
 1.02255000e-08  4.98872466e-18 
 1.02265000e-08  4.11410115e-18 
 1.02275000e-08  3.39281668e-18 
 1.02285000e-08  2.79798785e-18 
 1.02295000e-08  2.30744445e-18 
 1.02305000e-08  1.90290314e-18 
 1.02315000e-08  1.56928605e-18 
 1.02325000e-08  1.29415872e-18 
 1.02335000e-08  1.06726673e-18 
 1.02345000e-08  8.80153462e-19 
 1.02355000e-08  7.25844903e-19 
 1.02365000e-08  5.98589729e-19 
 1.02375000e-08  4.93644941e-19 
 1.02385000e-08  4.07099079e-19 
 1.02395000e-08  3.35726443e-19 
 1.02405000e-08  2.76866863e-19 
 1.02415000e-08  2.28326547e-19 
 1.02425000e-08  1.88296323e-19 
 1.02435000e-08  1.55284200e-19 
 1.02445000e-08  1.28059764e-19 
 1.02455000e-08  1.05608318e-19 
 1.02465000e-08  8.70930615e-20 
 1.02475000e-08  7.18239005e-20 
 1.02485000e-08  5.92317298e-20 
 1.02495000e-08  4.88472193e-20 
 1.02505000e-08  4.02833218e-20 
 1.02515000e-08  3.32208473e-20 
 1.02525000e-08  2.73965663e-20 
 1.02535000e-08  2.25933986e-20 
 1.02545000e-08  1.86323226e-20 
 1.02555000e-08  1.53657026e-20 
 1.02565000e-08  1.26717867e-20 
 1.02575000e-08  1.04501683e-20 
 1.02585000e-08  8.61804410e-21 
 1.02595000e-08  7.10712808e-21 
 1.02605000e-08  5.86110594e-21 
 1.02615000e-08  4.83353649e-21 
 1.02625000e-08  3.98612057e-21 
 1.02635000e-08  3.28727366e-21 
 1.02645000e-08  2.71094864e-21 
 1.02655000e-08  2.23566496e-21 
 1.02665000e-08  1.84370804e-21 
 1.02675000e-08  1.52046903e-21 
 1.02685000e-08  1.25390031e-21 
 1.02695000e-08  1.03406643e-21 
 1.02705000e-08  8.52773837e-22 
 1.02715000e-08  7.03265475e-22 
 1.02725000e-08  5.79968928e-22 
 1.02735000e-08  4.78288740e-22 
 1.02745000e-08  3.94435128e-22 
 1.02755000e-08  3.25282737e-22 
 1.02765000e-08  2.68254147e-22 
 1.02775000e-08  2.21223814e-22 
 1.02785000e-08  1.82438841e-22 
 1.02795000e-08  1.50453652e-22 
 1.02805000e-08  1.24076108e-22 
 1.02815000e-08  1.02323077e-22 
 1.02825000e-08  8.43837892e-23 
 1.02835000e-08  6.95896180e-23 
 1.02845000e-08  5.73891619e-23 
 1.02855000e-08  4.73276905e-23 
 1.02865000e-08  3.90301968e-23 
 1.02875000e-08  3.21874203e-23 
 1.02885000e-08  2.65443198e-23 
 1.02895000e-08  2.18905680e-23 
 1.02905000e-08  1.80527123e-23 
 1.02915000e-08  1.48877096e-23 
 1.02925000e-08  1.22775954e-23 
 1.02935000e-08  1.01250867e-23 
 1.02945000e-08  8.34995583e-24 
 1.02955000e-08  6.88604106e-24 
 1.02965000e-08  5.67877991e-24 
 1.02975000e-08  4.68317587e-24 
 1.02985000e-08  3.86212118e-24 
 1.02995000e-08  3.18501386e-24 
 1.03005000e-08  2.62661703e-24 
 1.03015000e-08  2.16611837e-24 
 1.03025000e-08  1.78635436e-24 
 1.03035000e-08  1.47317061e-24 
 1.03045000e-08  1.21489424e-24 
 1.03055000e-08  1.00189891e-24 
 1.03065000e-08  8.26245931e-25 
 1.03075000e-08  6.81388443e-25 
 1.03085000e-08  5.61927379e-25 
 1.03095000e-08  4.63410236e-25 
 1.03105000e-08  3.82165125e-25 
 1.03115000e-08  3.15163911e-25 
 1.03125000e-08  2.59909355e-25 
 1.03135000e-08  2.14342031e-25 
 1.03145000e-08  1.76763573e-25 
 1.03155000e-08  1.45773372e-25 
 1.03165000e-08  1.20216375e-25 
 1.03175000e-08  9.91400331e-26 
 1.03185000e-08  8.17587963e-26 
 1.03195000e-08  6.74248391e-26 
 1.03205000e-08  5.56039121e-26 
 1.03215000e-08  4.58554308e-26 
 1.03225000e-08  3.78160538e-26 
 1.03235000e-08  3.11861409e-26 
 1.03245000e-08  2.57185848e-26 
 1.03255000e-08  2.12096009e-26 
 1.03265000e-08  1.74911323e-26 
 1.03275000e-08  1.44245859e-26 
 1.03285000e-08  1.18956666e-26 
 1.03295000e-08  9.81011763e-27 
 1.03305000e-08  8.09020720e-27 
 1.03315000e-08  6.67183157e-27 
 1.03325000e-08  5.50212564e-27 
 1.03335000e-08  4.53749264e-27 
 1.03345000e-08  3.74197915e-27 
 1.03355000e-08  3.08593513e-27 
 1.03365000e-08  2.54490879e-27 
 1.03375000e-08  2.09873522e-27 
 1.03385000e-08  1.73078483e-27 
 1.03395000e-08  1.42734353e-27 
 1.03405000e-08  1.17710157e-27 
 1.03415000e-08  9.70732053e-28 
 1.03425000e-08  8.00543249e-28 
 1.03435000e-08  6.60191957e-28 
 1.03445000e-08  5.44447062e-28 
 1.03455000e-08  4.48994570e-28 
 1.03465000e-08  3.70276814e-28 
 1.03475000e-08  3.05359860e-28 
 1.03485000e-08  2.51824150e-28 
 1.03495000e-08  2.07674325e-28 
 1.03505000e-08  1.71264849e-28 
 1.03515000e-08  1.41238685e-28 
 1.03525000e-08  1.16476710e-28 
 1.03535000e-08  9.60560061e-29 
 1.03545000e-08  7.92154612e-29 
 1.03555000e-08  6.53274016e-29 
 1.03565000e-08  5.38741975e-29 
 1.03575000e-08  4.44289699e-29 
 1.03585000e-08  3.66396801e-29 
 1.03595000e-08  3.02160091e-29 
 1.03605000e-08  2.49185365e-29 
 1.03615000e-08  2.05498172e-29 
 1.03625000e-08  1.69470219e-29 
 1.03635000e-08  1.39758690e-29 
 1.03645000e-08  1.15256188e-29 
 1.03655000e-08  9.50494659e-30 
 1.03665000e-08  7.83853876e-30 
 1.03675000e-08  6.46428566e-30 
 1.03685000e-08  5.33096670e-30 
 1.03695000e-08  4.39634129e-30 
 1.03705000e-08  3.62557446e-30 
 1.03715000e-08  2.98993852e-30 
 1.03725000e-08  2.46574231e-30 
 1.03735000e-08  2.03344822e-30 
 1.03745000e-08  1.67694395e-30 
 1.03755000e-08  1.38294203e-30 
 1.03765000e-08  1.14048455e-30 
 1.03775000e-08  9.40534728e-31 
 1.03785000e-08  7.75640121e-31 
 1.03795000e-08  6.39654847e-31 
 1.03805000e-08  5.27510520e-31 
 1.03815000e-08  4.35027343e-31 
 1.03825000e-08  3.58758322e-31 
 1.03835000e-08  2.95860791e-31 
 1.03845000e-08  2.43990459e-31 
 1.03855000e-08  2.01214036e-31 
 1.03865000e-08  1.65937179e-31 
 1.03875000e-08  1.36845062e-31 
 1.03885000e-08  1.12853378e-31 
 1.03895000e-08  9.30679165e-32 
 1.03905000e-08  7.67512436e-32 
 1.03915000e-08  6.32952108e-32 
 1.03925000e-08  5.21982905e-32 
 1.03935000e-08  4.30468830e-32 
 1.03945000e-08  3.54999008e-32 
 1.03955000e-08  2.92760560e-32 
 1.03965000e-08  2.41433760e-32 
 1.03975000e-08  1.99105579e-32 
 1.03985000e-08  1.64198376e-32 
 1.03995000e-08  1.35411107e-32 
 1.04005000e-08  1.11670823e-32 
 1.04015000e-08  9.20926874e-33 
 1.04025000e-08  7.59469918e-33 
 1.04035000e-08  6.26319605e-33 
 1.04045000e-08  5.16513213e-33 
 1.04055000e-08  4.25958084e-33 
 1.04065000e-08  3.51279086e-33 
 1.04075000e-08  2.89692815e-33 
 1.04085000e-08  2.38903853e-33 
 1.04095000e-08  1.97019215e-33 
 1.04105000e-08  1.62477794e-33 
 1.04115000e-08  1.33992177e-33 
 1.04125000e-08  1.10500660e-33 
 1.04135000e-08  9.11276775e-34 
 1.04145000e-08  7.51511674e-34 
 1.04155000e-08  6.19756601e-34 
 1.04165000e-08  5.11100835e-34 
 1.04175000e-08  4.21494605e-34 
 1.04185000e-08  3.47598145e-34 
 1.04195000e-08  2.86657217e-34 
 1.04205000e-08  2.36400456e-34 
 1.04215000e-08  1.94954713e-34 
 1.04225000e-08  1.60775241e-34 
 1.04235000e-08  1.32588116e-34 
 1.04245000e-08  1.09342759e-34 
 1.04255000e-08  9.01727796e-35 
 1.04265000e-08  7.43636823e-35 
 1.04275000e-08  6.13262369e-35 
 1.04285000e-08  5.05745173e-35 
 1.04295000e-08  4.17077898e-35 
 1.04305000e-08  3.43955775e-35 
 1.04315000e-08  2.83653427e-35 
 1.04325000e-08  2.33923291e-35 
 1.04335000e-08  1.92911845e-35 
 1.04345000e-08  1.59090528e-35 
 1.04355000e-08  1.31198767e-35 
 1.04365000e-08  1.08196991e-35 
 1.04375000e-08  8.92278878e-36 
 1.04385000e-08  7.35844490e-36 
 1.04395000e-08  6.06836188e-36 
 1.04405000e-08  5.00445630e-36 
 1.04415000e-08  4.12707471e-36 
 1.04425000e-08  3.40351572e-36 
 1.04435000e-08  2.80681113e-36 
 1.04445000e-08  2.31472083e-36 
 1.04455000e-08  1.90890383e-36 
 1.04465000e-08  1.57423469e-36 
 1.04475000e-08  1.29823977e-36 
 1.04485000e-08  1.07063229e-36 
 1.04495000e-08  8.82928972e-37 
 1.04505000e-08  7.28133810e-37 
 1.04515000e-08  6.00477345e-37 
 1.04525000e-08  4.95201620e-37 
 1.04535000e-08  4.08382841e-37 
 1.04545000e-08  3.36785136e-37 
 1.04555000e-08  2.77739945e-37 
 1.04565000e-08  2.29046561e-37 
 1.04575000e-08  1.88890104e-37 
 1.04585000e-08  1.55773879e-37 
 1.04595000e-08  1.28463593e-37 
 1.04605000e-08  1.05941348e-37 
 1.04615000e-08  8.73677041e-38 
 1.04625000e-08  7.20503928e-38 
 1.04635000e-08  5.94185135e-38 
 1.04645000e-08  4.90012560e-38 
 1.04655000e-08  4.04103528e-38 
 1.04665000e-08  3.33256072e-38 
 1.04675000e-08  2.74829597e-38 
 1.04685000e-08  2.26646455e-38 
 1.04695000e-08  1.86910784e-38 
 1.04705000e-08  1.54141574e-38 
 1.04715000e-08  1.27117464e-38 
 1.04725000e-08  1.04831222e-38 
 1.04735000e-08  8.64522058e-39 
 1.04745000e-08  7.12953997e-39 
 1.04755000e-08  5.87958858e-39 
 1.04765000e-08  4.84877875e-39 
 1.04775000e-08  3.99869056e-39 
 1.04785000e-08  3.29763988e-39 
 1.04795000e-08  2.71949745e-39 
 1.04805000e-08  2.24271499e-39 
 1.04815000e-08  1.84952206e-39 
 1.04825000e-08  1.52526374e-39 
 1.04835000e-08  1.25785440e-39 
 1.04845000e-08  1.03732729e-39 
 1.04855000e-08  8.55463007e-40 
 1.04865000e-08  7.05483180e-40 
 1.04875000e-08  5.81797825e-40 
 1.04885000e-08  4.79796994e-40 
 1.04895000e-08  3.95678955e-40 
 1.04905000e-08  3.26308496e-40 
 1.04915000e-08  2.69100071e-40 
 1.04925000e-08  2.21921429e-40 
 1.04935000e-08  1.83014151e-40 
 1.04945000e-08  1.50928098e-40 
 1.04955000e-08  1.24467375e-40 
 1.04965000e-08  1.02645747e-40 
 1.04975000e-08  8.46498883e-41 
 1.04985000e-08  6.98090646e-41 
 1.04995000e-08  5.75701351e-41 
 1.05005000e-08  4.74769354e-41 
 1.05015000e-08  3.91532762e-41 
 1.05025000e-08  3.22889214e-41 
 1.05035000e-08  2.66280257e-41 
 1.05045000e-08  2.19595986e-41 
 1.05055000e-08  1.81096404e-41 
 1.05065000e-08  1.49346571e-41 
 1.05075000e-08  1.23163121e-41 
 1.05085000e-08  1.01570155e-41 
 1.05095000e-08  8.37628691e-42 
 1.05105000e-08  6.90775577e-42 
 1.05115000e-08  5.69668760e-42 
 1.05125000e-08  4.69794398e-42 
 1.05135000e-08  3.87430015e-42 
 1.05145000e-08  3.19505761e-42 
 1.05155000e-08  2.63489991e-42 
 1.05165000e-08  2.17294909e-42 
 1.05175000e-08  1.79198752e-42 
 1.05185000e-08  1.47781616e-42 
 1.05195000e-08  1.21872534e-42 
 1.05205000e-08  1.00505834e-42 
 1.05215000e-08  8.28851447e-43 
 1.05225000e-08  6.83537160e-43 
 1.05235000e-08  5.63699383e-43 
 1.05245000e-08  4.64871572e-43 
 1.05255000e-08  3.83370259e-43 
 1.05265000e-08  3.16157761e-43 
 1.05275000e-08  2.60728963e-43 
 1.05285000e-08  2.15017945e-43 
 1.05295000e-08  1.77320986e-43 
 1.05305000e-08  1.46233059e-43 
 1.05315000e-08  1.20595470e-43 
 1.05325000e-08  9.94526651e-44 
 1.05335000e-08  8.20166177e-44 
 1.05345000e-08  6.76374592e-44 
 1.05355000e-08  5.57792556e-44 
 1.05365000e-08  4.60000331e-44 
 1.05375000e-08  3.79353044e-44 
 1.05385000e-08  3.12844845e-44 
 1.05395000e-08  2.57996867e-44 
 1.05405000e-08  2.12764841e-44 
 1.05415000e-08  1.75462896e-44 
 1.05425000e-08  1.44700730e-44 
 1.05435000e-08  1.19331789e-44 
 1.05445000e-08  9.84105323e-45 
 1.05455000e-08  8.11571917e-45 
 1.05465000e-08  6.69287078e-45 
 1.05475000e-08  5.51947626e-45 
 1.05485000e-08  4.55180134e-45 
 1.05495000e-08  3.75377925e-45 
 1.05505000e-08  3.09566644e-45 
 1.05515000e-08  2.55293401e-45 
 1.05525000e-08  2.10535346e-45 
 1.05535000e-08  1.73624276e-45 
 1.05545000e-08  1.43184457e-45 
 1.05555000e-08  1.18081349e-45 
 1.05565000e-08  9.73793197e-46 
 1.05575000e-08  8.03067713e-46 
 1.05585000e-08  6.62273832e-46 
 1.05595000e-08  5.46163943e-46 
 1.05605000e-08  4.50410447e-46 
 1.05615000e-08  3.71444459e-46 
 1.05625000e-08  3.06322794e-46 
 1.05635000e-08  2.52618262e-46 
 1.05645000e-08  2.08329213e-46 
 1.05655000e-08  1.71804922e-46 
 1.05665000e-08  1.41684073e-46 
 1.05675000e-08  1.16844012e-46 
 1.05685000e-08  9.63589129e-47 
 1.05695000e-08  7.94652623e-47 
 1.05705000e-08  6.55334076e-47 
 1.05715000e-08  5.40440865e-47 
 1.05725000e-08  4.45690739e-47 
 1.05735000e-08  3.67552211e-47 
 1.05745000e-08  3.03112935e-47 
 1.05755000e-08  2.49971156e-47 
 1.05765000e-08  2.06146198e-47 
 1.05775000e-08  1.70004633e-47 
 1.05785000e-08  1.40199411e-47 
 1.05795000e-08  1.15619641e-47 
 1.05805000e-08  9.53491985e-48 
 1.05815000e-08  7.86325711e-48 
 1.05825000e-08  6.48467039e-48 
 1.05835000e-08  5.34777757e-48 
 1.05845000e-08  4.41020488e-48 
 1.05855000e-08  3.63700749e-48 
 1.05865000e-08  2.99936711e-48 
 1.05875000e-08  2.47351788e-48 
 1.05885000e-08  2.03986057e-48 
 1.05895000e-08  1.68223209e-48 
 1.05905000e-08  1.38730306e-48 
 1.05915000e-08  1.14408100e-48 
 1.05925000e-08  9.43500647e-49 
 1.05935000e-08  7.78086055e-49 
 1.05945000e-08  6.41671960e-49 
 1.05955000e-08  5.29173992e-49 
 1.05965000e-08  4.36399175e-49 
 1.05975000e-08  3.59889644e-49 
 1.05985000e-08  2.96793770e-49 
 1.05995000e-08  2.44759868e-49 
 1.06005000e-08  2.01848552e-49 
 1.06015000e-08  1.66460452e-49 
 1.06025000e-08  1.37276595e-49 
 1.06035000e-08  1.13209254e-49 
 1.06045000e-08  9.33614004e-50 
 1.06055000e-08  7.69932739e-50 
 1.06065000e-08  6.34948084e-50 
 1.06075000e-08  5.23628946e-50 
 1.06085000e-08  4.31826287e-50 
 1.06095000e-08  3.56118476e-50 
 1.06105000e-08  2.93683762e-50 
 1.06115000e-08  2.42195107e-50 
 1.06125000e-08  1.99733446e-50 
 1.06135000e-08  1.64716166e-50 
 1.06145000e-08  1.35838117e-50 
 1.06155000e-08  1.12022970e-50 
 1.06165000e-08  9.23830961e-51 
 1.06175000e-08  7.61864860e-51 
 1.06185000e-08  6.28294665e-51 
 1.06195000e-08  5.18142006e-51 
 1.06205000e-08  4.27301317e-51 
 1.06215000e-08  3.52386824e-51 
 1.06225000e-08  2.90606344e-51 
 1.06235000e-08  2.39657222e-51 
 1.06245000e-08  1.97640503e-51 
 1.06255000e-08  1.62990157e-51 
 1.06265000e-08  1.34414713e-51 
 1.06275000e-08  1.10849117e-51 
 1.06285000e-08  9.14150431e-52 
 1.06295000e-08  7.53881521e-52 
 1.06305000e-08  6.21710966e-52 
 1.06315000e-08  5.12712561e-52 
 1.06325000e-08  4.22823763e-52 
 1.06335000e-08  3.48694274e-52 
 1.06345000e-08  2.87561173e-52 
 1.06355000e-08  2.37145930e-52 
 1.06365000e-08  1.95569491e-52 
 1.06375000e-08  1.61282236e-52 
 1.06385000e-08  1.33006224e-52 
 1.06395000e-08  1.09687565e-52 
 1.06405000e-08  9.04571340e-53 
 1.06415000e-08  7.45981836e-53 
 1.06425000e-08  6.15196255e-53 
 1.06435000e-08  5.07340009e-53 
 1.06445000e-08  4.18393127e-53 
 1.06455000e-08  3.45040418e-53 
 1.06465000e-08  2.84547911e-53 
 1.06475000e-08  2.34660953e-53 
 1.06485000e-08  1.93520181e-53 
 1.06495000e-08  1.59592210e-53 
 1.06505000e-08  1.31612494e-53 
 1.06515000e-08  1.08538184e-53 
 1.06525000e-08  8.95092625e-54 
 1.06535000e-08  7.38164931e-54 
 1.06545000e-08  6.08749809e-54 
 1.06555000e-08  5.02023755e-54 
 1.06565000e-08  4.14008919e-54 
 1.06575000e-08  3.41424850e-54 
 1.06585000e-08  2.81566224e-54 
 1.06595000e-08  2.32202016e-54 
 1.06605000e-08  1.91492344e-54 
 1.06615000e-08  1.57919895e-54 
 1.06625000e-08  1.30233369e-54 
 1.06635000e-08  1.07400847e-54 
 1.06645000e-08  8.85713235e-55 
 1.06655000e-08  7.30429936e-55 
 1.06665000e-08  6.02370914e-55 
 1.06675000e-08  4.96763208e-55 
 1.06685000e-08  4.09670652e-55 
 1.06695000e-08  3.37847168e-55 
 1.06705000e-08  2.78615781e-55 
 1.06715000e-08  2.29768845e-55 
 1.06725000e-08  1.89485757e-55 
 1.06735000e-08  1.56265102e-55 
 1.06745000e-08  1.28868695e-55 
 1.06755000e-08  1.06275427e-55 
 1.06765000e-08  8.76432128e-56 
 1.06775000e-08  7.22775993e-56 
 1.06785000e-08  5.96058861e-56 
 1.06795000e-08  4.91557785e-56 
 1.06805000e-08  4.05377843e-56 
 1.06815000e-08  3.34306975e-56 
 1.06825000e-08  2.75696255e-56 
 1.06835000e-08  2.27361171e-56 
 1.06845000e-08  1.87500196e-56 
 1.06855000e-08  1.54627650e-56 
 1.06865000e-08  1.27518321e-56 
 1.06875000e-08  1.05161801e-56 
 1.06885000e-08  8.67248275e-57 
 1.06895000e-08  7.15202254e-57 
 1.06905000e-08  5.89812950e-57 
 1.06915000e-08  4.86406907e-57 
 1.06925000e-08  4.01130018e-57 
 1.06935000e-08  3.30803879e-57 
 1.06945000e-08  2.72807322e-57 
 1.06955000e-08  2.24978725e-57 
 1.06965000e-08  1.85535441e-57 
 1.06975000e-08  1.53007356e-57 
 1.06985000e-08  1.26182097e-57 
 1.06995000e-08  1.04059844e-57 
 1.07005000e-08  8.58160657e-58 
 1.07015000e-08  7.07707878e-58 
 1.07025000e-08  5.83632489e-58 
 1.07035000e-08  4.81310005e-58 
 1.07045000e-08  3.96926705e-58 
 1.07055000e-08  3.27337490e-58 
 1.07065000e-08  2.69948661e-58 
 1.07075000e-08  2.22621245e-58 
 1.07085000e-08  1.83591275e-58 
 1.07095000e-08  1.51404041e-58 
 1.07105000e-08  1.24859875e-58 
 1.07115000e-08  1.02969434e-58 
 1.07125000e-08  8.49168265e-59 
 1.07135000e-08  7.00292032e-59 
 1.07145000e-08  5.77516790e-59 
 1.07155000e-08  4.76266510e-59 
 1.07165000e-08  3.92767436e-59 
 1.07175000e-08  3.23907425e-59 
 1.07185000e-08  2.67119955e-59 
 1.07195000e-08  2.20288468e-59 
 1.07205000e-08  1.81667480e-59 
 1.07215000e-08  1.49817526e-59 
 1.07225000e-08  1.23551508e-59 
 1.07235000e-08  1.01890450e-59 
 1.07245000e-08  8.40270102e-60 
 1.07255000e-08  6.92953895e-60 
 1.07265000e-08  5.71465175e-60 
 1.07275000e-08  4.71275865e-60 
 1.07285000e-08  3.88651752e-60 
 1.07295000e-08  3.20513302e-60 
 1.07305000e-08  2.64320890e-60 
 1.07315000e-08  2.17980135e-60 
 1.07325000e-08  1.79763845e-60 
 1.07335000e-08  1.48247636e-60 
 1.07345000e-08  1.22256851e-60 
 1.07355000e-08  1.00822773e-60 
 1.07365000e-08  8.31465179e-61 
 1.07375000e-08  6.85692652e-61 
 1.07385000e-08  5.65476974e-61 
 1.07395000e-08  4.66337516e-61 
 1.07405000e-08  3.84579194e-61 
 1.07415000e-08  3.17154746e-61 
 1.07425000e-08  2.61551156e-61 
 1.07435000e-08  2.15695991e-61 
 1.07445000e-08  1.77880157e-61 
 1.07455000e-08  1.46694196e-61 
 1.07465000e-08  1.20975761e-61 
 1.07475000e-08  9.97662830e-62 
 1.07485000e-08  8.22752521e-62 
 1.07495000e-08  6.78507498e-62 
 1.07505000e-08  5.59551521e-62 
 1.07515000e-08  4.61450914e-62 
 1.07525000e-08  3.80549311e-62 
 1.07535000e-08  3.13831382e-62 
 1.07545000e-08  2.58810445e-62 
 1.07555000e-08  2.13435782e-62 
 1.07565000e-08  1.76016207e-62 
 1.07575000e-08  1.45157035e-62 
 1.07585000e-08  1.19708094e-62 
 1.07595000e-08  9.87208639e-63 
 1.07605000e-08  8.14131159e-63 
 1.07615000e-08  6.71397634e-63 
 1.07625000e-08  5.53688159e-63 
 1.07635000e-08  4.56615517e-63 
 1.07645000e-08  3.76561656e-63 
 1.07655000e-08  3.10542843e-63 
 1.07665000e-08  2.56098453e-63 
 1.07675000e-08  2.11199256e-63 
 1.07685000e-08  1.74171789e-63 
 1.07695000e-08  1.43635980e-63 
 1.07705000e-08  1.18453711e-63 
 1.07715000e-08  9.76863994e-64 
 1.07725000e-08  8.05600138e-64 
 1.07735000e-08  6.64362272e-64 
 1.07745000e-08  5.47886237e-64 
 1.07755000e-08  4.51830788e-64 
 1.07765000e-08  3.72615787e-64 
 1.07775000e-08  3.07288764e-64 
 1.07785000e-08  2.53414879e-64 
 1.07795000e-08  2.08986166e-64 
 1.07805000e-08  1.72346699e-64 
 1.07815000e-08  1.42130865e-64 
 1.07825000e-08  1.17212473e-64 
 1.07835000e-08  9.66627748e-65 
 1.07845000e-08  7.97158511e-65 
 1.07855000e-08  6.57400632e-65 
 1.07865000e-08  5.42145112e-65 
 1.07875000e-08  4.47096198e-65 
 1.07885000e-08  3.68711264e-65 
 1.07895000e-08  3.04068783e-65 
 1.07905000e-08  2.50759425e-65 
 1.07915000e-08  2.06796267e-65 
 1.07925000e-08  1.70540733e-65 
 1.07935000e-08  1.40641521e-65 
 1.07945000e-08  1.15984241e-65 
 1.07955000e-08  9.56498764e-66 
 1.07965000e-08  7.88805341e-66 
 1.07975000e-08  6.50511940e-66 
 1.07985000e-08  5.36464146e-66 
 1.07995000e-08  4.42411219e-66 
 1.08005000e-08  3.64847657e-66 
 1.08015000e-08  3.00882543e-66 
 1.08025000e-08  2.48131797e-66 
 1.08035000e-08  2.04629315e-66 
 1.08045000e-08  1.68753691e-66 
 1.08055000e-08  1.39167783e-66 
 1.08065000e-08  1.14768879e-66 
 1.08075000e-08  9.46475918e-67 
 1.08085000e-08  7.80539702e-67 
 1.08095000e-08  6.43695433e-67 
 1.08105000e-08  5.30842710e-67 
 1.08115000e-08  4.37775333e-67 
 1.08125000e-08  3.61024534e-67 
 1.08135000e-08  2.97729691e-67 
 1.08145000e-08  2.45531703e-67 
 1.08155000e-08  2.02485069e-67 
 1.08165000e-08  1.66985375e-67 
 1.08175000e-08  1.37709488e-67 
 1.08185000e-08  1.13566252e-67 
 1.08195000e-08  9.36558099e-68 
 1.08205000e-08  7.72360675e-68 
 1.08215000e-08  6.36950354e-68 
 1.08225000e-08  5.25280178e-68 
 1.08235000e-08  4.33188025e-68 
 1.08245000e-08  3.57241473e-68 
 1.08255000e-08  2.94609876e-68 
 1.08265000e-08  2.42958854e-68 
 1.08275000e-08  2.00363293e-68 
 1.08285000e-08  1.65235588e-68 
 1.08295000e-08  1.36266474e-68 
 1.08305000e-08  1.12376228e-68 
 1.08315000e-08  9.26744205e-69 
 1.08325000e-08  7.64267354e-69 
 1.08335000e-08  6.30275954e-69 
 1.08345000e-08  5.19775935e-69 
 1.08355000e-08  4.28648786e-69 
 1.08365000e-08  3.53498054e-69 
 1.08375000e-08  2.91522753e-69 
 1.08385000e-08  2.40412966e-69 
 1.08395000e-08  1.98263750e-69 
 1.08405000e-08  1.63504137e-69 
 1.08415000e-08  1.34838582e-69 
 1.08425000e-08  1.11198673e-69 
 1.08435000e-08  9.17033148e-70 
 1.08445000e-08  7.56258840e-70 
 1.08455000e-08  6.23671493e-70 
 1.08465000e-08  5.14329368e-70 
 1.08475000e-08  4.24157112e-70 
 1.08485000e-08  3.49793860e-70 
 1.08495000e-08  2.88467979e-70 
 1.08505000e-08  2.37893755e-70 
 1.08515000e-08  1.96186207e-70 
 1.08525000e-08  1.61790829e-70 
 1.08535000e-08  1.33425651e-70 
 1.08545000e-08  1.10033458e-70 
 1.08555000e-08  9.07423850e-71 
 1.08565000e-08  7.48334245e-71 
 1.08575000e-08  6.17136238e-71 
 1.08585000e-08  5.08939875e-71 
 1.08595000e-08  4.19712504e-71 
 1.08605000e-08  3.46128482e-71 
 1.08615000e-08  2.85445215e-71 
 1.08625000e-08  2.35400942e-71 
 1.08635000e-08  1.94130435e-71 
 1.08645000e-08  1.60095475e-71 
 1.08655000e-08  1.32027526e-71 
 1.08665000e-08  1.08880452e-71 
 1.08675000e-08  8.97915245e-72 
 1.08685000e-08  7.40492689e-72 
 1.08695000e-08  6.10669464e-72 
 1.08705000e-08  5.03606856e-72 
 1.08715000e-08  4.15314471e-72 
 1.08725000e-08  3.42501512e-72 
 1.08735000e-08  2.82454126e-72 
 1.08745000e-08  2.32934251e-72 
 1.08755000e-08  1.92096204e-72 
 1.08765000e-08  1.58417885e-72 
 1.08775000e-08  1.30644052e-72 
 1.08785000e-08  1.07739529e-72 
 1.08795000e-08  8.88506277e-73 
 1.08805000e-08  7.32733302e-73 
 1.08815000e-08  6.04270454e-73 
 1.08825000e-08  4.98329720e-73 
 1.08835000e-08  4.10962523e-73 
 1.08845000e-08  3.38912548e-73 
 1.08855000e-08  2.79494379e-73 
 1.08865000e-08  2.30493407e-73 
 1.08875000e-08  1.90083289e-73 
 1.08885000e-08  1.56757875e-73 
 1.08895000e-08  1.29275074e-73 
 1.08905000e-08  1.06610560e-73 
 1.08915000e-08  8.79195903e-74 
 1.08925000e-08  7.25055223e-74 
 1.08935000e-08  5.97938496e-74 
 1.08945000e-08  4.93107882e-74 
 1.08955000e-08  4.06656178e-74 
 1.08965000e-08  3.35361191e-74 
 1.08975000e-08  2.76565647e-74 
 1.08985000e-08  2.28078140e-74 
 1.08995000e-08  1.88091467e-74 
 1.09005000e-08  1.55115259e-74 
 1.09015000e-08  1.27920442e-74 
 1.09025000e-08  1.05493422e-74 
 1.09035000e-08  8.69983090e-75 
 1.09045000e-08  7.17457601e-75 
 1.09055000e-08  5.91672890e-75 
 1.09065000e-08  4.87940762e-75 
 1.09075000e-08  4.02394957e-75 
 1.09085000e-08  3.31847048e-75 
 1.09095000e-08  2.73667603e-75 
 1.09105000e-08  2.25688182e-75 
 1.09115000e-08  1.86120516e-75 
 1.09125000e-08  1.53489856e-75 
 1.09135000e-08  1.26580005e-75 
 1.09145000e-08  1.04387990e-75 
 1.09155000e-08  8.60866814e-76 
 1.09165000e-08  7.09939591e-76 
 1.09175000e-08  5.85472938e-76 
 1.09185000e-08  4.82827786e-76 
 1.09195000e-08  3.98178389e-76 
 1.09205000e-08  3.28369729e-76 
 1.09215000e-08  2.70799928e-76 
 1.09225000e-08  2.23323268e-76 
 1.09235000e-08  1.84170218e-76 
 1.09245000e-08  1.51881484e-76 
 1.09255000e-08  1.25253613e-76 
 1.09265000e-08  1.03294142e-76 
 1.09275000e-08  8.51846065e-77 
 1.09285000e-08  7.02500360e-77 
 1.09295000e-08  5.79337954e-77 
 1.09305000e-08  4.77768388e-77 
 1.09315000e-08  3.94006004e-77 
 1.09325000e-08  3.24928847e-77 
 1.09335000e-08  2.67962302e-77 
 1.09345000e-08  2.20983134e-77 
 1.09355000e-08  1.82240357e-77 
 1.09365000e-08  1.50289967e-77 
 1.09375000e-08  1.23941120e-77 
 1.09385000e-08  1.02211756e-77 
 1.09395000e-08  8.42919842e-78 
 1.09405000e-08  6.95139083e-78 
 1.09415000e-08  5.73267256e-78 
 1.09425000e-08  4.72762005e-78 
 1.09435000e-08  3.89877341e-78 
 1.09445000e-08  3.21524021e-78 
 1.09455000e-08  2.65154410e-78 
 1.09465000e-08  2.18667522e-78 
 1.09475000e-08  1.80330719e-78 
 1.09485000e-08  1.48715126e-78 
 1.09495000e-08  1.22642381e-78 
 1.09505000e-08  1.01140711e-78 
 1.09515000e-08  8.34087154e-79 
 1.09525000e-08  6.87854942e-79 
 1.09535000e-08  5.67260171e-79 
 1.09545000e-08  4.67808083e-79 
 1.09555000e-08  3.85791941e-79 
 1.09565000e-08  3.18154874e-79 
 1.09575000e-08  2.62375942e-79 
 1.09585000e-08  2.16376175e-79 
 1.09595000e-08  1.78441091e-79 
 1.09605000e-08  1.47156788e-79 
 1.09615000e-08  1.21357251e-79 
 1.09625000e-08  1.00080890e-79 
 1.09635000e-08  8.25347020e-80 
 1.09645000e-08  6.80647130e-80 
 1.09655000e-08  5.61316033e-80 
 1.09665000e-08  4.62906071e-80 
 1.09675000e-08  3.81749350e-80 
 1.09685000e-08  3.14821030e-80 
 1.09695000e-08  2.59626588e-80 
 1.09705000e-08  2.14108838e-80 
 1.09715000e-08  1.76571263e-80 
 1.09725000e-08  1.45614779e-80 
 1.09735000e-08  1.20085587e-80 
 1.09745000e-08  9.90321741e-81 
 1.09755000e-08  8.16698472e-81 
 1.09765000e-08  6.73514845e-81 
 1.09775000e-08  5.55434181e-81 
 1.09785000e-08  4.58055426e-81 
 1.09795000e-08  3.77749120e-81 
 1.09805000e-08  3.11522121e-81 
 1.09815000e-08  2.56906043e-81 
 1.09825000e-08  2.11865260e-81 
 1.09835000e-08  1.74721029e-81 
 1.09845000e-08  1.44088928e-81 
 1.09855000e-08  1.18827248e-81 
 1.09865000e-08  9.79944475e-82 
 1.09875000e-08  8.08140549e-82 
 1.09885000e-08  6.66457298e-82 
 1.09895000e-08  5.49613963e-82 
 1.09905000e-08  4.53255609e-82 
 1.09915000e-08  3.73790808e-82 
 1.09925000e-08  3.08257780e-82 
 1.09935000e-08  2.54214007e-82 
 1.09945000e-08  2.09645191e-82 
 1.09955000e-08  1.72890184e-82 
 1.09965000e-08  1.42579066e-82 
 1.09975000e-08  1.17582095e-82 
 1.09985000e-08  9.69675950e-83 
 1.09995000e-08  7.99672302e-83 
 1.10005000e-08  6.59473704e-83 
 1.10015000e-08  5.43854734e-83 
 1.10025000e-08  4.48506088e-83 
 1.10035000e-08  3.69873973e-83 
 1.10045000e-08  3.05027645e-83 
 1.10055000e-08  2.51550179e-83 
 1.10065000e-08  2.07448386e-83 
 1.10075000e-08  1.71078522e-83 
 1.10085000e-08  1.41085025e-83 
 1.10095000e-08  1.16349990e-83 
 1.10105000e-08  9.59515024e-84 
 1.10115000e-08  7.91292791e-84 
 1.10125000e-08  6.52563290e-84 
 1.10135000e-08  5.38155853e-84 
 1.10145000e-08  4.43806336e-84 
 1.10155000e-08  3.65998181e-84 
 1.10165000e-08  3.01831358e-84 
 1.10175000e-08  2.48914265e-84 
 1.10185000e-08  2.05274601e-84 
 1.10195000e-08  1.69285845e-84 
 1.10205000e-08  1.39606640e-84 
 1.10215000e-08  1.15130795e-84 
 1.10225000e-08  9.49460572e-85 
 1.10235000e-08  7.83001086e-85 
 1.10245000e-08  6.45725287e-85 
 1.10255000e-08  5.32516690e-85 
 1.10265000e-08  4.39155831e-85 
 1.10275000e-08  3.62163003e-85 
 1.10285000e-08  2.98668563e-85 
 1.10295000e-08  2.46305972e-85 
 1.10305000e-08  2.03123594e-85 
 1.10315000e-08  1.67511953e-85 
 1.10325000e-08  1.38143747e-85 
 1.10335000e-08  1.13924377e-85 
 1.10345000e-08  9.39511478e-86 
 1.10355000e-08  7.74796267e-86 
 1.10365000e-08  6.38958938e-86 
 1.10375000e-08  5.26936617e-86 
 1.10385000e-08  4.34554057e-86 
 1.10395000e-08  3.58368013e-86 
 1.10405000e-08  2.95538910e-86 
 1.10415000e-08  2.43725010e-86 
 1.10425000e-08  2.00995126e-86 
 1.10435000e-08  1.65756648e-86 
 1.10445000e-08  1.36696182e-86 
 1.10455000e-08  1.12730599e-86 
 1.10465000e-08  9.29666636e-87 
 1.10475000e-08  7.66677424e-87 
 1.10485000e-08  6.32263491e-87 
 1.10495000e-08  5.21415016e-87 
 1.10505000e-08  4.30000503e-87 
 1.10515000e-08  3.54612788e-87 
 1.10525000e-08  2.92442052e-87 
 1.10535000e-08  2.41171094e-87 
 1.10545000e-08  1.98888963e-87 
 1.10555000e-08  1.64019737e-87 
 1.10565000e-08  1.35263787e-87 
 1.10575000e-08  1.11549331e-87 
 1.10585000e-08  9.19924956e-88 
 1.10595000e-08  7.58643656e-88 
 1.10605000e-08  6.25638203e-88 
 1.10615000e-08  5.15951274e-88 
 1.10625000e-08  4.25494665e-88 
 1.10635000e-08  3.50896914e-88 
 1.10645000e-08  2.89377645e-88 
 1.10655000e-08  2.38643939e-88 
 1.10665000e-08  1.96804868e-88 
 1.10675000e-08  1.62301027e-88 
 1.10685000e-08  1.33846401e-88 
 1.10695000e-08  1.10380441e-88 
 1.10705000e-08  9.10285356e-89 
 1.10715000e-08  7.50694071e-89 
 1.10725000e-08  6.19082340e-89 
 1.10735000e-08  5.10544786e-89 
 1.10745000e-08  4.21036042e-89 
 1.10755000e-08  3.47219977e-89 
 1.10765000e-08  2.86345349e-89 
 1.10775000e-08  2.36143265e-89 
 1.10785000e-08  1.94742613e-89 
 1.10795000e-08  1.60600326e-89 
 1.10805000e-08  1.32443867e-89 
 1.10815000e-08  1.09223800e-89 
 1.10825000e-08  9.00746766e-90 
 1.10835000e-08  7.42827787e-90 
 1.10845000e-08  6.12595173e-90 
 1.10855000e-08  5.05194950e-90 
 1.10865000e-08  4.16624140e-90 
 1.10875000e-08  3.43581570e-90 
 1.10885000e-08  2.83344828e-90 
 1.10895000e-08  2.33668795e-90 
 1.10905000e-08  1.92701967e-90 
 1.10915000e-08  1.58917446e-90 
 1.10925000e-08  1.31056030e-90 
 1.10935000e-08  1.08079279e-90 
 1.10945000e-08  8.91308128e-91 
 1.10955000e-08  7.35043931e-91 
 1.10965000e-08  6.06175984e-91 
 1.10975000e-08  4.99901173e-91 
 1.10985000e-08  4.12258468e-91 
 1.10995000e-08  3.39981288e-91 
 1.11005000e-08  2.80375747e-91 
 1.11015000e-08  2.31220254e-91 
 1.11025000e-08  1.90682705e-91 
 1.11035000e-08  1.57252201e-91 
 1.11045000e-08  1.29682735e-91 
 1.11055000e-08  1.06946750e-91 
 1.11065000e-08  8.81968394e-92 
 1.11075000e-08  7.27341640e-92 
 1.11085000e-08  5.99824059e-92 
 1.11095000e-08  4.94662868e-92 
 1.11105000e-08  4.07938543e-92 
 1.11115000e-08  3.36418732e-92 
 1.11125000e-08  2.77437779e-92 
 1.11135000e-08  2.28797371e-92 
 1.11145000e-08  1.88684601e-92 
 1.11155000e-08  1.55604405e-92 
 1.11165000e-08  1.28323831e-92 
 1.11175000e-08  1.05826089e-92 
 1.11185000e-08  8.72726528e-93 
 1.11195000e-08  7.19720059e-93 
 1.11205000e-08  5.93538694e-93 
 1.11215000e-08  4.89479453e-93 
 1.11225000e-08  4.03663885e-93 
 1.11235000e-08  3.32893508e-93 
 1.11245000e-08  2.74530597e-93 
 1.11255000e-08  2.26399876e-93 
 1.11265000e-08  1.86707436e-93 
 1.11275000e-08  1.53973877e-93 
 1.11285000e-08  1.26979167e-93 
 1.11295000e-08  1.04717172e-93 
 1.11305000e-08  8.63581505e-94 
 1.11315000e-08  7.12178342e-94 
 1.11325000e-08  5.87319191e-94 
 1.11335000e-08  4.84350354e-94 
 1.11345000e-08  3.99434020e-94 
 1.11355000e-08  3.29405223e-94 
 1.11365000e-08  2.71653879e-94 
 1.11375000e-08  2.24027504e-94 
 1.11385000e-08  1.84750988e-94 
 1.11395000e-08  1.52360433e-94 
 1.11405000e-08  1.25648593e-94 
 1.11415000e-08  1.03619874e-94 
 1.11425000e-08  8.54532310e-95 
 1.11435000e-08  7.04715652e-95 
 1.11445000e-08  5.81164860e-95 
 1.11455000e-08  4.79275001e-95 
 1.11465000e-08  3.95248478e-95 
 1.11475000e-08  3.25953491e-95 
 1.11485000e-08  2.68807304e-95 
 1.11495000e-08  2.21679991e-95 
 1.11505000e-08  1.82815041e-95 
 1.11515000e-08  1.50763897e-95 
 1.11525000e-08  1.24331961e-95 
 1.11535000e-08  1.02534074e-95 
 1.11545000e-08  8.45577938e-96 
 1.11555000e-08  6.97331162e-96 
 1.11565000e-08  5.75075019e-96 
 1.11575000e-08  4.74252831e-96 
 1.11585000e-08  3.91106795e-96 
 1.11595000e-08  3.22537928e-96 
 1.11605000e-08  2.65990558e-96 
 1.11615000e-08  2.19357077e-96 
 1.11625000e-08  1.80899381e-96 
 1.11635000e-08  1.49184090e-96 
 1.11645000e-08  1.23029126e-96 
 1.11655000e-08  1.01459652e-96 
 1.11665000e-08  8.36717397e-97 
 1.11675000e-08  6.90024051e-97 
 1.11685000e-08  5.69048991e-97 
 1.11695000e-08  4.69283287e-97 
 1.11705000e-08  3.87008512e-97 
 1.11715000e-08  3.19158156e-97 
 1.11725000e-08  2.63203328e-97 
 1.11735000e-08  2.17058504e-97 
 1.11745000e-08  1.79003794e-97 
 1.11755000e-08  1.47620838e-97 
 1.11765000e-08  1.21739943e-97 
 1.11775000e-08  1.00396489e-97 
 1.11785000e-08  8.27949702e-98 
 1.11795000e-08  6.82793509e-98 
 1.11805000e-08  5.63086108e-98 
 1.11815000e-08  4.64365817e-98 
 1.11825000e-08  3.82953173e-98 
 1.11835000e-08  3.15813799e-98 
 1.11845000e-08  2.60445304e-98 
 1.11855000e-08  2.14784017e-98 
 1.11865000e-08  1.77128070e-98 
 1.11875000e-08  1.46073966e-98 
 1.11885000e-08  1.20464269e-98 
 1.11895000e-08  9.93444660e-99 
 1.11905000e-08  8.19273881e-99 
 1.11915000e-08  6.75638733e-99 
 1.11925000e-08  5.57185709e-99 
 1.11935000e-08  4.59499876e-99 
 1.11945000e-08  3.78940329e-99 
 1.11955000e-08  3.12504487e-99 
 1.11965000e-08  2.57716181e-99 
 1.11975000e-08  2.12533364e-99 
 1.11985000e-08  1.75272002e-99 
 1.11995000e-08  1.44543303e-99 
 1.12005000e-08  1.19201962e-99 
 1.12015000e-08  9.83034670e-100 
 1.12025000e-08  8.10688971e-100 
 1.12035000e-08  6.68558930e-100 
 1.12045000e-08  5.51347137e-100 
 1.12055000e-08  4.54684923e-100 
 1.12065000e-08  3.74969534e-100 
 1.12075000e-08  3.09229852e-100 
 1.12085000e-08  2.55015655e-100 
 1.12095000e-08  2.10306295e-100 
 1.12105000e-08  1.73435382e-100 
 1.12115000e-08  1.43028680e-100 
 1.12125000e-08  1.17952883e-100 
 1.12135000e-08  9.72733763e-101 
 1.12145000e-08  8.02194020e-101 
 1.12155000e-08  6.61553314e-101 
 1.12165000e-08  5.45569746e-101 
 1.12175000e-08  4.49920425e-101 
 1.12185000e-08  3.71040348e-101 
 1.12195000e-08  3.05989531e-101 
 1.12205000e-08  2.52343428e-101 
 1.12215000e-08  2.08102562e-101 
 1.12225000e-08  1.71618008e-101 
 1.12235000e-08  1.41529928e-101 
 1.12245000e-08  1.16716892e-101 
 1.12255000e-08  9.62540796e-102 
 1.12265000e-08  7.93788084e-102 
 1.12275000e-08  6.54621108e-102 
 1.12285000e-08  5.39852895e-102 
 1.12295000e-08  4.45205852e-102 
 1.12305000e-08  3.67152334e-102 
 1.12315000e-08  3.02783164e-102 
 1.12325000e-08  2.49699201e-102 
 1.12335000e-08  2.05921922e-102 
 1.12345000e-08  1.69819678e-102 
 1.12355000e-08  1.40046881e-102 
 1.12365000e-08  1.15493853e-102 
 1.12375000e-08  9.52454638e-103 
 1.12385000e-08  7.85470232e-103 
 1.12395000e-08  6.47761542e-103 
 1.12405000e-08  5.34195948e-103 
 1.12415000e-08  4.40540682e-103 
 1.12425000e-08  3.63305062e-103 
 1.12435000e-08  2.99610396e-103 
 1.12445000e-08  2.47082683e-103 
 1.12455000e-08  2.03764132e-103 
 1.12465000e-08  1.68040191e-103 
 1.12475000e-08  1.38579375e-103 
 1.12485000e-08  1.14283630e-103 
 1.12495000e-08  9.42474170e-104 
 1.12505000e-08  7.77239540e-104 
 1.12515000e-08  6.40973856e-104 
 1.12525000e-08  5.28598279e-104 
 1.12535000e-08  4.35924396e-104 
 1.12545000e-08  3.59498104e-104 
 1.12555000e-08  2.96470874e-104 
 1.12565000e-08  2.44493582e-104 
 1.12575000e-08  2.01628952e-104 
 1.12585000e-08  1.66279352e-104 
 1.12595000e-08  1.37127246e-104 
 1.12605000e-08  1.13086088e-104 
 1.12615000e-08  9.32598283e-105 
 1.12625000e-08  7.69095094e-105 
 1.12635000e-08  6.34257295e-105 
 1.12645000e-08  5.23059267e-105 
 1.12655000e-08  4.31356484e-105 
 1.12665000e-08  3.55731038e-105 
 1.12675000e-08  2.93364250e-105 
 1.12685000e-08  2.41931612e-105 
 1.12695000e-08  1.99516147e-105 
 1.12705000e-08  1.64536963e-105 
 1.12715000e-08  1.35690333e-105 
 1.12725000e-08  1.11901095e-105 
 1.12735000e-08  9.22825883e-106 
 1.12745000e-08  7.61035992e-106 
 1.12755000e-08  6.27611115e-106 
 1.12765000e-08  5.17578295e-106 
 1.12775000e-08  4.26836436e-106 
 1.12785000e-08  3.52003446e-106 
 1.12795000e-08  2.90290180e-106 
 1.12805000e-08  2.39396488e-106 
 1.12815000e-08  1.97425481e-106 
 1.12825000e-08  1.62812833e-106 
 1.12835000e-08  1.34268477e-106 
 1.12845000e-08  1.10728519e-106 
 1.12855000e-08  9.13155885e-107 
 1.12865000e-08  7.53061339e-107 
 1.12875000e-08  6.21034578e-107 
 1.12885000e-08  5.12154757e-107 
 1.12895000e-08  4.22363754e-107 
 1.12905000e-08  3.48314914e-107 
 1.12915000e-08  2.87248322e-107 
 1.12925000e-08  2.36887928e-107 
 1.12935000e-08  1.95356722e-107 
 1.12945000e-08  1.61106769e-107 
 1.12955000e-08  1.32861521e-107 
 1.12965000e-08  1.09568231e-107 
 1.12975000e-08  9.03587216e-108 
 1.12985000e-08  7.45170249e-108 
 1.12995000e-08  6.14526955e-108 
 1.13005000e-08  5.06788051e-108 
 1.13015000e-08  4.17937938e-108 
 1.13025000e-08  3.44665033e-108 
 1.13035000e-08  2.84238338e-108 
 1.13045000e-08  2.34405655e-108 
 1.13055000e-08  1.93309641e-108 
 1.13065000e-08  1.59418583e-108 
 1.13075000e-08  1.31469307e-108 
 1.13085000e-08  1.08420100e-108 
 1.13095000e-08  8.94118813e-109 
 1.13105000e-08  7.37361847e-109 
 1.13115000e-08  6.08087523e-109 
 1.13125000e-08  5.01477580e-109 
 1.13135000e-08  4.13558500e-109 
 1.13145000e-08  3.41053398e-109 
 1.13155000e-08  2.81259895e-109 
 1.13165000e-08  2.31949393e-109 
 1.13175000e-08  1.91284011e-109 
 1.13185000e-08  1.57748086e-109 
 1.13195000e-08  1.30091682e-109 
 1.13205000e-08  1.07284000e-109 
 1.13215000e-08  8.84749627e-110 
 1.13225000e-08  7.29635268e-110 
 1.13235000e-08  6.01715567e-110 
 1.13245000e-08  4.96222757e-110 
 1.13255000e-08  4.09224952e-110 
 1.13265000e-08  3.37479608e-110 
 1.13275000e-08  2.78312662e-110 
 1.13285000e-08  2.29518869e-110 
 1.13295000e-08  1.89279607e-110 
 1.13305000e-08  1.56095094e-110 
 1.13315000e-08  1.28728493e-110 
 1.13325000e-08  1.06159805e-110 
 1.13335000e-08  8.75478618e-111 
 1.13345000e-08  7.21989652e-111 
 1.13355000e-08  5.95410382e-111 
 1.13365000e-08  4.91022997e-111 
 1.13375000e-08  4.04936814e-111 
 1.13385000e-08  3.33943267e-111 
 1.13395000e-08  2.75396313e-111 
 1.13405000e-08  2.27113814e-111 
 1.13415000e-08  1.87296206e-111 
 1.13425000e-08  1.54459424e-111 
 1.13435000e-08  1.27379588e-111 
 1.13445000e-08  1.05047391e-111 
 1.13455000e-08  8.66304757e-112 
 1.13465000e-08  7.14424153e-112 
 1.13475000e-08  5.89171266e-112 
 1.13485000e-08  4.85877723e-112 
 1.13495000e-08  4.00693611e-112 
 1.13505000e-08  3.30443982e-112 
 1.13515000e-08  2.72510523e-112 
 1.13525000e-08  2.24733961e-112 
 1.13535000e-08  1.85333589e-112 
 1.13545000e-08  1.52840893e-112 
 1.13555000e-08  1.26044818e-112 
 1.13565000e-08  1.03946633e-112 
 1.13575000e-08  8.57227025e-113 
 1.13585000e-08  7.06937930e-113 
 1.13595000e-08  5.82997528e-113 
 1.13605000e-08  4.80786365e-113 
 1.13615000e-08  3.96494870e-113 
 1.13625000e-08  3.26981365e-113 
 1.13635000e-08  2.69654972e-113 
 1.13645000e-08  2.22379045e-113 
 1.13655000e-08  1.83391537e-113 
 1.13665000e-08  1.51239322e-113 
 1.13675000e-08  1.24724034e-113 
 1.13685000e-08  1.02857409e-113 
 1.13695000e-08  8.48244416e-114 
 1.13705000e-08  6.99530153e-114 
 1.13715000e-08  5.76888483e-114 
 1.13725000e-08  4.75748358e-114 
 1.13735000e-08  3.92340127e-114 
 1.13745000e-08  3.23555031e-114 
 1.13755000e-08  2.66829343e-114 
 1.13765000e-08  2.20048806e-114 
 1.13775000e-08  1.81469836e-114 
 1.13785000e-08  1.49654533e-114 
 1.13795000e-08  1.23417091e-114 
 1.13805000e-08  1.01779599e-114 
 1.13815000e-08  8.39355934e-115 
 1.13825000e-08  6.92199999e-115 
 1.13835000e-08  5.70843453e-115 
 1.13845000e-08  4.70763143e-115 
 1.13855000e-08  3.88228920e-115 
 1.13865000e-08  3.20164601e-115 
 1.13875000e-08  2.64033324e-115 
 1.13885000e-08  2.17742985e-115 
 1.13895000e-08  1.79568271e-115 
 1.13905000e-08  1.48086351e-115 
 1.13915000e-08  1.22123843e-115 
 1.13925000e-08  1.00713083e-115 
 1.13935000e-08  8.30560590e-116 
 1.13945000e-08  6.84946656e-116 
 1.13955000e-08  5.64861766e-116 
 1.13965000e-08  4.65830166e-116 
 1.13975000e-08  3.84160793e-116 
 1.13985000e-08  3.16809699e-116 
 1.13995000e-08  2.61266603e-116 
 1.14005000e-08  2.15461326e-116 
 1.14015000e-08  1.77686633e-116 
 1.14025000e-08  1.46534601e-116 
 1.14035000e-08  1.20844146e-116 
 1.14045000e-08  9.96577427e-117 
 1.14055000e-08  8.21857411e-117 
 1.14065000e-08  6.77769319e-117 
 1.14075000e-08  5.58942760e-117 
 1.14085000e-08  4.60948880e-117 
 1.14095000e-08  3.80135294e-117 
 1.14105000e-08  3.13489951e-117 
 1.14115000e-08  2.58528873e-117 
 1.14125000e-08  2.13203575e-117 
 1.14135000e-08  1.75824711e-117 
 1.14145000e-08  1.44999112e-117 
 1.14155000e-08  1.19577859e-117 
 1.14165000e-08  9.86134610e-118 
 1.14175000e-08  8.13245429e-118 
 1.14185000e-08  6.70667190e-118 
 1.14195000e-08  5.53085777e-118 
 1.14205000e-08  4.56118744e-118 
 1.14215000e-08  3.76151978e-118 
 1.14225000e-08  3.10204990e-118 
 1.14235000e-08  2.55819832e-118 
 1.14245000e-08  2.10969483e-118 
 1.14255000e-08  1.73982300e-118 
 1.14265000e-08  1.43479712e-118 
 1.14275000e-08  1.18324840e-118 
 1.14285000e-08  9.75801220e-119 
 1.14295000e-08  8.04723689e-119 
 1.14305000e-08  6.63639482e-119 
 1.14315000e-08  5.47290167e-119 
 1.14325000e-08  4.51339221e-119 
 1.14335000e-08  3.72210401e-119 
 1.14345000e-08  3.06954450e-119 
 1.14355000e-08  2.53139177e-119 
 1.14365000e-08  2.08758801e-119 
 1.14375000e-08  1.72159195e-119 
 1.14385000e-08  1.41976234e-119 
 1.14395000e-08  1.17084952e-119 
 1.14405000e-08  9.65576110e-120 
 1.14415000e-08  7.96291246e-120 
 1.14425000e-08  6.56685416e-120 
 1.14435000e-08  5.41555288e-120 
 1.14445000e-08  4.46609781e-120 
 1.14455000e-08  3.68310127e-120 
 1.14465000e-08  3.03737972e-120 
 1.14475000e-08  2.50486612e-120 
 1.14485000e-08  2.06571284e-120 
 1.14495000e-08  1.70355194e-120 
 1.14505000e-08  1.40488511e-120 
 1.14515000e-08  1.15858056e-120 
 1.14525000e-08  9.55458146e-121 
 1.14535000e-08  7.87947164e-121 
 1.14545000e-08  6.49804219e-121 
 1.14555000e-08  5.35880503e-121 
 1.14565000e-08  4.41929900e-121 
 1.14575000e-08  3.64450722e-121 
 1.14585000e-08  3.00555199e-121 
 1.14595000e-08  2.47861843e-121 
 1.14605000e-08  2.04406689e-121 
 1.14615000e-08  1.68570096e-121 
 1.14625000e-08  1.39016376e-121 
 1.14635000e-08  1.14644017e-121 
 1.14645000e-08  9.45446204e-122 
 1.14655000e-08  7.79690517e-122 
 1.14665000e-08  6.42995127e-122 
 1.14675000e-08  5.30265182e-122 
 1.14685000e-08  4.37299057e-122 
 1.14695000e-08  3.60631759e-122 
 1.14705000e-08  2.97405777e-122 
 1.14715000e-08  2.45264578e-122 
 1.14725000e-08  2.02264777e-122 
 1.14735000e-08  1.66803704e-122 
 1.14745000e-08  1.37559668e-122 
 1.14755000e-08  1.13442698e-122 
 1.14765000e-08  9.35539175e-123 
 1.14775000e-08  7.71520389e-123 
 1.14785000e-08  6.36257386e-123 
 1.14795000e-08  5.24708702e-123 
 1.14805000e-08  4.32716740e-123 
 1.14815000e-08  3.56852814e-123 
 1.14825000e-08  2.94289357e-123 
 1.14835000e-08  2.42694528e-123 
 1.14845000e-08  2.00145309e-123 
 1.14855000e-08  1.65055821e-123 
 1.14865000e-08  1.36118224e-123 
 1.14875000e-08  1.12253969e-123 
 1.14885000e-08  9.25735958e-124 
 1.14895000e-08  7.63435873e-124 
 1.14905000e-08  6.29590248e-124 
 1.14915000e-08  5.19210447e-124 
 1.14925000e-08  4.28182439e-124 
 1.14935000e-08  3.53113467e-124 
 1.14945000e-08  2.91205592e-124 
 1.14955000e-08  2.40151410e-124 
 1.14965000e-08  1.98048050e-124 
 1.14975000e-08  1.63326253e-124 
 1.14985000e-08  1.34691885e-124 
 1.14995000e-08  1.11077695e-124 
 1.15005000e-08  9.16035466e-125 
 1.15015000e-08  7.55436071e-125 
 1.15025000e-08  6.22992973e-125 
 1.15035000e-08  5.13769806e-125 
 1.15045000e-08  4.23695652e-125 
 1.15055000e-08  3.49413304e-125 
 1.15065000e-08  2.88154142e-125 
 1.15075000e-08  2.37634940e-125 
 1.15085000e-08  1.95972767e-125 
 1.15095000e-08  1.61614810e-125 
 1.15105000e-08  1.33280491e-125 
 1.15115000e-08  1.09913747e-125 
 1.15125000e-08  9.06436623e-126 
 1.15135000e-08  7.47520098e-126 
 1.15145000e-08  6.16464828e-126 
 1.15155000e-08  5.08386176e-126 
 1.15165000e-08  4.19255880e-126 
 1.15175000e-08  3.45751913e-126 
 1.15185000e-08  2.85134666e-126 
 1.15195000e-08  2.35144839e-126 
 1.15205000e-08  1.93919231e-126 
 1.15215000e-08  1.59921300e-126 
 1.15225000e-08  1.31883887e-126 
 1.15235000e-08  1.08761996e-126 
 1.15245000e-08  8.96938362e-127 
 1.15255000e-08  7.39687073e-127 
 1.15265000e-08  6.10005089e-127 
 1.15275000e-08  5.03058959e-127 
 1.15285000e-08  4.14862631e-127 
 1.15295000e-08  3.42128889e-127 
 1.15305000e-08  2.82146831e-127 
 1.15315000e-08  2.32680831e-127 
 1.15325000e-08  1.91887213e-127 
 1.15335000e-08  1.58245535e-127 
 1.15345000e-08  1.30501918e-127 
 1.15355000e-08  1.07622314e-127 
 1.15365000e-08  8.87539631e-128 
 1.15375000e-08  7.31936128e-128 
 1.15385000e-08  6.03613041e-128 
 1.15395000e-08  4.97787565e-128 
 1.15405000e-08  4.10515418e-128 
 1.15415000e-08  3.38543830e-128 
 1.15425000e-08  2.79190304e-128 
 1.15435000e-08  2.30242643e-128 
 1.15445000e-08  1.89876488e-128 
 1.15455000e-08  1.56587331e-128 
 1.15465000e-08  1.29134430e-128 
 1.15475000e-08  1.06494574e-128 
 1.15485000e-08  8.78239386e-129 
 1.15495000e-08  7.24266403e-129 
 1.15505000e-08  5.97287972e-129 
 1.15515000e-08  4.92571408e-129 
 1.15525000e-08  4.06213758e-129 
 1.15535000e-08  3.34996337e-129 
 1.15545000e-08  2.76264758e-129 
 1.15555000e-08  2.27830004e-129 
 1.15565000e-08  1.87886833e-129 
 1.15575000e-08  1.54946502e-129 
 1.15585000e-08  1.27781272e-129 
 1.15595000e-08  1.05378651e-129 
 1.15605000e-08  8.69036596e-130 
 1.15615000e-08  7.16677046e-130 
 1.15625000e-08  5.91029182e-130 
 1.15635000e-08  4.87409909e-130 
 1.15645000e-08  4.01957173e-130 
 1.15655000e-08  3.31486017e-130 
 1.15665000e-08  2.73369868e-130 
 1.15675000e-08  2.25442646e-130 
 1.15685000e-08  1.85918027e-130 
 1.15695000e-08  1.53322867e-130 
 1.15705000e-08  1.26442292e-130 
 1.15715000e-08  1.04274422e-130 
 1.15725000e-08  8.59930238e-131 
 1.15735000e-08  7.09167216e-131 
 1.15745000e-08  5.84835975e-131 
 1.15755000e-08  4.82302496e-131 
 1.15765000e-08  3.97745192e-131 
 1.15775000e-08  3.28012481e-131 
 1.15785000e-08  2.70505312e-131 
 1.15795000e-08  2.23080304e-131 
 1.15805000e-08  1.83969851e-131 
 1.15815000e-08  1.51716246e-131 
 1.15825000e-08  1.25117344e-131 
 1.15835000e-08  1.03181764e-131 
 1.15845000e-08  8.50919303e-132 
 1.15855000e-08  7.01736078e-132 
 1.15865000e-08  5.78707666e-132 
 1.15875000e-08  4.77248602e-132 
 1.15885000e-08  3.93577347e-132 
 1.15895000e-08  3.24575342e-132 
 1.15905000e-08  2.67670773e-132 
 1.15915000e-08  2.20742717e-132 
 1.15925000e-08  1.82042090e-132 
 1.15935000e-08  1.50126459e-132 
 1.15945000e-08  1.23806279e-132 
 1.15955000e-08  1.02100555e-132 
 1.15965000e-08  8.42002791e-133 
 1.15975000e-08  6.94382810e-133 
 1.15985000e-08  5.72643572e-133 
 1.15995000e-08  4.72247666e-133 
 1.16005000e-08  3.89453176e-133 
 1.16015000e-08  3.21174221e-133 
 1.16025000e-08  2.64865937e-133 
 1.16035000e-08  2.18429624e-133 
 1.16045000e-08  1.80134529e-133 
 1.16055000e-08  1.48553332e-133 
 1.16065000e-08  1.22508953e-133 
 1.16075000e-08  1.01030676e-133 
 1.16085000e-08  8.33179712e-134 
 1.16095000e-08  6.87106594e-134 
 1.16105000e-08  5.66643023e-134 
 1.16115000e-08  4.67299133e-134 
 1.16125000e-08  3.85372220e-134 
 1.16135000e-08  3.17808739e-134 
 1.16145000e-08  2.62090491e-134 
 1.16155000e-08  2.16140770e-134 
 1.16165000e-08  1.78246957e-134 
 1.16175000e-08  1.46996689e-134 
 1.16185000e-08  1.21225220e-134 
 1.16195000e-08  9.99720073e-135 
 1.16205000e-08  8.24449088e-135 
 1.16215000e-08  6.79906623e-135 
 1.16225000e-08  5.60705351e-135 
 1.16235000e-08  4.62402454e-135 
 1.16245000e-08  3.81334027e-135 
 1.16255000e-08  3.14478522e-135 
 1.16265000e-08  2.59344128e-135 
 1.16275000e-08  2.13875900e-135 
 1.16285000e-08  1.76379164e-135 
 1.16295000e-08  1.45456358e-135 
 1.16305000e-08  1.19954940e-135 
 1.16315000e-08  9.89244325e-136 
 1.16325000e-08  8.15809949e-136 
 1.16335000e-08  6.72782098e-136 
 1.16345000e-08  5.54829899e-136 
 1.16355000e-08  4.57557087e-136 
 1.16365000e-08  3.77338150e-136 
 1.16375000e-08  3.11183202e-136 
 1.16385000e-08  2.56626544e-136 
 1.16395000e-08  2.11634762e-136 
 1.16405000e-08  1.74530943e-136 
 1.16415000e-08  1.43932167e-136 
 1.16425000e-08  1.18697970e-136 
 1.16435000e-08  9.78878349e-137 
 1.16445000e-08  8.07261336e-137 
 1.16455000e-08  6.65732229e-137 
 1.16465000e-08  5.49016013e-137 
 1.16475000e-08  4.52762492e-137 
 1.16485000e-08  3.73384144e-137 
 1.16495000e-08  3.07922412e-137 
 1.16505000e-08  2.53937436e-137 
 1.16515000e-08  2.09417109e-137 
 1.16525000e-08  1.72702088e-137 
 1.16535000e-08  1.42423948e-137 
 1.16545000e-08  1.17454172e-137 
 1.16555000e-08  9.68620995e-138 
 1.16565000e-08  7.98802302e-138 
 1.16575000e-08  6.58756233e-138 
 1.16585000e-08  5.43263049e-138 
 1.16595000e-08  4.48018138e-138 
 1.16605000e-08  3.69471570e-138 
 1.16615000e-08  3.04695792e-138 
 1.16625000e-08  2.51276507e-138 
 1.16635000e-08  2.07222694e-138 
 1.16645000e-08  1.70892398e-138 
 1.16655000e-08  1.40931532e-138 
 1.16665000e-08  1.16223407e-138 
 1.16675000e-08  9.58471124e-139 
 1.16685000e-08  7.90431907e-139 
 1.16695000e-08  6.51853336e-139 
 1.16705000e-08  5.37570369e-139 
 1.16715000e-08  4.43323499e-139 
 1.16725000e-08  3.65599995e-139 
 1.16735000e-08  3.01502982e-139 
 1.16745000e-08  2.48643460e-139 
 1.16755000e-08  2.05051273e-139 
 1.16765000e-08  1.69101671e-139 
 1.16775000e-08  1.39454756e-139 
 1.16785000e-08  1.15005539e-139 
 1.16795000e-08  9.48427611e-140 
 1.16805000e-08  7.82149223e-140 
 1.16815000e-08  6.45022773e-140 
 1.16825000e-08  5.31937341e-140 
 1.16835000e-08  4.38678053e-140 
 1.16845000e-08  3.61768990e-140 
 1.16855000e-08  2.98343628e-140 
 1.16865000e-08  2.46038005e-140 
 1.16875000e-08  2.02902606e-140 
 1.16885000e-08  1.67329709e-140 
 1.16895000e-08  1.37993454e-140 
 1.16905000e-08  1.13800433e-140 
 1.16915000e-08  9.38489340e-141 
 1.16925000e-08  7.73953331e-141 
 1.16935000e-08  6.38263785e-141 
 1.16945000e-08  5.26363339e-141 
 1.16955000e-08  4.34081286e-141 
 1.16965000e-08  3.57978128e-141 
 1.16975000e-08  2.95217380e-141 
 1.16985000e-08  2.43459851e-141 
 1.16995000e-08  2.00776455e-141 
 1.17005000e-08  1.65576314e-141 
 1.17015000e-08  1.36547465e-141 
 1.17025000e-08  1.12607955e-141 
 1.17035000e-08  9.28655210e-142 
 1.17045000e-08  7.65843321e-142 
 1.17055000e-08  6.31575622e-142 
 1.17065000e-08  5.20847745e-142 
 1.17075000e-08  4.29532686e-142 
 1.17085000e-08  3.54226989e-142 
 1.17095000e-08  2.92123891e-142 
 1.17105000e-08  2.40908713e-142 
 1.17115000e-08  1.98672582e-142 
 1.17125000e-08  1.63841293e-142 
 1.17135000e-08  1.35116627e-142 
 1.17145000e-08  1.11427972e-142 
 1.17155000e-08  9.18924128e-143 
 1.17165000e-08  7.57818293e-143 
 1.17175000e-08  6.24957543e-143 
 1.17185000e-08  5.15389948e-143 
 1.17195000e-08  4.25031750e-143 
 1.17205000e-08  3.50515157e-143 
 1.17215000e-08  2.89062818e-143 
 1.17225000e-08  2.38384307e-143 
 1.17235000e-08  1.96590756e-143 
 1.17245000e-08  1.62124452e-143 
 1.17255000e-08  1.33700783e-143 
 1.17265000e-08  1.10260354e-143 
 1.17275000e-08  9.09295015e-144 
 1.17285000e-08  7.49877357e-144 
 1.17295000e-08  6.18408812e-144 
 1.17305000e-08  5.09989341e-144 
 1.17315000e-08  4.20577978e-144 
 1.17325000e-08  3.46842221e-144 
 1.17335000e-08  2.86033821e-144 
 1.17345000e-08  2.35886354e-144 
 1.17355000e-08  1.94530744e-144 
 1.17365000e-08  1.60425602e-144 
 1.17375000e-08  1.32299775e-144 
 1.17385000e-08  1.09104970e-144 
 1.17395000e-08  8.99766802e-145 
 1.17405000e-08  7.42019631e-145 
 1.17415000e-08  6.11928703e-145 
 1.17425000e-08  5.04645325e-145 
 1.17435000e-08  4.16170875e-145 
 1.17445000e-08  3.43207772e-145 
 1.17455000e-08  2.83036564e-145 
 1.17465000e-08  2.33414576e-145 
 1.17475000e-08  1.92492318e-145 
 1.17485000e-08  1.58744553e-145 
 1.17495000e-08  1.30913448e-145 
 1.17505000e-08  1.07961694e-145 
 1.17515000e-08  8.90338433e-146 
 1.17525000e-08  7.34244244e-146 
 1.17535000e-08  6.05516497e-146 
 1.17545000e-08  4.99357308e-146 
 1.17555000e-08  4.11809953e-146 
 1.17565000e-08  3.39611407e-146 
 1.17575000e-08  2.80070714e-146 
 1.17585000e-08  2.30968699e-146 
 1.17595000e-08  1.90475252e-146 
 1.17605000e-08  1.57081119e-146 
 1.17615000e-08  1.29541648e-146 
 1.17625000e-08  1.06830398e-146 
 1.17635000e-08  8.81008860e-147 
 1.17645000e-08  7.26550332e-147 
 1.17655000e-08  5.99171483e-147 
 1.17665000e-08  4.94124701e-147 
 1.17675000e-08  4.07494728e-147 
 1.17685000e-08  3.36052727e-147 
 1.17695000e-08  2.77135942e-147 
 1.17705000e-08  2.28548452e-147 
 1.17715000e-08  1.88479323e-147 
 1.17725000e-08  1.55435116e-147 
 1.17735000e-08  1.28184222e-147 
 1.17745000e-08  1.05710956e-147 
 1.17755000e-08  8.71777049e-148 
 1.17765000e-08  7.18937043e-148 
 1.17775000e-08  5.92892956e-148 
 1.17785000e-08  4.88946926e-148 
 1.17795000e-08  4.03224721e-148 
 1.17805000e-08  3.32531338e-148 
 1.17815000e-08  2.74231923e-148 
 1.17825000e-08  2.26153565e-148 
 1.17835000e-08  1.86504308e-148 
 1.17845000e-08  1.53806361e-148 
 1.17855000e-08  1.26841021e-148 
 1.17865000e-08  1.04603245e-148 
 1.17875000e-08  8.62641976e-149 
 1.17885000e-08  7.11403531e-149 
 1.17895000e-08  5.86680220e-149 
 1.17905000e-08  4.83823407e-149 
 1.17915000e-08  3.98999458e-149 
 1.17925000e-08  3.29046848e-149 
 1.17935000e-08  2.71358334e-149 
 1.17945000e-08  2.23783774e-149 
 1.17955000e-08  1.84549989e-149 
 1.17965000e-08  1.52194674e-149 
 1.17975000e-08  1.25511894e-149 
 1.17985000e-08  1.03507141e-149 
 1.17995000e-08  8.53602625e-150 
 1.18005000e-08  7.03948960e-150 
 1.18015000e-08  5.80532585e-150 
 1.18025000e-08  4.78753576e-150 
 1.18035000e-08  3.94818469e-150 
 1.18045000e-08  3.25598871e-150 
 1.18055000e-08  2.68514857e-150 
 1.18065000e-08  2.21438815e-150 
 1.18075000e-08  1.82616149e-150 
 1.18085000e-08  1.50599874e-150 
 1.18095000e-08  1.24196695e-150 
 1.18105000e-08  1.02422523e-150 
 1.18115000e-08  8.44657996e-151 
 1.18125000e-08  6.96572503e-151 
 1.18135000e-08  5.74449369e-151 
 1.18145000e-08  4.73736870e-151 
 1.18155000e-08  3.90681293e-151 
 1.18165000e-08  3.22187024e-151 
 1.18175000e-08  2.65701175e-151 
 1.18185000e-08  2.19118429e-151 
 1.18195000e-08  1.80702572e-151 
 1.18205000e-08  1.49021786e-151 
 1.18215000e-08  1.22895277e-151 
 1.18225000e-08  1.01349270e-151 
 1.18235000e-08  8.35807094e-152 
 1.18245000e-08  6.89273342e-152 
 1.18255000e-08  5.68429897e-152 
 1.18265000e-08  4.68772732e-152 
 1.18275000e-08  3.86587468e-152 
 1.18285000e-08  3.18810929e-152 
 1.18295000e-08  2.62916977e-152 
 1.18305000e-08  2.16822356e-152 
 1.18315000e-08  1.78809047e-152 
 1.18325000e-08  1.47460234e-152 
 1.18335000e-08  1.21607497e-152 
 1.18345000e-08  1.00287263e-152 
 1.18355000e-08  8.27048938e-153 
 1.18365000e-08  6.82050667e-153 
 1.18375000e-08  5.62473501e-153 
 1.18385000e-08  4.63860612e-153 
 1.18395000e-08  3.82536541e-153 
 1.18405000e-08  3.15470211e-153 
 1.18415000e-08  2.60161954e-153 
 1.18425000e-08  2.14550344e-153 
 1.18435000e-08  1.76935364e-153 
 1.18445000e-08  1.45915045e-153 
 1.18455000e-08  1.20333211e-153 
 1.18465000e-08  9.92363847e-154 
 1.18475000e-08  8.18382555e-154 
 1.18485000e-08  6.74903675e-154 
 1.18495000e-08  5.56579521e-154 
 1.18505000e-08  4.58999965e-154 
 1.18515000e-08  3.78528063e-154 
 1.18525000e-08  3.12164499e-154 
 1.18535000e-08  2.57435800e-154 
 1.18545000e-08  2.12302139e-154 
 1.18555000e-08  1.75081315e-154 
 1.18565000e-08  1.44386048e-154 
 1.18575000e-08  1.19072277e-154 
 1.18585000e-08  9.81965182e-155 
 1.18595000e-08  8.09806986e-155 
 1.18605000e-08  6.67831575e-155 
 1.18615000e-08  5.50747302e-155 
 1.18625000e-08  4.54190251e-155 
 1.18635000e-08  3.74561588e-155 
 1.18645000e-08  3.08893427e-155 
 1.18655000e-08  2.54738212e-155 
 1.18665000e-08  2.10077493e-155 
 1.18675000e-08  1.73246694e-155 
 1.18685000e-08  1.42873073e-155 
 1.18695000e-08  1.17824557e-155 
 1.18705000e-08  9.71675482e-156 
 1.18715000e-08  8.01321276e-156 
 1.18725000e-08  6.60833580e-156 
 1.18735000e-08  5.44976196e-156 
 1.18745000e-08  4.49430936e-156 
 1.18755000e-08  3.70636676e-156 
 1.18765000e-08  3.05656631e-156 
 1.18775000e-08  2.52068892e-156 
 1.18785000e-08  2.07876158e-156 
 1.18795000e-08  1.71431297e-156 
 1.18805000e-08  1.41375951e-156 
 1.18815000e-08  1.16589911e-156 
 1.18825000e-08  9.61493604e-157 
 1.18835000e-08  7.92924486e-157 
 1.18845000e-08  6.53908916e-157 
 1.18855000e-08  5.39265564e-157 
 1.18865000e-08  4.44721492e-157 
 1.18875000e-08  3.66752893e-157 
 1.18885000e-08  3.02453753e-157 
 1.18895000e-08  2.49427542e-157 
 1.18905000e-08  2.05697890e-157 
 1.18915000e-08  1.69634923e-157 
 1.18925000e-08  1.39894518e-157 
 1.18935000e-08  1.15368202e-157 
 1.18945000e-08  9.51418419e-158 
 1.18955000e-08  7.84615683e-158 
 1.18965000e-08  6.47056813e-158 
 1.18975000e-08  5.33614772e-158 
 1.18985000e-08  4.40061397e-158 
 1.18995000e-08  3.62909806e-158 
 1.19005000e-08  2.99284436e-158 
 1.19015000e-08  2.46813870e-158 
 1.19025000e-08  2.03542447e-158 
 1.19035000e-08  1.67857373e-158 
 1.19045000e-08  1.38428608e-158 
 1.19055000e-08  1.14159296e-158 
 1.19065000e-08  9.41448809e-159 
 1.19075000e-08  7.76393946e-159 
 1.19085000e-08  6.40276511e-159 
 1.19095000e-08  5.28023193e-159 
 1.19105000e-08  4.35450134e-159 
 1.19115000e-08  3.59106990e-159 
 1.19125000e-08  2.96148330e-159 
 1.19135000e-08  2.44227587e-159 
 1.19145000e-08  2.01409591e-159 
 1.19155000e-08  1.66098449e-159 
 1.19165000e-08  1.36978059e-159 
 1.19175000e-08  1.12963057e-159 
 1.19185000e-08  9.31583667e-160 
 1.19195000e-08  7.68258361e-160 
 1.19205000e-08  6.33567257e-160 
 1.19215000e-08  5.22490207e-160 
 1.19225000e-08  4.30887191e-160 
 1.19235000e-08  3.55344022e-160 
 1.19245000e-08  2.93045086e-160 
 1.19255000e-08  2.41668403e-160 
 1.19265000e-08  1.99299084e-160 
 1.19275000e-08  1.64357956e-160 
 1.19285000e-08  1.35542709e-160 
 1.19295000e-08  1.11779353e-160 
 1.19305000e-08  9.21821899e-161 
 1.19315000e-08  7.60208027e-161 
 1.19325000e-08  6.26928308e-161 
 1.19335000e-08  5.17015198e-161 
 1.19345000e-08  4.26372062e-161 
 1.19355000e-08  3.51620485e-161 
 1.19365000e-08  2.89974360e-161 
 1.19375000e-08  2.39136037e-161 
 1.19385000e-08  1.97210692e-161 
 1.19395000e-08  1.62635702e-161 
 1.19405000e-08  1.34122400e-161 
 1.19415000e-08  1.10608053e-161 
 1.19425000e-08  9.12162421e-162 
 1.19435000e-08  7.52242049e-162 
 1.19445000e-08  6.20358926e-162 
 1.19455000e-08  5.11597561e-162 
 1.19465000e-08  4.21904245e-162 
 1.19475000e-08  3.47935966e-162 
 1.19485000e-08  2.86935811e-162 
 1.19495000e-08  2.36630207e-162 
 1.19505000e-08  1.95144184e-162 
 1.19515000e-08  1.60931494e-162 
 1.19525000e-08  1.32716974e-162 
 1.19535000e-08  1.09449026e-162 
 1.19545000e-08  9.02604162e-163 
 1.19555000e-08  7.44359544e-163 
 1.19565000e-08  6.13858383e-163 
 1.19575000e-08  5.06236693e-163 
 1.19585000e-08  4.17483245e-163 
 1.19595000e-08  3.44290056e-163 
 1.19605000e-08  2.83929102e-163 
 1.19615000e-08  2.34150635e-163 
 1.19625000e-08  1.93099331e-163 
 1.19635000e-08  1.59245144e-163 
 1.19645000e-08  1.31326276e-163 
 1.19655000e-08  1.08302145e-163 
 1.19665000e-08  8.93146061e-164 
 1.19675000e-08  7.36559638e-164 
 1.19685000e-08  6.07425957e-164 
 1.19695000e-08  5.00932000e-164 
 1.19705000e-08  4.13108571e-164 
 1.19715000e-08  3.40682351e-164 
 1.19725000e-08  2.80953900e-164 
 1.19735000e-08  2.31697045e-164 
 1.19745000e-08  1.91075904e-164 
 1.19755000e-08  1.57576465e-164 
 1.19765000e-08  1.29950149e-164 
 1.19775000e-08  1.07167281e-164 
 1.19785000e-08  8.83787068e-165 
 1.19795000e-08  7.28841464e-165 
 1.19805000e-08  6.01060934e-165 
 1.19815000e-08  4.95682893e-165 
 1.19825000e-08  4.08779738e-165 
 1.19835000e-08  3.37112449e-165 
 1.19845000e-08  2.78009873e-165 
 1.19855000e-08  2.29269165e-165 
 1.19865000e-08  1.89073681e-165 
 1.19875000e-08  1.55925271e-165 
 1.19885000e-08  1.28588443e-165 
 1.19895000e-08  1.06044309e-165 
 1.19905000e-08  8.74526145e-166 
 1.19915000e-08  7.21204167e-166 
 1.19925000e-08  5.94762608e-166 
 1.19935000e-08  4.90488790e-166 
 1.19945000e-08  4.04496265e-166 
 1.19955000e-08  3.33579955e-166 
 1.19965000e-08  2.75096697e-166 
 1.19975000e-08  2.26866727e-166 
 1.19985000e-08  1.87092438e-166 
 1.19995000e-08  1.54291380e-166 
 1.20005000e-08  1.27241006e-166 
 1.20015000e-08  1.04933105e-166 
 1.20025000e-08  8.65362264e-167 
 1.20035000e-08  7.13646898e-167 
 1.20045000e-08  5.88530280e-167 
 1.20055000e-08  4.85349115e-167 
 1.20065000e-08  4.00257678e-167 
 1.20075000e-08  3.30084477e-167 
 1.20085000e-08  2.72214046e-167 
 1.20095000e-08  2.24489463e-167 
 1.20105000e-08  1.85131956e-167 
 1.20115000e-08  1.52674610e-167 
 1.20125000e-08  1.25907688e-167 
 1.20135000e-08  1.03833544e-167 
 1.20145000e-08  8.56294409e-168 
 1.20155000e-08  7.06168820e-168 
 1.20165000e-08  5.82363259e-168 
 1.20175000e-08  4.80263296e-168 
 1.20185000e-08  3.96063505e-168 
 1.20195000e-08  3.26625627e-168 
 1.20205000e-08  2.69361602e-168 
 1.20215000e-08  2.22137109e-168 
 1.20225000e-08  1.83192017e-168 
 1.20235000e-08  1.51074782e-168 
 1.20245000e-08  1.24588341e-168 
 1.20255000e-08  1.02745506e-168 
 1.20265000e-08  8.47321573e-169 
 1.20275000e-08  6.98769102e-169 
 1.20285000e-08  5.76260860e-169 
 1.20295000e-08  4.75230770e-169 
 1.20305000e-08  3.91913282e-169 
 1.20315000e-08  3.23203021e-169 
 1.20325000e-08  2.66539047e-169 
 1.20335000e-08  2.19809405e-169 
 1.20345000e-08  1.81272407e-169 
 1.20355000e-08  1.49491717e-169 
 1.20365000e-08  1.23282820e-169 
 1.20375000e-08  1.01668868e-169 
 1.20385000e-08  8.38442760e-170 
 1.20395000e-08  6.91446924e-170 
 1.20405000e-08  5.70222406e-170 
 1.20415000e-08  4.70250978e-170 
 1.20425000e-08  3.87806548e-170 
 1.20435000e-08  3.19816280e-170 
 1.20445000e-08  2.63746070e-170 
 1.20455000e-08  2.17506092e-170 
 1.20465000e-08  1.79372911e-170 
 1.20475000e-08  1.47925241e-170 
 1.20485000e-08  1.21990979e-170 
 1.20495000e-08  1.00603513e-170 
 1.20505000e-08  8.29656986e-171 
 1.20515000e-08  6.84201472e-171 
 1.20525000e-08  5.64247227e-171 
 1.20535000e-08  4.65323368e-171 
 1.20545000e-08  3.83742847e-171 
 1.20555000e-08  3.16465027e-171 
 1.20565000e-08  2.60982359e-171 
 1.20575000e-08  2.15226915e-171 
 1.20585000e-08  1.77493319e-171 
 1.20595000e-08  1.46375180e-171 
 1.20605000e-08  1.20712674e-171 
 1.20615000e-08  9.95493205e-172 
 1.20625000e-08  8.20963275e-172 
 1.20635000e-08  6.77031943e-172 
 1.20645000e-08  5.58334660e-172 
 1.20655000e-08  4.60447393e-172 
 1.20665000e-08  3.79721728e-172 
 1.20675000e-08  3.13148891e-172 
 1.20685000e-08  2.58247608e-172 
 1.20695000e-08  2.12971621e-172 
 1.20705000e-08  1.75633423e-172 
 1.20715000e-08  1.44841361e-172 
 1.20725000e-08  1.19447764e-172 
 1.20735000e-08  9.85061749e-173 
 1.20745000e-08  8.12360662e-173 
 1.20755000e-08  6.69937541e-173 
 1.20765000e-08  5.52484049e-173 
 1.20775000e-08  4.55622512e-173 
 1.20785000e-08  3.75742745e-173 
 1.20795000e-08  3.09867503e-173 
 1.20805000e-08  2.55541514e-173 
 1.20815000e-08  2.10739960e-173 
 1.20825000e-08  1.73793017e-173 
 1.20835000e-08  1.43323614e-173 
 1.20845000e-08  1.18196109e-173 
 1.20855000e-08  9.74739601e-174 
 1.20865000e-08  8.03848194e-174 
 1.20875000e-08  6.62917479e-174 
 1.20885000e-08  5.46694745e-174 
 1.20895000e-08  4.50848189e-174 
 1.20905000e-08  3.71805456e-174 
 1.20915000e-08  3.06620501e-174 
 1.20925000e-08  2.52863775e-174 
 1.20935000e-08  2.08531683e-174 
 1.20945000e-08  1.71971895e-174 
 1.20955000e-08  1.41821772e-174 
 1.20965000e-08  1.16957570e-174 
 1.20975000e-08  9.64525616e-175 
 1.20985000e-08  7.95424925e-175 
 1.20995000e-08  6.55970978e-175 
 1.21005000e-08  5.40966105e-175 
 1.21015000e-08  4.46123894e-175 
 1.21025000e-08  3.67909425e-175 
 1.21035000e-08  3.03407522e-175 
 1.21045000e-08  2.50214097e-175 
 1.21055000e-08  2.06346546e-175 
 1.21065000e-08  1.70169856e-175 
 1.21075000e-08  1.40335667e-175 
 1.21085000e-08  1.15732009e-175 
 1.21095000e-08  9.54418659e-176 
 1.21105000e-08  7.87089921e-176 
 1.21115000e-08  6.49097267e-176 
 1.21125000e-08  5.35297494e-176 
 1.21135000e-08  4.41449104e-176 
 1.21145000e-08  3.64054220e-176 
 1.21155000e-08  3.00228211e-176 
 1.21165000e-08  2.47592183e-176 
 1.21175000e-08  2.04184306e-176 
 1.21185000e-08  1.68386701e-176 
 1.21195000e-08  1.38865134e-176 
 1.21205000e-08  1.14519290e-176 
 1.21215000e-08  9.44417610e-177 
 1.21225000e-08  7.78842256e-177 
 1.21235000e-08  6.42295584e-177 
 1.21245000e-08  5.29688282e-177 
 1.21255000e-08  4.36823300e-177 
 1.21265000e-08  3.60239412e-177 
 1.21275000e-08  2.97082216e-177 
 1.21285000e-08  2.44997743e-177 
 1.21295000e-08  2.02044724e-177 
 1.21305000e-08  1.66622230e-177 
 1.21315000e-08  1.37410011e-177 
 1.21325000e-08  1.13319279e-177 
 1.21335000e-08  9.34521359e-178 
 1.21345000e-08  7.70681017e-178 
 1.21355000e-08  6.35565173e-178 
 1.21365000e-08  5.24137848e-178 
 1.21375000e-08  4.32245968e-178 
 1.21385000e-08  3.56464578e-178 
 1.21395000e-08  2.93969186e-178 
 1.21405000e-08  2.42430490e-178 
 1.21415000e-08  1.99927561e-178 
 1.21425000e-08  1.64876249e-178 
 1.21435000e-08  1.35970135e-178 
 1.21445000e-08  1.12131842e-178 
 1.21455000e-08  9.24728808e-179 
 1.21465000e-08  7.62605296e-179 
 1.21475000e-08  6.28905288e-179 
 1.21485000e-08  5.18645574e-179 
 1.21495000e-08  4.27716600e-179 
 1.21505000e-08  3.52729299e-179 
 1.21515000e-08  2.90888777e-179 
 1.21525000e-08  2.39890138e-179 
 1.21535000e-08  1.97832584e-179 
 1.21545000e-08  1.63148563e-179 
 1.21555000e-08  1.34545347e-179 
 1.21565000e-08  1.10956849e-179 
 1.21575000e-08  9.15038870e-180 
 1.21585000e-08  7.54614198e-180 
 1.21595000e-08  6.22315190e-180 
 1.21605000e-08  5.13210852e-180 
 1.21615000e-08  4.23234694e-180 
 1.21625000e-08  3.49033161e-180 
 1.21635000e-08  2.87840646e-180 
 1.21645000e-08  2.37376406e-180 
 1.21655000e-08  1.95759560e-180 
 1.21665000e-08  1.61438982e-180 
 1.21675000e-08  1.33135489e-180 
 1.21685000e-08  1.09794167e-180 
 1.21695000e-08  9.05450469e-181 
 1.21705000e-08  7.46706837e-181 
 1.21715000e-08  6.15794148e-181 
 1.21725000e-08  5.07833080e-181 
 1.21735000e-08  4.18799753e-181 
 1.21745000e-08  3.45375754e-181 
 1.21755000e-08  2.84824455e-181 
 1.21765000e-08  2.34889014e-181 
 1.21775000e-08  1.93708258e-181 
 1.21785000e-08  1.59747314e-181 
 1.21795000e-08  1.31740405e-181 
 1.21805000e-08  1.08643669e-181 
 1.21815000e-08  8.95962542e-182 
 1.21825000e-08  7.38882334e-182 
 1.21835000e-08  6.09341437e-182 
 1.21845000e-08  5.02511659e-182 
 1.21855000e-08  4.14411283e-182 
 1.21865000e-08  3.41756672e-182 
 1.21875000e-08  2.81839871e-182 
 1.21885000e-08  2.32427687e-182 
 1.21895000e-08  1.91678451e-182 
 1.21905000e-08  1.58073373e-182 
 1.21915000e-08  1.30359939e-182 
 1.21925000e-08  1.07505227e-182 
 1.21935000e-08  8.86574036e-183 
 1.21945000e-08  7.31139821e-183 
 1.21955000e-08  6.02956343e-183 
 1.21965000e-08  4.97245999e-183 
 1.21975000e-08  4.10068800e-183 
 1.21985000e-08  3.38175512e-183 
 1.21995000e-08  2.78886561e-183 
 1.22005000e-08  2.29992151e-183 
 1.22015000e-08  1.89669913e-183 
 1.22025000e-08  1.56416972e-183 
 1.22035000e-08  1.28993939e-183 
 1.22045000e-08  1.06378714e-183 
 1.22055000e-08  8.77283910e-184 
 1.22065000e-08  7.23478440e-184 
 1.22075000e-08  5.96638155e-184 
 1.22085000e-08  4.92035517e-184 
 1.22095000e-08  4.05771820e-184 
 1.22105000e-08  3.34631879e-184 
 1.22115000e-08  2.75964197e-184 
 1.22125000e-08  2.27582137e-184 
 1.22135000e-08  1.87682423e-184 
 1.22145000e-08  1.54777929e-184 
 1.22155000e-08  1.27642253e-184 
 1.22165000e-08  1.05264005e-184 
 1.22175000e-08  8.68091131e-185 
 1.22185000e-08  7.15897340e-185 
 1.22195000e-08  5.90386174e-185 
 1.22205000e-08  4.86879634e-185 
 1.22215000e-08  4.01519866e-185 
 1.22225000e-08  3.31125378e-185 
 1.22235000e-08  2.73072456e-185 
 1.22245000e-08  2.25197376e-185 
 1.22255000e-08  1.85715758e-185 
 1.22265000e-08  1.53156060e-185 
 1.22275000e-08  1.26304730e-185 
 1.22285000e-08  1.04160977e-185 
 1.22295000e-08  8.58994681e-186 
 1.22305000e-08  7.08395680e-186 
 1.22315000e-08  5.84199706e-186 
 1.22325000e-08  4.81777777e-186 
 1.22335000e-08  3.97312467e-186 
 1.22345000e-08  3.27655621e-186 
 1.22355000e-08  2.70211017e-186 
 1.22365000e-08  2.22837605e-186 
 1.22375000e-08  1.83769702e-186 
 1.22385000e-08  1.51551187e-186 
 1.22395000e-08  1.24981223e-186 
 1.22405000e-08  1.03069507e-186 
 1.22415000e-08  8.49993550e-187 
 1.22425000e-08  7.00972628e-187 
 1.22435000e-08  5.78078063e-187 
 1.22445000e-08  4.76729381e-187 
 1.22455000e-08  3.93149157e-187 
 1.22465000e-08  3.24222222e-187 
 1.22475000e-08  2.67379562e-187 
 1.22485000e-08  2.20502561e-187 
 1.22495000e-08  1.81844038e-187 
 1.22505000e-08  1.49963130e-187 
 1.22515000e-08  1.23671585e-187 
 1.22525000e-08  1.01989475e-187 
 1.22535000e-08  8.41086738e-188 
 1.22545000e-08  6.93627359e-188 
 1.22555000e-08  5.72020567e-188 
 1.22565000e-08  4.71733886e-188 
 1.22575000e-08  3.89029472e-188 
 1.22585000e-08  3.20824801e-188 
 1.22595000e-08  2.64577777e-188 
 1.22605000e-08  2.18191985e-188 
 1.22615000e-08  1.79938552e-188 
 1.22625000e-08  1.48391714e-188 
 1.22635000e-08  1.22375670e-188 
 1.22645000e-08  1.00920760e-188 
 1.22655000e-08  8.32273258e-189 
 1.22665000e-08  6.86359059e-189 
 1.22675000e-08  5.66026546e-189 
 1.22685000e-08  4.66790737e-189 
 1.22695000e-08  3.84952956e-189 
 1.22705000e-08  3.17462980e-189 
 1.22715000e-08  2.61805351e-189 
 1.22725000e-08  2.15905620e-189 
 1.22735000e-08  1.78053034e-189 
 1.22745000e-08  1.46836765e-189 
 1.22755000e-08  1.21093334e-189 
 1.22765000e-08  9.98632432e-190 
 1.22775000e-08  8.23552132e-190 
 1.22785000e-08  6.79166921e-190 
 1.22795000e-08  5.60095335e-190 
 1.22805000e-08  4.61899386e-190 
 1.22815000e-08  3.80919157e-190 
 1.22825000e-08  3.14136387e-190 
 1.22835000e-08  2.59061976e-190 
 1.22845000e-08  2.13643214e-190 
 1.22855000e-08  1.76187273e-190 
 1.22865000e-08  1.45298109e-190 
 1.22875000e-08  1.19824436e-190 
 1.22885000e-08  9.88168081e-191 
 1.22895000e-08  8.14922392e-191 
 1.22905000e-08  6.72050148e-191 
 1.22915000e-08  5.54226274e-191 
 1.22925000e-08  4.57059289e-191 
 1.22935000e-08  3.76927626e-191 
 1.22945000e-08  3.10844652e-191 
 1.22955000e-08  2.56347348e-191 
 1.22965000e-08  2.11404515e-191 
 1.22975000e-08  1.74341062e-191 
 1.22985000e-08  1.43775577e-191 
 1.22995000e-08  1.18568834e-191 
 1.23005000e-08  9.77813383e-192 
 1.23015000e-08  8.06383080e-192 
 1.23025000e-08  6.65007948e-192 
 1.23035000e-08  5.48418714e-192 
 1.23045000e-08  4.52269911e-192 
 1.23055000e-08  3.72977922e-192 
 1.23065000e-08  3.07587410e-192 
 1.23075000e-08  2.53661166e-192 
 1.23085000e-08  2.09189275e-192 
 1.23095000e-08  1.72514198e-192 
 1.23105000e-08  1.42268998e-192 
 1.23115000e-08  1.17326389e-192 
 1.23125000e-08  9.67567188e-193 
 1.23135000e-08  7.97933249e-193 
 1.23145000e-08  6.58039542e-193 
 1.23155000e-08  5.42672009e-193 
 1.23165000e-08  4.47530719e-193 
 1.23175000e-08  3.69069605e-193 
 1.23185000e-08  3.04364299e-193 
 1.23195000e-08  2.51003131e-193 
 1.23205000e-08  2.06997247e-193 
 1.23215000e-08  1.70706477e-193 
 1.23225000e-08  1.40778207e-193 
 1.23235000e-08  1.16096963e-193 
 1.23245000e-08  9.57428360e-194 
 1.23255000e-08  7.89571961e-194 
 1.23265000e-08  6.51144156e-194 
 1.23275000e-08  5.36985522e-194 
 1.23285000e-08  4.42841187e-194 
 1.23295000e-08  3.65202243e-194 
 1.23305000e-08  3.01174963e-194 
 1.23315000e-08  2.48372950e-194 
 1.23325000e-08  2.04828189e-194 
 1.23335000e-08  1.68917698e-194 
 1.23345000e-08  1.39303037e-194 
 1.23355000e-08  1.14880420e-194 
 1.23365000e-08  9.47395774e-195 
 1.23375000e-08  7.81298288e-195 
 1.23385000e-08  6.44321024e-195 
 1.23395000e-08  5.31358622e-195 
 1.23405000e-08  4.38200795e-195 
 1.23415000e-08  3.61375405e-195 
 1.23425000e-08  2.98019046e-195 
 1.23435000e-08  2.45770329e-195 
 1.23445000e-08  2.02681859e-195 
 1.23455000e-08  1.67147663e-195 
 1.23465000e-08  1.37843325e-195 
 1.23475000e-08  1.13676624e-195 
 1.23485000e-08  9.37468315e-196 
 1.23495000e-08  7.73111312e-196 
 1.23505000e-08  6.37569389e-196 
 1.23515000e-08  5.25790684e-196 
 1.23525000e-08  4.33609029e-196 
 1.23535000e-08  3.57588667e-196 
 1.23545000e-08  2.94896200e-196 
 1.23555000e-08  2.43194980e-196 
 1.23565000e-08  2.00558021e-196 
 1.23575000e-08  1.65396176e-196 
 1.23585000e-08  1.36398908e-196 
 1.23595000e-08  1.12485443e-196 
 1.23605000e-08  9.27644884e-197 
 1.23615000e-08  7.65010125e-197 
 1.23625000e-08  6.30888503e-197 
 1.23635000e-08  5.20281091e-197 
 1.23645000e-08  4.29065378e-197 
 1.23655000e-08  3.53841609e-197 
 1.23665000e-08  2.91806076e-197 
 1.23675000e-08  2.40646617e-197 
 1.23685000e-08  1.98456437e-197 
 1.23695000e-08  1.63663042e-197 
 1.23705000e-08  1.34969628e-197 
 1.23715000e-08  1.11306744e-197 
 1.23725000e-08  9.17924389e-198 
 1.23735000e-08  7.56993828e-198 
 1.23745000e-08  6.24277623e-198 
 1.23755000e-08  5.14829232e-198 
 1.23765000e-08  4.24569339e-198 
 1.23775000e-08  3.50133816e-198 
 1.23785000e-08  2.88748334e-198 
 1.23795000e-08  2.38124958e-198 
 1.23805000e-08  1.96376876e-198 
 1.23815000e-08  1.61948070e-198 
 1.23825000e-08  1.33555324e-198 
 1.23835000e-08  1.10140396e-198 
 1.23845000e-08  9.08305752e-199 
 1.23855000e-08  7.49061531e-199 
 1.23865000e-08  6.17736017e-199 
 1.23875000e-08  5.09434500e-199 
 1.23885000e-08  4.20120412e-199 
 1.23895000e-08  3.46464875e-199 
 1.23905000e-08  2.85722632e-199 
 1.23915000e-08  2.35629722e-199 
 1.23925000e-08  1.94319105e-199 
 1.23935000e-08  1.60251067e-199 
 1.23945000e-08  1.32155840e-199 
 1.23955000e-08  1.08986270e-199 
 1.23965000e-08  8.98787905e-200 
 1.23975000e-08  7.41212354e-200 
 1.23985000e-08  6.11262958e-200 
 1.23995000e-08  5.04096298e-200 
 1.24005000e-08  4.15718104e-200 
 1.24015000e-08  3.42834380e-200 
 1.24025000e-08  2.82728636e-200 
 1.24035000e-08  2.33160634e-200 
 1.24045000e-08  1.92282897e-200 
 1.24055000e-08  1.58571847e-200 
 1.24065000e-08  1.30771021e-200 
 1.24075000e-08  1.07844238e-200 
 1.24085000e-08  8.89369793e-201 
 1.24095000e-08  7.33445426e-201 
 1.24105000e-08  6.04857728e-201 
 1.24115000e-08  4.98814034e-201 
 1.24125000e-08  4.11361927e-201 
 1.24135000e-08  3.39241928e-201 
 1.24145000e-08  2.79766012e-201 
 1.24155000e-08  2.30717418e-201 
 1.24165000e-08  1.90268026e-201 
 1.24175000e-08  1.56910224e-201 
 1.24185000e-08  1.29400714e-201 
 1.24195000e-08  1.06714172e-201 
 1.24205000e-08  8.80050371e-202 
 1.24215000e-08  7.25759885e-202 
 1.24225000e-08  5.98519617e-202 
 1.24235000e-08  4.93587121e-202 
 1.24245000e-08  4.07051396e-202 
 1.24255000e-08  3.35687120e-202 
 1.24265000e-08  2.76834433e-202 
 1.24275000e-08  2.28299803e-202 
 1.24285000e-08  1.88274268e-202 
 1.24295000e-08  1.55266011e-202 
 1.24305000e-08  1.28044765e-202 
 1.24315000e-08  1.05595949e-202 
 1.24325000e-08  8.70828603e-203 
 1.24335000e-08  7.18154879e-203 
 1.24345000e-08  5.92247921e-203 
 1.24355000e-08  4.88414979e-203 
 1.24365000e-08  4.02786034e-203 
 1.24375000e-08  3.32169562e-203 
 1.24385000e-08  2.73933574e-203 
 1.24395000e-08  2.25907523e-203 
 1.24405000e-08  1.86301402e-203 
 1.24415000e-08  1.53639028e-203 
 1.24425000e-08  1.26703024e-203 
 1.24435000e-08  1.04489442e-203 
 1.24445000e-08  8.61703468e-204 
 1.24455000e-08  7.10629563e-204 
 1.24465000e-08  5.86041944e-204 
 1.24475000e-08  4.83297034e-204 
 1.24485000e-08  3.98565368e-204 
 1.24495000e-08  3.28688863e-204 
 1.24505000e-08  2.71063111e-204 
 1.24515000e-08  2.23540310e-204 
 1.24525000e-08  1.84349209e-204 
 1.24535000e-08  1.52029094e-204 
 1.24545000e-08  1.25375344e-204 
 1.24555000e-08  1.03394531e-204 
 1.24565000e-08  8.52673952e-205 
 1.24575000e-08  7.03183102e-205 
 1.24585000e-08  5.79900997e-205 
 1.24595000e-08  4.78232718e-205 
 1.24605000e-08  3.94388928e-205 
 1.24615000e-08  3.25244637e-205 
 1.24625000e-08  2.68222727e-205 
 1.24635000e-08  2.21197902e-205 
 1.24645000e-08  1.82417472e-205 
 1.24655000e-08  1.50436030e-205 
 1.24665000e-08  1.24061576e-205 
 1.24675000e-08  1.02311092e-205 
 1.24685000e-08  8.43739054e-206 
 1.24695000e-08  6.95814671e-206 
 1.24705000e-08  5.73824399e-206 
 1.24715000e-08  4.73221470e-206 
 1.24725000e-08  3.90256253e-206 
 1.24735000e-08  3.21836502e-206 
 1.24745000e-08  2.65412107e-206 
 1.24755000e-08  2.18880040e-206 
 1.24765000e-08  1.80505978e-206 
 1.24775000e-08  1.48859658e-206 
 1.24785000e-08  1.22761574e-206 
 1.24795000e-08  1.01239007e-206 
 1.24805000e-08  8.34897781e-207 
 1.24815000e-08  6.88523450e-207 
 1.24825000e-08  5.67811476e-207 
 1.24835000e-08  4.68262733e-207 
 1.24845000e-08  3.86166882e-207 
 1.24855000e-08  3.18464080e-207 
 1.24865000e-08  2.62630938e-207 
 1.24875000e-08  2.16586466e-207 
 1.24885000e-08  1.78614513e-207 
 1.24895000e-08  1.47299805e-207 
 1.24905000e-08  1.21475194e-207 
 1.24915000e-08  1.00178156e-207 
 1.24925000e-08  8.26149153e-208 
 1.24935000e-08  6.81308633e-208 
 1.24945000e-08  5.61861561e-208 
 1.24955000e-08  4.63355957e-208 
 1.24965000e-08  3.82120362e-208 
 1.24975000e-08  3.15126997e-208 
 1.24985000e-08  2.59878912e-208 
 1.24995000e-08  2.14316925e-208 
 1.25005000e-08  1.76742868e-208 
 1.25015000e-08  1.45756298e-208 
 1.25025000e-08  1.20202295e-208 
 1.25035000e-08  9.91284209e-209 
 1.25045000e-08  8.17492200e-209 
 1.25055000e-08  6.74169417e-209 
 1.25065000e-08  5.55973993e-209 
 1.25075000e-08  4.58500598e-209 
 1.25085000e-08  3.78116245e-209 
 1.25095000e-08  3.11824881e-209 
 1.25105000e-08  2.57155724e-209 
 1.25115000e-08  2.12071166e-209 
 1.25125000e-08  1.74890836e-209 
 1.25135000e-08  1.44228964e-209 
 1.25145000e-08  1.18942733e-209 
 1.25155000e-08  9.80896858e-210 
 1.25165000e-08  8.08925960e-210 
 1.25175000e-08  6.67105010e-210 
 1.25185000e-08  5.50148119e-210 
 1.25195000e-08  4.53696116e-210 
 1.25205000e-08  3.74154085e-210 
 1.25215000e-08  3.08557368e-210 
 1.25225000e-08  2.54461071e-210 
 1.25235000e-08  2.09848940e-210 
 1.25245000e-08  1.73058211e-210 
 1.25255000e-08  1.42717635e-210 
 1.25265000e-08  1.17696370e-210 
 1.25275000e-08  9.70618352e-211 
 1.25285000e-08  8.00449482e-211 
 1.25295000e-08  6.60114630e-211 
 1.25305000e-08  5.44383292e-211 
 1.25315000e-08  4.48941979e-211 
 1.25325000e-08  3.70233444e-211 
 1.25335000e-08  3.05324093e-211 
 1.25345000e-08  2.51794654e-211 
 1.25355000e-08  2.07650000e-211 
 1.25365000e-08  1.71244789e-211 
 1.25375000e-08  1.41222142e-211 
 1.25385000e-08  1.16463067e-211 
 1.25395000e-08  9.60447552e-212 
 1.25405000e-08  7.92061828e-212 
 1.25415000e-08  6.53197499e-212 
 1.25425000e-08  5.38678873e-212 
 1.25435000e-08  4.44237659e-212 
 1.25445000e-08  3.66353885e-212 
 1.25455000e-08  3.02124700e-212 
 1.25465000e-08  2.49156179e-212 
 1.25475000e-08  2.05474102e-212 
 1.25485000e-08  1.69450370e-212 
 1.25495000e-08  1.39742320e-212 
 1.25505000e-08  1.15242688e-212 
 1.25515000e-08  9.50383328e-213 
 1.25525000e-08  7.83762064e-213 
 1.25535000e-08  6.46352850e-213 
 1.25545000e-08  5.33034229e-213 
 1.25555000e-08  4.39582635e-213 
 1.25565000e-08  3.62514980e-213 
 1.25575000e-08  2.98958831e-213 
 1.25585000e-08  2.46545350e-213 
 1.25595000e-08  2.03321004e-213 
 1.25605000e-08  1.67674753e-213 
 1.25615000e-08  1.38278005e-213 
 1.25625000e-08  1.14035097e-213 
 1.25635000e-08  9.40424564e-214 
 1.25645000e-08  7.75549271e-214 
 1.25655000e-08  6.39579925e-214 
 1.25665000e-08  5.27448733e-214 
 1.25675000e-08  4.34976388e-214 
 1.25685000e-08  3.58716301e-214 
 1.25695000e-08  2.95826137e-214 
 1.25705000e-08  2.43961880e-214 
 1.25715000e-08  2.01190468e-214 
 1.25725000e-08  1.65917743e-214 
 1.25735000e-08  1.36829034e-214 
 1.25745000e-08  1.12840159e-214 
 1.25755000e-08  9.30570155e-215 
 1.25765000e-08  7.67422538e-215 
 1.25775000e-08  6.32877971e-215 
 1.25785000e-08  5.21921766e-215 
 1.25795000e-08  4.30418409e-215 
 1.25805000e-08  3.54957427e-215 
 1.25815000e-08  2.92726269e-215 
 1.25825000e-08  2.41405481e-215 
 1.25835000e-08  1.99082257e-215 
 1.25845000e-08  1.64179144e-215 
 1.25855000e-08  1.35395246e-215 
 1.25865000e-08  1.11657743e-215 
 1.25875000e-08  9.20819007e-216 
 1.25885000e-08  7.59380962e-216 
 1.25895000e-08  6.26246244e-216 
 1.25905000e-08  5.16452714e-216 
 1.25915000e-08  4.25908192e-216 
 1.25925000e-08  3.51237942e-216 
 1.25935000e-08  2.89658884e-216 
 1.25945000e-08  2.38875870e-216 
 1.25955000e-08  1.96996138e-216 
 1.25965000e-08  1.62458763e-216 
 1.25975000e-08  1.33976482e-216 
 1.25985000e-08  1.10487717e-216 
 1.25995000e-08  9.11170038e-217 
 1.26005000e-08  7.51423651e-217 
 1.26015000e-08  6.19684010e-217 
 1.26025000e-08  5.11040971e-217 
 1.26035000e-08  4.21445236e-217 
 1.26045000e-08  3.47557431e-217 
 1.26055000e-08  2.86623641e-217 
 1.26065000e-08  2.36372766e-217 
 1.26075000e-08  1.94931878e-217 
 1.26085000e-08  1.60756409e-217 
 1.26095000e-08  1.32572586e-217 
 1.26105000e-08  1.09329952e-217 
 1.26115000e-08  9.01622178e-218 
 1.26125000e-08  7.43549722e-218 
 1.26135000e-08  6.13190538e-218 
 1.26145000e-08  5.05685935e-218 
 1.26155000e-08  4.17029046e-218 
 1.26165000e-08  3.43915488e-218 
 1.26175000e-08  2.83620203e-218 
 1.26185000e-08  2.33895891e-218 
 1.26195000e-08  1.92889249e-218 
 1.26205000e-08  1.59071894e-218 
 1.26215000e-08  1.31183400e-218 
 1.26225000e-08  1.08184318e-218 
 1.26235000e-08  8.92174367e-219 
 1.26245000e-08  7.35758301e-219 
 1.26255000e-08  6.06765110e-219 
 1.26265000e-08  5.00387014e-219 
 1.26275000e-08  4.12659131e-219 
 1.26285000e-08  3.40311707e-219 
 1.26295000e-08  2.80648237e-219 
 1.26305000e-08  2.31444971e-219 
 1.26315000e-08  1.90868024e-219 
 1.26325000e-08  1.57405030e-219 
 1.26335000e-08  1.29808771e-219 
 1.26345000e-08  1.07050689e-219 
 1.26355000e-08  8.82825556e-220 
 1.26365000e-08  7.28048525e-220 
 1.26375000e-08  6.00407012e-220 
 1.26385000e-08  4.95143618e-220 
 1.26395000e-08  4.08335008e-220 
 1.26405000e-08  3.36745689e-220 
 1.26415000e-08  2.77707414e-220 
 1.26425000e-08  2.29019733e-220 
 1.26435000e-08  1.88867979e-220 
 1.26445000e-08  1.55755633e-220 
 1.26455000e-08  1.28448546e-220 
 1.26465000e-08  1.05928939e-220 
 1.26475000e-08  8.73574708e-221 
 1.26485000e-08  7.20419536e-221 
 1.26495000e-08  5.94115538e-221 
 1.26505000e-08  4.89955165e-221 
 1.26515000e-08  4.04056195e-221 
 1.26525000e-08  3.33217038e-221 
 1.26535000e-08  2.74797406e-221 
 1.26545000e-08  2.26619908e-221 
 1.26555000e-08  1.86888892e-221 
 1.26565000e-08  1.54123520e-221 
 1.26575000e-08  1.27102575e-221 
 1.26585000e-08  1.04818943e-221 
 1.26595000e-08  8.64420797e-222 
 1.26605000e-08  7.12870490e-222 
 1.26615000e-08  5.87889991e-222 
 1.26625000e-08  4.84821081e-222 
 1.26635000e-08  3.99822219e-222 
 1.26645000e-08  3.29725363e-222 
 1.26655000e-08  2.71917892e-222 
 1.26665000e-08  2.24245230e-222 
 1.26675000e-08  1.84930543e-222 
 1.26685000e-08  1.52508508e-222 
 1.26695000e-08  1.25770707e-222 
 1.26705000e-08  1.03720579e-222 
 1.26715000e-08  8.55362807e-223 
 1.26725000e-08  7.05400547e-223 
 1.26735000e-08  5.81729679e-223 
 1.26745000e-08  4.79740796e-223 
 1.26755000e-08  3.95632610e-223 
 1.26765000e-08  3.26270276e-223 
 1.26775000e-08  2.69068551e-223 
 1.26785000e-08  2.21895436e-223 
 1.26795000e-08  1.82992714e-223 
 1.26805000e-08  1.50910420e-223 
 1.26815000e-08  1.24452796e-223 
 1.26825000e-08  1.02633724e-223 
 1.26835000e-08  8.46399733e-224 
 1.26845000e-08  6.98008880e-224 
 1.26855000e-08  5.75633919e-224 
 1.26865000e-08  4.74713745e-224 
 1.26875000e-08  3.91486902e-224 
 1.26885000e-08  3.22851394e-224 
 1.26895000e-08  2.66249068e-224 
 1.26905000e-08  2.19570265e-224 
 1.26915000e-08  1.81075192e-224 
 1.26925000e-08  1.49329078e-224 
 1.26935000e-08  1.23148695e-224 
 1.26945000e-08  1.01558258e-224 
 1.26955000e-08  8.37530580e-225 
 1.26965000e-08  6.90694667e-225 
 1.26975000e-08  5.69602035e-225 
 1.26985000e-08  4.69739371e-225 
 1.26995000e-08  3.87384635e-225 
 1.27005000e-08  3.19468337e-225 
 1.27015000e-08  2.63459128e-225 
 1.27025000e-08  2.17269458e-225 
 1.27035000e-08  1.79177763e-225 
 1.27045000e-08  1.47764306e-225 
 1.27055000e-08  1.21858259e-225 
 1.27065000e-08  1.00494062e-225 
 1.27075000e-08  8.28754364e-226 
 1.27085000e-08  6.83457098e-226 
 1.27095000e-08  5.63633357e-226 
 1.27105000e-08  4.64817122e-226 
 1.27115000e-08  3.83325355e-226 
 1.27125000e-08  3.16120730e-226 
 1.27135000e-08  2.60698424e-226 
 1.27145000e-08  2.14992760e-226 
 1.27155000e-08  1.77300216e-226 
 1.27165000e-08  1.46215931e-226 
 1.27175000e-08  1.20581345e-226 
 1.27185000e-08  9.94410163e-227 
 1.27195000e-08  8.20070112e-227 
 1.27205000e-08  6.76295369e-227 
 1.27215000e-08  5.57727223e-227 
 1.27225000e-08  4.59946451e-227 
 1.27235000e-08  3.79308611e-227 
 1.27245000e-08  3.12808202e-227 
 1.27255000e-08  2.57966649e-227 
 1.27265000e-08  2.12739920e-227 
 1.27275000e-08  1.75442344e-227 
 1.27285000e-08  1.44683781e-227 
 1.27295000e-08  1.19317812e-227 
 1.27305000e-08  9.83990056e-228 
 1.27315000e-08  8.11476858e-228 
 1.27325000e-08  6.69208685e-228 
 1.27335000e-08  5.51882977e-228 
 1.27345000e-08  4.55126819e-228 
 1.27355000e-08  3.75333957e-228 
 1.27365000e-08  3.09530384e-228 
 1.27375000e-08  2.55263498e-228 
 1.27385000e-08  2.10510686e-228 
 1.27395000e-08  1.73603939e-228 
 1.27405000e-08  1.43167686e-228 
 1.27415000e-08  1.18067518e-228 
 1.27425000e-08  9.73679138e-229 
 1.27435000e-08  8.02973651e-229 
 1.27445000e-08  6.62196261e-229 
 1.27455000e-08  5.46099971e-229 
 1.27465000e-08  4.50357690e-229 
 1.27475000e-08  3.71400952e-229 
 1.27485000e-08  3.06286914e-229 
 1.27495000e-08  2.52588673e-229 
 1.27505000e-08  2.08304812e-229 
 1.27515000e-08  1.71784799e-229 
 1.27525000e-08  1.41667477e-229 
 1.27535000e-08  1.16830327e-229 
 1.27545000e-08  9.63476264e-230 
 1.27555000e-08  7.94559546e-230 
 1.27565000e-08  6.55257317e-230 
 1.27575000e-08  5.40377564e-230 
 1.27585000e-08  4.45638536e-230 
 1.27595000e-08  3.67509160e-230 
 1.27605000e-08  3.03077431e-230 
 1.27615000e-08  2.49941877e-230 
 1.27625000e-08  2.06122052e-230 
 1.27635000e-08  1.69984721e-230 
 1.27645000e-08  1.40182989e-230 
 1.27655000e-08  1.15606099e-230 
 1.27665000e-08  9.53380304e-231 
 1.27675000e-08  7.86233610e-231 
 1.27685000e-08  6.48391085e-231 
 1.27695000e-08  5.34715119e-231 
 1.27705000e-08  4.40968832e-231 
 1.27715000e-08  3.63658149e-231 
 1.27725000e-08  2.99901580e-231 
 1.27735000e-08  2.47322816e-231 
 1.27745000e-08  2.03962165e-231 
 1.27755000e-08  1.68203505e-231 
 1.27765000e-08  1.38714056e-231 
 1.27775000e-08  1.14394699e-231 
 1.27785000e-08  9.43390136e-232 
 1.27795000e-08  7.77994919e-232 
 1.27805000e-08  6.41596801e-232 
 1.27815000e-08  5.29112010e-232 
 1.27825000e-08  4.36348060e-232 
 1.27835000e-08  3.59847491e-232 
 1.27845000e-08  2.96759006e-232 
 1.27855000e-08  2.44731199e-232 
 1.27865000e-08  2.01824910e-232 
 1.27875000e-08  1.66440954e-232 
 1.27885000e-08  1.37260516e-232 
 1.27895000e-08  1.13195994e-232 
 1.27905000e-08  9.33504651e-233 
 1.27915000e-08  7.69842558e-233 
 1.27925000e-08  6.34873713e-233 
 1.27935000e-08  5.23567614e-233 
 1.27945000e-08  4.31775708e-233 
 1.27955000e-08  3.56076764e-233 
 1.27965000e-08  2.93649363e-233 
 1.27975000e-08  2.42166739e-233 
 1.27985000e-08  1.99710051e-233 
 1.27995000e-08  1.64696873e-233 
 1.28005000e-08  1.35822207e-233 
 1.28015000e-08  1.12009849e-233 
 1.28025000e-08  9.23722753e-234 
 1.28035000e-08  7.61775623e-234 
 1.28045000e-08  6.28221074e-234 
 1.28055000e-08  5.18081316e-234 
 1.28065000e-08  4.27251268e-234 
 1.28075000e-08  3.52345549e-234 
 1.28085000e-08  2.90572305e-234 
 1.28095000e-08  2.39629151e-234 
 1.28105000e-08  1.97617353e-234 
 1.28115000e-08  1.62971067e-234 
 1.28125000e-08  1.34398969e-234 
 1.28135000e-08  1.10836134e-234 
 1.28145000e-08  9.14043357e-235 
 1.28155000e-08  7.53793219e-235 
 1.28165000e-08  6.21638145e-235 
 1.28175000e-08  5.12652507e-235 
 1.28185000e-08  4.22774238e-235 
 1.28195000e-08  3.48653432e-235 
 1.28205000e-08  2.87527491e-235 
 1.28215000e-08  2.37118153e-235 
 1.28225000e-08  1.95546584e-235 
 1.28235000e-08  1.61263345e-235 
 1.28245000e-08  1.32990645e-235 
 1.28255000e-08  1.09674717e-235 
 1.28265000e-08  9.04465388e-236 
 1.28275000e-08  7.45894460e-236 
 1.28285000e-08  6.15124197e-236 
 1.28295000e-08  5.07280585e-236 
 1.28305000e-08  4.18344121e-236 
 1.28315000e-08  3.45000004e-236 
 1.28325000e-08  2.84514582e-236 
 1.28335000e-08  2.34633468e-236 
 1.28345000e-08  1.93497514e-236 
 1.28355000e-08  1.59573518e-236 
 1.28365000e-08  1.31597079e-236 
 1.28375000e-08  1.08525471e-236 
 1.28385000e-08  8.94987784e-237 
 1.28395000e-08  7.38078470e-237 
 1.28405000e-08  6.08678507e-237 
 1.28415000e-08  5.01964953e-237 
 1.28425000e-08  4.13960427e-237 
 1.28435000e-08  3.41384859e-237 
 1.28445000e-08  2.81533244e-237 
 1.28455000e-08  2.32174818e-237 
 1.28465000e-08  1.91469915e-237 
 1.28475000e-08  1.57901398e-237 
 1.28485000e-08  1.30218115e-237 
 1.28495000e-08  1.07388267e-237 
 1.28505000e-08  8.85609492e-238 
 1.28515000e-08  7.30344381e-238 
 1.28525000e-08  6.02300359e-238 
 1.28535000e-08  4.96705023e-238 
 1.28545000e-08  4.09622667e-238 
 1.28555000e-08  3.37807596e-238 
 1.28565000e-08  2.78583147e-238 
 1.28575000e-08  2.29741933e-238 
 1.28585000e-08  1.89463563e-238 
 1.28595000e-08  1.56246799e-238 
 1.28605000e-08  1.28853601e-238 
 1.28615000e-08  1.06262979e-238 
 1.28625000e-08  8.76329473e-239 
 1.28635000e-08  7.22691335e-239 
 1.28645000e-08  5.95989045e-239 
 1.28655000e-08  4.91500209e-239 
 1.28665000e-08  4.05330362e-239 
 1.28675000e-08  3.34267818e-239 
 1.28685000e-08  2.75663963e-239 
 1.28695000e-08  2.27334540e-239 
 1.28705000e-08  1.87478234e-239 
 1.28715000e-08  1.54609539e-239 
 1.28725000e-08  1.27503385e-239 
 1.28735000e-08  1.05149484e-239 
 1.28745000e-08  8.67146695e-240 
 1.28755000e-08  7.15118483e-240 
 1.28765000e-08  5.89743866e-240 
 1.28775000e-08  4.86349935e-240 
 1.28785000e-08  4.01083034e-240 
 1.28795000e-08  3.30765132e-240 
 1.28805000e-08  2.72775368e-240 
 1.28815000e-08  2.24952374e-240 
 1.28825000e-08  1.85513710e-240 
 1.28835000e-08  1.52989435e-240 
 1.28845000e-08  1.26167318e-240 
 1.28855000e-08  1.04047656e-240 
 1.28865000e-08  8.58060142e-241 
 1.28875000e-08  7.07624984e-241 
 1.28885000e-08  5.83564128e-241 
 1.28895000e-08  4.81253629e-241 
 1.28905000e-08  3.96880213e-241 
 1.28915000e-08  3.27299150e-241 
 1.28925000e-08  2.69917042e-241 
 1.28935000e-08  2.22595170e-241 
 1.28945000e-08  1.83569771e-241 
 1.28955000e-08  1.51386307e-241 
 1.28965000e-08  1.24845250e-241 
 1.28975000e-08  1.02957373e-241 
 1.28985000e-08  8.49068803e-242 
 1.28995000e-08  7.00210008e-242 
 1.29005000e-08  5.77449146e-242 
 1.29015000e-08  4.76210726e-242 
 1.29025000e-08  3.92721432e-242 
 1.29035000e-08  3.23869486e-242 
 1.29045000e-08  2.67088668e-242 
 1.29055000e-08  2.20262666e-242 
 1.29065000e-08  1.81646202e-242 
 1.29075000e-08  1.49799978e-242 
 1.29085000e-08  1.23537037e-242 
 1.29095000e-08  1.01878516e-242 
 1.29105000e-08  8.40171682e-243 
 1.29115000e-08  6.92872730e-243 
 1.29125000e-08  5.71398240e-243 
 1.29135000e-08  4.71220665e-243 
 1.29145000e-08  3.88606229e-243 
 1.29155000e-08  3.20475761e-243 
 1.29165000e-08  2.64289931e-243 
 1.29175000e-08  2.17954604e-243 
 1.29185000e-08  1.79742789e-243 
 1.29195000e-08  1.48230272e-243 
 1.29205000e-08  1.22242532e-243 
 1.29215000e-08  1.00810963e-243 
 1.29225000e-08  8.31367790e-244 
 1.29235000e-08  6.85612338e-244 
 1.29245000e-08  5.65410740e-244 
 1.29255000e-08  4.66282894e-244 
 1.29265000e-08  3.84534148e-244 
 1.29275000e-08  3.17117598e-244 
 1.29285000e-08  2.61520521e-244 
 1.29295000e-08  2.15670727e-244 
 1.29305000e-08  1.77859322e-244 
 1.29315000e-08  1.46677014e-244 
 1.29325000e-08  1.20961591e-244 
 1.29335000e-08  9.97545975e-245 
 1.29345000e-08  8.22656152e-245 
 1.29355000e-08  6.78428025e-245 
 1.29365000e-08  5.59485981e-245 
 1.29375000e-08  4.61396864e-245 
 1.29385000e-08  3.80504738e-245 
 1.29395000e-08  3.13794623e-245 
 1.29405000e-08  2.58780131e-245 
 1.29415000e-08  2.13410782e-245 
 1.29425000e-08  1.75995591e-245 
 1.29435000e-08  1.45140033e-245 
 1.29445000e-08  1.19694073e-245 
 1.29455000e-08  9.87093008e-246 
 1.29465000e-08  8.14035801e-246 
 1.29475000e-08  6.71318994e-246 
 1.29485000e-08  5.53623306e-246 
 1.29495000e-08  4.56562034e-246 
 1.29505000e-08  3.76517550e-246 
 1.29515000e-08  3.10506470e-246 
 1.29525000e-08  2.56068456e-246 
 1.29535000e-08  2.11174519e-246 
 1.29545000e-08  1.74151389e-246 
 1.29555000e-08  1.43619157e-246 
 1.29565000e-08  1.18439837e-246 
 1.29575000e-08  9.76749575e-247 
 1.29585000e-08  8.05505779e-247 
 1.29595000e-08  6.64284456e-247 
 1.29605000e-08  5.47822064e-247 
 1.29615000e-08  4.51777866e-247 
 1.29625000e-08  3.72572142e-247 
 1.29635000e-08  3.07252771e-247 
 1.29645000e-08  2.53385196e-247 
 1.29655000e-08  2.08961688e-247 
 1.29665000e-08  1.72326512e-247 
 1.29675000e-08  1.42114217e-247 
 1.29685000e-08  1.17198744e-247 
 1.29695000e-08  9.66514528e-248 
 1.29705000e-08  7.97065141e-248 
 1.29715000e-08  6.57323631e-248 
 1.29725000e-08  5.42081611e-248 
 1.29735000e-08  4.47043830e-248 
 1.29745000e-08  3.68668078e-248 
 1.29755000e-08  3.04033167e-248 
 1.29765000e-08  2.50730054e-248 
 1.29775000e-08  2.06772045e-248 
 1.29785000e-08  1.70520757e-248 
 1.29795000e-08  1.40625048e-248 
 1.29805000e-08  1.15970656e-248 
 1.29815000e-08  9.56386730e-249 
 1.29825000e-08  7.88712949e-249 
 1.29835000e-08  6.50435746e-249 
 1.29845000e-08  5.36401311e-249 
 1.29855000e-08  4.42359400e-249 
 1.29865000e-08  3.64804922e-249 
 1.29875000e-08  3.00847301e-249 
 1.29885000e-08  2.48102733e-249 
 1.29895000e-08  2.04605347e-249 
 1.29905000e-08  1.68733925e-249 
 1.29915000e-08  1.39151483e-249 
 1.29925000e-08  1.14755436e-249 
 1.29935000e-08  9.46365059e-250 
 1.29945000e-08  7.80448278e-250 
 1.29955000e-08  6.43620037e-250 
 1.29965000e-08  5.30780533e-250 
 1.29975000e-08  4.37724057e-250 
 1.29985000e-08  3.60982248e-250 
 1.29995000e-08  2.97694818e-250 
 1.30005000e-08  2.45502944e-250 
 1.30015000e-08  2.02461353e-250 
 1.30025000e-08  1.66965816e-250 
 1.30035000e-08  1.37693359e-250 
 1.30045000e-08  1.13552950e-250 
 1.30055000e-08  9.36448401e-251 
 1.30065000e-08  7.72270209e-251 
 1.30075000e-08  6.36875748e-251 
 1.30085000e-08  5.25218653e-251 
 1.30095000e-08  4.33137286e-251 
 1.30105000e-08  3.57199630e-251 
 1.30115000e-08  2.94575369e-251 
 1.30125000e-08  2.42930397e-251 
 1.30135000e-08  2.00339825e-251 
 1.30145000e-08  1.65216234e-251 
 1.30155000e-08  1.36250514e-251 
 1.30165000e-08  1.12363065e-251 
 1.30175000e-08  9.26635657e-252 
 1.30185000e-08  7.64177836e-252 
 1.30195000e-08  6.30202130e-252 
 1.30205000e-08  5.19715054e-252 
 1.30215000e-08  4.28598578e-252 
 1.30225000e-08  3.53456649e-252 
 1.30235000e-08  2.91488607e-252 
 1.30245000e-08  2.40384807e-252 
 1.30255000e-08  1.98240527e-252 
 1.30265000e-08  1.63484986e-252 
 1.30275000e-08  1.34822788e-252 
 1.30285000e-08  1.11185648e-252 
 1.30295000e-08  9.16925737e-253 
 1.30305000e-08  7.56170260e-253 
 1.30315000e-08  6.23598443e-253 
 1.30325000e-08  5.14269125e-253 
 1.30335000e-08  4.24107430e-253 
 1.30345000e-08  3.49752889e-253 
 1.30355000e-08  2.88434191e-253 
 1.30365000e-08  2.37865891e-253 
 1.30375000e-08  1.96163228e-253 
 1.30385000e-08  1.61771879e-253 
 1.30395000e-08  1.33410023e-253 
 1.30405000e-08  1.10020570e-253 
 1.30415000e-08  9.07317565e-254 
 1.30425000e-08  7.48246593e-254 
 1.30435000e-08  6.17063954e-254 
 1.30445000e-08  5.08880263e-254 
 1.30455000e-08  4.19663344e-254 
 1.30465000e-08  3.46087940e-254 
 1.30475000e-08  2.85411781e-254 
 1.30485000e-08  2.35373370e-254 
 1.30495000e-08  1.94107696e-254 
 1.30505000e-08  1.60076723e-254 
 1.30515000e-08  1.32012062e-254 
 1.30525000e-08  1.08867699e-254 
 1.30535000e-08  8.97810073e-255 
 1.30545000e-08  7.40405955e-255 
 1.30555000e-08  6.10597937e-255 
 1.30565000e-08  5.03547869e-255 
 1.30575000e-08  4.15265826e-255 
 1.30585000e-08  3.42461395e-255 
 1.30595000e-08  2.82421042e-255 
 1.30605000e-08  2.32906968e-255 
 1.30615000e-08  1.92073704e-255 
 1.30625000e-08  1.58399330e-255 
 1.30635000e-08  1.30628750e-255 
 1.30645000e-08  1.07726909e-255 
 1.30655000e-08  8.88402207e-256 
 1.30665000e-08  7.32647477e-256 
 1.30675000e-08  6.04199676e-256 
 1.30685000e-08  4.98271352e-256 
 1.30695000e-08  4.10914387e-256 
 1.30705000e-08  3.38872851e-256 
 1.30715000e-08  2.79461642e-256 
 1.30725000e-08  2.30466410e-256 
 1.30735000e-08  1.90061024e-256 
 1.30745000e-08  1.56739514e-256 
 1.30755000e-08  1.29259933e-256 
 1.30765000e-08  1.06598073e-256 
 1.30775000e-08  8.79092924e-257 
 1.30785000e-08  7.24970298e-257 
 1.30795000e-08  5.97868460e-257 
 1.30805000e-08  4.93050125e-257 
 1.30815000e-08  4.06608546e-257 
 1.30825000e-08  3.35321911e-257 
 1.30835000e-08  2.76533253e-257 
 1.30845000e-08  2.28051426e-257 
 1.30855000e-08  1.88069436e-257 
 1.30865000e-08  1.55097090e-257 
 1.30875000e-08  1.27905459e-257 
 1.30885000e-08  1.05481066e-257 
 1.30895000e-08  8.69881189e-258 
 1.30905000e-08  7.17373565e-258 
 1.30915000e-08  5.91603587e-258 
 1.30925000e-08  4.87883610e-258 
 1.30935000e-08  4.02347825e-258 
 1.30945000e-08  3.31808179e-258 
 1.30955000e-08  2.73635549e-258 
 1.30965000e-08  2.25661747e-258 
 1.30975000e-08  1.86098716e-258 
 1.30985000e-08  1.53471878e-258 
 1.30995000e-08  1.26565178e-258 
 1.31005000e-08  1.04375764e-258 
 1.31015000e-08  8.60765982e-259 
 1.31025000e-08  7.09856437e-259 
 1.31035000e-08  5.85404362e-259 
 1.31045000e-08  4.82771233e-259 
 1.31055000e-08  3.98131751e-259 
 1.31065000e-08  3.28331267e-259 
 1.31075000e-08  2.70768209e-259 
 1.31085000e-08  2.23297110e-259 
 1.31095000e-08  1.84148647e-259 
 1.31105000e-08  1.51863695e-259 
 1.31115000e-08  1.25238942e-259 
 1.31125000e-08  1.03282043e-259 
 1.31135000e-08  8.51746289e-260 
 1.31145000e-08  7.02418077e-260 
 1.31155000e-08  5.79270096e-260 
 1.31165000e-08  4.77712427e-260 
 1.31175000e-08  3.93959855e-260 
 1.31185000e-08  3.24890789e-260 
 1.31195000e-08  2.67930915e-260 
 1.31205000e-08  2.20957251e-260 
 1.31215000e-08  1.82219012e-260 
 1.31225000e-08  1.50272363e-260 
 1.31235000e-08  1.23926603e-260 
 1.31245000e-08  1.02199784e-260 
 1.31255000e-08  8.42821112e-261 
 1.31265000e-08  6.95057662e-261 
 1.31275000e-08  5.73200110e-261 
 1.31285000e-08  4.72706631e-261 
 1.31295000e-08  3.89831675e-261 
 1.31305000e-08  3.21486362e-261 
 1.31315000e-08  2.65123353e-261 
 1.31325000e-08  2.18641910e-261 
 1.31335000e-08  1.80309597e-261 
 1.31345000e-08  1.48697707e-261 
 1.31355000e-08  1.22628016e-261 
 1.31365000e-08  1.01128865e-261 
 1.31375000e-08  8.33989458e-262 
 1.31385000e-08  6.87774374e-262 
 1.31395000e-08  5.67193729e-262 
 1.31405000e-08  4.67753289e-262 
 1.31415000e-08  3.85746753e-262 
 1.31425000e-08  3.18117609e-262 
 1.31435000e-08  2.62345210e-262 
 1.31445000e-08  2.16350831e-262 
 1.31455000e-08  1.78420190e-262 
 1.31465000e-08  1.47139551e-262 
 1.31475000e-08  1.21343036e-262 
 1.31485000e-08  1.00069167e-262 
 1.31495000e-08  8.25250348e-263 
 1.31505000e-08  6.80567406e-263 
 1.31515000e-08  5.61250286e-263 
 1.31525000e-08  4.62851851e-263 
 1.31535000e-08  3.81704636e-263 
 1.31545000e-08  3.14784156e-263 
 1.31555000e-08  2.59596178e-263 
 1.31565000e-08  2.14083760e-263 
 1.31575000e-08  1.76550582e-263 
 1.31585000e-08  1.45597723e-263 
 1.31595000e-08  1.20071521e-263 
 1.31605000e-08  9.90205746e-264 
 1.31615000e-08  8.16602813e-264 
 1.31625000e-08  6.73435957e-264 
 1.31635000e-08  5.55369123e-264 
 1.31645000e-08  4.58001774e-264 
 1.31655000e-08  3.77704875e-264 
 1.31665000e-08  3.11485633e-264 
 1.31675000e-08  2.56875952e-264 
 1.31685000e-08  2.11840444e-264 
 1.31695000e-08  1.74700565e-264 
 1.31705000e-08  1.44072051e-264 
 1.31715000e-08  1.18813330e-264 
 1.31725000e-08  9.79829695e-265 
 1.31735000e-08  8.08045892e-265 
 1.31745000e-08  6.66379236e-265 
 1.31755000e-08  5.49549587e-265 
 1.31765000e-08  4.53202520e-265 
 1.31775000e-08  3.73747026e-265 
 1.31785000e-08  3.08221674e-265 
 1.31795000e-08  2.54184231e-265 
 1.31805000e-08  2.09620636e-265 
 1.31815000e-08  1.72869933e-265 
 1.31825000e-08  1.42562366e-265 
 1.31835000e-08  1.17568323e-265 
 1.31845000e-08  9.69562372e-266 
 1.31855000e-08  7.99578637e-266 
 1.31865000e-08  6.59396461e-266 
 1.31875000e-08  5.43791032e-266 
 1.31885000e-08  4.48453555e-266 
 1.31895000e-08  3.69830650e-266 
 1.31905000e-08  3.04991917e-266 
 1.31915000e-08  2.51520716e-266 
 1.31925000e-08  2.07424088e-266 
 1.31935000e-08  1.71058484e-266 
 1.31945000e-08  1.41068500e-266 
 1.31955000e-08  1.16336362e-266 
 1.31965000e-08  9.59402637e-267 
 1.31975000e-08  7.91200107e-267 
 1.31985000e-08  6.52486856e-267 
 1.31995000e-08  5.38092820e-267 
 1.32005000e-08  4.43754353e-267 
 1.32015000e-08  3.65955312e-267 
 1.32025000e-08  3.01796004e-267 
 1.32035000e-08  2.48885110e-267 
 1.32045000e-08  2.05250557e-267 
 1.32055000e-08  1.69266017e-267 
 1.32065000e-08  1.39590288e-267 
 1.32075000e-08  1.15117310e-267 
 1.32085000e-08  9.49349363e-268 
 1.32095000e-08  7.82909374e-268 
 1.32105000e-08  6.45649654e-268 
 1.32115000e-08  5.32454317e-268 
 1.32125000e-08  4.39104393e-268 
 1.32135000e-08  3.62120583e-268 
 1.32145000e-08  2.98633580e-268 
 1.32155000e-08  2.46277122e-268 
 1.32165000e-08  2.03099802e-268 
 1.32175000e-08  1.67492332e-268 
 1.32185000e-08  1.38127566e-268 
 1.32195000e-08  1.13911033e-268 
 1.32205000e-08  9.39401434e-269 
 1.32215000e-08  7.74705516e-269 
 1.32225000e-08  6.38884097e-269 
 1.32235000e-08  5.26874897e-269 
 1.32245000e-08  4.34503158e-269 
 1.32255000e-08  3.58326037e-269 
 1.32265000e-08  2.95504294e-269 
 1.32275000e-08  2.43696463e-269 
 1.32285000e-08  2.00971584e-269 
 1.32295000e-08  1.65737233e-269 
 1.32305000e-08  1.36680171e-269 
 1.32315000e-08  1.12717395e-269 
 1.32325000e-08  9.29557745e-270 
 1.32335000e-08  7.66587624e-270 
 1.32345000e-08  6.32189434e-270 
 1.32355000e-08  5.21353943e-270 
 1.32365000e-08  4.29950138e-270 
 1.32375000e-08  3.54571253e-270 
 1.32385000e-08  2.92407799e-270 
 1.32395000e-08  2.41142845e-270 
 1.32405000e-08  1.98865667e-270 
 1.32415000e-08  1.64000526e-270 
 1.32425000e-08  1.35247943e-270 
 1.32435000e-08  1.11536266e-270 
 1.32445000e-08  9.19817206e-271 
 1.32455000e-08  7.58554797e-271 
 1.32465000e-08  6.25564923e-271 
 1.32475000e-08  5.15890842e-271 
 1.32485000e-08  4.25444827e-271 
 1.32495000e-08  3.50855814e-271 
 1.32505000e-08  2.89343751e-271 
 1.32515000e-08  2.38615986e-271 
 1.32525000e-08  1.96781817e-271 
 1.32535000e-08  1.62282017e-271 
 1.32545000e-08  1.33830723e-271 
 1.32555000e-08  1.10367513e-271 
 1.32565000e-08  9.10178735e-272 
 1.32575000e-08  7.50606143e-272 
 1.32585000e-08  6.19009827e-272 
 1.32595000e-08  5.10484986e-272 
 1.32605000e-08  4.20986727e-272 
 1.32615000e-08  3.47179308e-272 
 1.32625000e-08  2.86311810e-272 
 1.32635000e-08  2.36115606e-272 
 1.32645000e-08  1.94719803e-272 
 1.32655000e-08  1.60581515e-272 
 1.32665000e-08  1.32428354e-272 
 1.32675000e-08  1.09211007e-272 
 1.32685000e-08  9.00641262e-273 
 1.32695000e-08  7.42740780e-273 
 1.32705000e-08  6.12523421e-273 
 1.32715000e-08  5.05135777e-273 
 1.32725000e-08  4.16575341e-273 
 1.32735000e-08  3.43541326e-273 
 1.32745000e-08  2.83311640e-273 
 1.32755000e-08  2.33641425e-273 
 1.32765000e-08  1.92679396e-273 
 1.32775000e-08  1.58898833e-273 
 1.32785000e-08  1.31040679e-273 
 1.32795000e-08  1.08066619e-273 
 1.32805000e-08  8.91203729e-274 
 1.32815000e-08  7.34957836e-274 
 1.32825000e-08  6.06104983e-274 
 1.32835000e-08  4.99842620e-274 
 1.32845000e-08  4.12210181e-274 
 1.32855000e-08  3.39941466e-274 
 1.32865000e-08  2.80342907e-274 
 1.32875000e-08  2.31193171e-274 
 1.32885000e-08  1.90660370e-274 
 1.32895000e-08  1.57233782e-274 
 1.32905000e-08  1.29667546e-274 
 1.32915000e-08  1.06934224e-274 
 1.32925000e-08  8.81865090e-275 
 1.32935000e-08  7.27256448e-275 
 1.32945000e-08  5.99753802e-275 
 1.32955000e-08  4.94604928e-275 
 1.32965000e-08  4.07890762e-275 
 1.32975000e-08  3.36379328e-275 
 1.32985000e-08  2.77405283e-275 
 1.32995000e-08  2.28770572e-275 
 1.33005000e-08  1.88662501e-275 
 1.33015000e-08  1.55586180e-275 
 1.33025000e-08  1.28308801e-275 
 1.33035000e-08  1.05813694e-275 
 1.33045000e-08  8.72624307e-276 
 1.33055000e-08  7.19635759e-276 
 1.33065000e-08  5.93469173e-276 
 1.33075000e-08  4.89422121e-276 
 1.33085000e-08  4.03616604e-276 
 1.33095000e-08  3.32854516e-276 
 1.33105000e-08  2.74498442e-276 
 1.33115000e-08  2.26373358e-276 
 1.33125000e-08  1.86685567e-276 
 1.33135000e-08  1.53955842e-276 
 1.33145000e-08  1.26964294e-276 
 1.33155000e-08  1.04704906e-276 
 1.33165000e-08  8.63480355e-277 
 1.33175000e-08  7.12094925e-277 
 1.33185000e-08  5.87250399e-277 
 1.33195000e-08  4.84293623e-277 
 1.33205000e-08  3.99387235e-277 
 1.33215000e-08  3.29366640e-277 
 1.33225000e-08  2.71622060e-277 
 1.33235000e-08  2.24001264e-277 
 1.33245000e-08  1.84729348e-277 
 1.33255000e-08  1.52342588e-277 
 1.33265000e-08  1.25633876e-277 
 1.33275000e-08  1.03607737e-277 
 1.33285000e-08  8.54432219e-278 
 1.33295000e-08  7.04633110e-278 
 1.33305000e-08  5.81096789e-278 
 1.33315000e-08  4.79218864e-278 
 1.33325000e-08  3.95202183e-278 
 1.33335000e-08  3.25915312e-278 
 1.33345000e-08  2.68775819e-278 
 1.33355000e-08  2.21654026e-278 
 1.33365000e-08  1.82793628e-278 
 1.33375000e-08  1.50746238e-278 
 1.33385000e-08  1.24317398e-278 
 1.33395000e-08  1.02522064e-278 
 1.33405000e-08  8.45478896e-279 
 1.33415000e-08  6.97249484e-279 
 1.33425000e-08  5.75007661e-279 
 1.33435000e-08  4.74197282e-279 
 1.33445000e-08  3.91060985e-279 
 1.33455000e-08  3.22500149e-279 
 1.33465000e-08  2.65959403e-279 
 1.33475000e-08  2.19331384e-279 
 1.33485000e-08  1.80878192e-279 
 1.33495000e-08  1.49166616e-279 
 1.33505000e-08  1.23014716e-279 
 1.33515000e-08  1.01447768e-279 
 1.33525000e-08  8.36619393e-280 
 1.33535000e-08  6.89943229e-280 
 1.33545000e-08  5.68982339e-280 
 1.33555000e-08  4.69228320e-280 
 1.33565000e-08  3.86963182e-280 
 1.33575000e-08  3.19120773e-280 
 1.33585000e-08  2.63172499e-280 
 1.33595000e-08  2.17033080e-280 
 1.33605000e-08  1.78982827e-280 
 1.33615000e-08  1.47603547e-280 
 1.33625000e-08  1.21725684e-280 
 1.33635000e-08  1.00384729e-280 
 1.33645000e-08  8.27852725e-281 
 1.33655000e-08  6.82713534e-281 
 1.33665000e-08  5.63020155e-281 
 1.33675000e-08  4.64311426e-281 
 1.33685000e-08  3.82908318e-281 
 1.33695000e-08  3.15776808e-281 
 1.33705000e-08  2.60414799e-281 
 1.33715000e-08  2.14758860e-281 
 1.33725000e-08  1.77107323e-281 
 1.33735000e-08  1.46056856e-281 
 1.33745000e-08  1.20450159e-281 
 1.33755000e-08  9.93328299e-282 
 1.33765000e-08  8.19177920e-282 
 1.33775000e-08  6.75559596e-282 
 1.33785000e-08  5.57120446e-282 
 1.33795000e-08  4.59446055e-282 
 1.33805000e-08  3.78895944e-282 
 1.33815000e-08  3.12467884e-282 
 1.33825000e-08  2.57685995e-282 
 1.33835000e-08  2.12508470e-282 
 1.33845000e-08  1.75251472e-282 
 1.33855000e-08  1.44526373e-282 
 1.33865000e-08  1.19188000e-282 
 1.33875000e-08  9.82919528e-283 
 1.33885000e-08  8.10594016e-283 
 1.33895000e-08  6.68480623e-283 
 1.33905000e-08  5.51282558e-283 
 1.33915000e-08  4.54631666e-283 
 1.33925000e-08  3.74925614e-283 
 1.33935000e-08  3.09193632e-283 
 1.33945000e-08  2.54985786e-283 
 1.33955000e-08  2.10281662e-283 
 1.33965000e-08  1.73415068e-283 
 1.33975000e-08  1.43011927e-283 
 1.33985000e-08  1.17939067e-283 
 1.33995000e-08  9.72619828e-284 
 1.34005000e-08  8.02100059e-284 
 1.34015000e-08  6.61475827e-284 
 1.34025000e-08  5.45505844e-284 
 1.34035000e-08  4.49867726e-284 
 1.34045000e-08  3.70996888e-284 
 1.34055000e-08  3.05953691e-284 
 1.34065000e-08  2.52313871e-284 
 1.34075000e-08  2.08078187e-284 
 1.34085000e-08  1.71597907e-284 
 1.34095000e-08  1.41513351e-284 
 1.34105000e-08  1.16703222e-284 
 1.34115000e-08  9.62428055e-285 
 1.34125000e-08  7.93695109e-285 
 1.34135000e-08  6.54544433e-285 
 1.34145000e-08  5.39789662e-285 
 1.34155000e-08  4.45153705e-285 
 1.34165000e-08  3.67109330e-285 
 1.34175000e-08  3.02747700e-285 
 1.34185000e-08  2.49669954e-285 
 1.34195000e-08  2.05897802e-285 
 1.34205000e-08  1.69799787e-285 
 1.34215000e-08  1.40030478e-285 
 1.34225000e-08  1.15480326e-285 
 1.34235000e-08  9.52343078e-286 
 1.34245000e-08  7.85378231e-286 
 1.34255000e-08  6.47685671e-286 
 1.34265000e-08  5.34133379e-286 
 1.34275000e-08  4.40489082e-286 
 1.34285000e-08  3.63262508e-286 
 1.34295000e-08  2.99575303e-286 
 1.34305000e-08  2.47053742e-286 
 1.34315000e-08  2.03740265e-286 
 1.34325000e-08  1.68020509e-286 
 1.34335000e-08  1.38563143e-286 
 1.34345000e-08  1.14270244e-286 
 1.34355000e-08  9.42363779e-287 
 1.34365000e-08  7.77148503e-287 
 1.34375000e-08  6.40898779e-287 
 1.34385000e-08  5.28536365e-287 
 1.34395000e-08  4.35873337e-287 
 1.34405000e-08  3.59455996e-287 
 1.34415000e-08  2.96436149e-287 
 1.34425000e-08  2.44464945e-287 
 1.34435000e-08  2.01605336e-287 
 1.34445000e-08  1.66259876e-287 
 1.34455000e-08  1.37111184e-287 
 1.34465000e-08  1.13072843e-287 
 1.34475000e-08  9.32489049e-288 
 1.34485000e-08  7.69005011e-288 
 1.34495000e-08  6.34183005e-288 
 1.34505000e-08  5.22998001e-288 
 1.34515000e-08  4.31305959e-288 
 1.34525000e-08  3.55689372e-288 
 1.34535000e-08  2.93329889e-288 
 1.34545000e-08  2.41903275e-288 
 1.34555000e-08  1.99492778e-288 
 1.34565000e-08  1.64517691e-288 
 1.34575000e-08  1.35674440e-288 
 1.34585000e-08  1.11887988e-288 
 1.34595000e-08  9.22717793e-289 
 1.34605000e-08  7.60946853e-289 
 1.34615000e-08  6.27537603e-289 
 1.34625000e-08  5.17517672e-289 
 1.34635000e-08  4.26786442e-289 
 1.34645000e-08  3.51962216e-289 
 1.34655000e-08  2.90256179e-289 
 1.34665000e-08  2.39368447e-289 
 1.34675000e-08  1.97402356e-289 
 1.34685000e-08  1.62793763e-289 
 1.34695000e-08  1.34252750e-289 
 1.34705000e-08  1.10715550e-289 
 1.34715000e-08  9.13048928e-290 
 1.34725000e-08  7.52973133e-290 
 1.34735000e-08  6.20961837e-290 
 1.34745000e-08  5.12094769e-290 
 1.34755000e-08  4.22314282e-290 
 1.34765000e-08  3.48274116e-290 
 1.34775000e-08  2.87214677e-290 
 1.34785000e-08  2.36860182e-290 
 1.34795000e-08  1.95333840e-290 
 1.34805000e-08  1.61087899e-290 
 1.34815000e-08  1.32845959e-290 
 1.34825000e-08  1.09555397e-290 
 1.34835000e-08  9.03481379e-291 
 1.34845000e-08  7.45082968e-291 
 1.34855000e-08  6.14454976e-291 
 1.34865000e-08  5.06728691e-291 
 1.34875000e-08  4.17888986e-291 
 1.34885000e-08  3.44624663e-291 
 1.34895000e-08  2.84205046e-291 
 1.34905000e-08  2.34378199e-291 
 1.34915000e-08  1.93286999e-291 
 1.34925000e-08  1.59399910e-291 
 1.34935000e-08  1.31453908e-291 
 1.34945000e-08  1.08407401e-291 
 1.34955000e-08  8.94014086e-292 
 1.34965000e-08  7.37275481e-292 
 1.34975000e-08  6.08016298e-292 
 1.34985000e-08  5.01418843e-292 
 1.34995000e-08  4.13510060e-292 
 1.35005000e-08  3.41013451e-292 
 1.35015000e-08  2.81226952e-292 
 1.35025000e-08  2.31922225e-292 
 1.35035000e-08  1.91261606e-292 
 1.35045000e-08  1.57729609e-292 
 1.35055000e-08  1.30076445e-292 
 1.35065000e-08  1.07271434e-292 
 1.35075000e-08  8.84645997e-293 
 1.35085000e-08  7.29549806e-293 
 1.35095000e-08  6.01645089e-293 
 1.35105000e-08  4.96164635e-293 
 1.35115000e-08  4.09177020e-293 
 1.35125000e-08  3.37440080e-293 
 1.35135000e-08  2.78280064e-293 
 1.35145000e-08  2.29491986e-293 
 1.35155000e-08  1.89257437e-293 
 1.35165000e-08  1.56076811e-293 
 1.35175000e-08  1.28713415e-293 
 1.35185000e-08  1.06147371e-293 
 1.35195000e-08  8.75376074e-294 
 1.35205000e-08  7.21905086e-294 
 1.35215000e-08  5.95340642e-294 
 1.35225000e-08  4.90965484e-294 
 1.35235000e-08  4.04889385e-294 
 1.35245000e-08  3.33904153e-294 
 1.35255000e-08  2.75364056e-294 
 1.35265000e-08  2.27087213e-294 
 1.35275000e-08  1.87274268e-294 
 1.35285000e-08  1.54441332e-294 
 1.35295000e-08  1.27364668e-294 
 1.35305000e-08  1.05035087e-294 
 1.35315000e-08  8.66203287e-295 
 1.35325000e-08  7.14340473e-295 
 1.35335000e-08  5.89102257e-295 
 1.35345000e-08  4.85820813e-295 
 1.35355000e-08  4.00646678e-295 
 1.35365000e-08  3.30405277e-295 
 1.35375000e-08  2.72478604e-295 
 1.35385000e-08  2.24707638e-295 
 1.35395000e-08  1.85311881e-295 
 1.35405000e-08  1.52822991e-295 
 1.35415000e-08  1.26030054e-295 
 1.35425000e-08  1.03934457e-295 
 1.35435000e-08  8.57126619e-296 
 1.35445000e-08  7.06855127e-296 
 1.35455000e-08  5.82929242e-296 
 1.35465000e-08  4.80730051e-296 
 1.35475000e-08  3.96448429e-296 
 1.35485000e-08  3.26943066e-296 
 1.35495000e-08  2.69623387e-296 
 1.35505000e-08  2.22352998e-296 
 1.35515000e-08  1.83370057e-296 
 1.35525000e-08  1.51221607e-296 
 1.35535000e-08  1.24709426e-296 
 1.35545000e-08  1.02845361e-296 
 1.35555000e-08  8.48145062e-297 
 1.35565000e-08  6.99448218e-297 
 1.35575000e-08  5.76820913e-297 
 1.35585000e-08  4.75692635e-297 
 1.35595000e-08  3.92294172e-297 
 1.35605000e-08  3.23517134e-297 
 1.35615000e-08  2.66798090e-297 
 1.35625000e-08  2.20023032e-297 
 1.35635000e-08  1.81448581e-297 
 1.35645000e-08  1.49637004e-297 
 1.35655000e-08  1.23402635e-297 
 1.35665000e-08  1.01767678e-297 
 1.35675000e-08  8.39257621e-298 
 1.35685000e-08  6.92118923e-298 
 1.35695000e-08  5.70776590e-298 
 1.35705000e-08  4.70708003e-298 
 1.35715000e-08  3.88183447e-298 
 1.35725000e-08  3.20127101e-298 
 1.35735000e-08  2.64002398e-298 
 1.35745000e-08  2.17717481e-298 
 1.35755000e-08  1.79547239e-298 
 1.35765000e-08  1.48069006e-298 
 1.35775000e-08  1.22109538e-298 
 1.35785000e-08  1.00701287e-298 
 1.35795000e-08  8.30463308e-299 
 1.35805000e-08  6.84866429e-299 
 1.35815000e-08  5.64795604e-299 
 1.35825000e-08  4.65775604e-299 
 1.35835000e-08  3.84115796e-299 
 1.35845000e-08  3.16772591e-299 
 1.35855000e-08  2.61236001e-299 
 1.35865000e-08  2.15436089e-299 
 1.35875000e-08  1.77665820e-299 
 1.35885000e-08  1.46517438e-299 
 1.35895000e-08  1.20829991e-299 
 1.35905000e-08  9.96460699e-300 
 1.35915000e-08  8.21761147e-300 
 1.35925000e-08  6.77689932e-300 
 1.35935000e-08  5.58877291e-300 
 1.35945000e-08  4.60894890e-300 
 1.35955000e-08  3.80090769e-300 
 1.35965000e-08  3.13453232e-300 
 1.35975000e-08  2.58498592e-300 
 1.35985000e-08  2.13178603e-300 
 1.35995000e-08  1.75804117e-300 
 1.36005000e-08  1.44982128e-300 
 1.36015000e-08  1.19563853e-300 
 1.36025000e-08  9.86019105e-301 
 1.36035000e-08  8.13150174e-301 
 1.36045000e-08  6.70588635e-301 
 1.36055000e-08  5.53020994e-301 
 1.36065000e-08  4.56065319e-301 
 1.36075000e-08  3.76107919e-301 
 1.36085000e-08  3.10168656e-301 
 1.36095000e-08  2.55789868e-301 
 1.36105000e-08  2.10944772e-301 
 1.36115000e-08  1.73961922e-301 
 1.36125000e-08  1.43462907e-301 
 1.36135000e-08  1.18310981e-301 
 1.36145000e-08  9.75686925e-302 
 1.36155000e-08  8.04629433e-302 
 1.36165000e-08  6.63561751e-302 
 1.36175000e-08  5.47226063e-302 
 1.36185000e-08  4.51286356e-302 
 1.36195000e-08  3.72166804e-302 
 1.36205000e-08  3.06918497e-302 
 1.36215000e-08  2.53109527e-302 
 1.36225000e-08  2.08734349e-302 
 1.36235000e-08  1.72139030e-302 
 1.36245000e-08  1.41959605e-302 
 1.36255000e-08  1.17071238e-302 
 1.36265000e-08  9.65463013e-303 
 1.36275000e-08  7.96197977e-303 
 1.36285000e-08  6.56608499e-303 
 1.36295000e-08  5.41491856e-303 
 1.36305000e-08  4.46557470e-303 
 1.36315000e-08  3.68266987e-303 
 1.36325000e-08  3.03702396e-303 
 1.36335000e-08  2.50457273e-303 
 1.36345000e-08  2.06547088e-303 
 1.36355000e-08  1.70335240e-303 
 1.36365000e-08  1.40472055e-303 
 1.36375000e-08  1.15844486e-303 
 1.36385000e-08  9.55346233e-304 
 1.36395000e-08  7.87854872e-304 
 1.36405000e-08  6.49728107e-304 
 1.36415000e-08  5.35817736e-304 
 1.36425000e-08  4.41878135e-304 
 1.36435000e-08  3.64408031e-304 
 1.36445000e-08  3.00519993e-304 
 1.36455000e-08  2.47832809e-304 
 1.36465000e-08  2.04382743e-304 
 1.36475000e-08  1.68550346e-304 
 1.36485000e-08  1.39000091e-304 
 1.36495000e-08  1.14630585e-304 
 1.36505000e-08  9.45335459e-305 
 1.36515000e-08  7.79599201e-305 
 1.36525000e-08  6.42919791e-305 
 1.36535000e-08  5.30203068e-305 
 1.36545000e-08  4.37247803e-305 
 1.36555000e-08  3.60589475e-305 
 1.36565000e-08  2.97370906e-305 
 1.36575000e-08  2.45235822e-305 
 1.36585000e-08  2.02241055e-305 
 1.36595000e-08  1.66784144e-305 
 1.36605000e-08  1.37543507e-305 
 1.36615000e-08  1.13429375e-305 
 1.36625000e-08  9.35429563e-306 
 1.36635000e-08  7.71429774e-306 
 1.36645000e-08  6.36182375e-306 
 1.36655000e-08  5.24647169e-306 
 1.36665000e-08  4.32666253e-306 
 1.36675000e-08  3.56811050e-306 
 1.36685000e-08  2.94254934e-306 
 1.36695000e-08  2.42665835e-306 
 1.36705000e-08  2.00121676e-306 
 1.36715000e-08  1.65036124e-306 
 1.36725000e-08  1.36101643e-306 
 1.36735000e-08  1.12240103e-306 
 1.36745000e-08  9.25624127e-307 
 1.36755000e-08  7.63343076e-307 
 1.36765000e-08  6.29511791e-307 
 1.36775000e-08  5.19149140e-307 
 1.36785000e-08  4.28128612e-307 
 1.36795000e-08  3.53071025e-307 
 1.36805000e-08  2.91168716e-307 
 1.36815000e-08  2.40119677e-307 
 1.36825000e-08  1.98020795e-307 
 1.36835000e-08  1.63301989e-307 
 1.36845000e-08  1.34674686e-307 
 1.36855000e-08  1.11065961e-307 
 1.36865000e-08  9.15946359e-308 
 1.36875000e-08  7.55330335e-308 
 1.36885000e-08  6.22899825e-308 
 1.36895000e-08  5.13725759e-308 
 1.36905000e-08  4.23691709e-308 
 1.36915000e-08  3.49387694e-308 
 1.36925000e-08  2.88147330e-308 
 1.36935000e-08  2.37596380e-308 
 1.36945000e-08  1.95966104e-308 
 1.36955000e-08  1.61641812e-308 
 1.36965000e-08  1.33269061e-308 
 1.36975000e-08  1.09923656e-308 
 1.36985000e-08  9.06654529e-309 
 1.36995000e-08  7.47774060e-309 
 1.37005000e-08  6.16646179e-309 
 1.37015000e-08  5.08862419e-309 
 1.37025000e-08  4.19854798e-309 
 1.37035000e-08  3.45905346e-309 
 1.37045000e-08  2.85208064e-309 
 1.37055000e-08  2.35425974e-309 
 1.37065000e-08  1.94062583e-309 
 1.37075000e-08  1.60161902e-309 
 1.37085000e-08  1.31917936e-309 
 1.37095000e-08  1.09065193e-309 
 1.37105000e-08  8.97976759e-310 
 1.37115000e-08  7.38498932e-310 
 1.37125000e-08  6.07968409e-310 
 1.37135000e-08  5.03730268e-310 
 1.37145000e-08  4.14629508e-310 
 1.37155000e-08  3.44916171e-310 
 1.37165000e-08  2.83435255e-310 
 1.37175000e-08  2.34436800e-310 
 1.37185000e-08  1.93670765e-310 
 1.37195000e-08  1.58482232e-310 
 1.37205000e-08  1.31526119e-310 
 1.37215000e-08  1.10147507e-310 
 1.37225000e-08  9.00963543e-311 
 1.37235000e-08  7.56227030e-311 
 1.37245000e-08  6.24765114e-311 
 1.37255000e-08  5.49078209e-311 
 1.37265000e-08  4.86665900e-311 
 1.37275000e-08  4.10978994e-311 
 1.37285000e-08  3.48566685e-311 
 1.37295000e-08  2.72879780e-311 
 1.37305000e-08  2.10467471e-311 
 1.37315000e-08  2.03830172e-311 
 1.37325000e-08  1.41417864e-311 
 1.37335000e-08  1.34780565e-311 
 1.37345000e-08  1.41417864e-311 
 1.37355000e-08  1.34780565e-311 
 1.37365000e-08  1.41417864e-311 
 1.37375000e-08  1.34780565e-311 
 1.37385000e-08  1.41417864e-311 
 1.37395000e-08  1.34780565e-311 
 1.37405000e-08  1.41417864e-311 
 1.37415000e-08  1.34780565e-311 
 1.37425000e-08  1.41417864e-311 
 1.37435000e-08  1.34780565e-311 
 1.37445000e-08  1.41417864e-311 
 1.37455000e-08  1.34780565e-311 
 1.37465000e-08  1.41417864e-311 
 1.37475000e-08  1.34780565e-311 
 1.37485000e-08  1.41417864e-311 
 1.37495000e-08  1.34780565e-311 
 1.37505000e-08  1.41417864e-311 
 1.37515000e-08  1.34780565e-311 
 1.37525000e-08  1.41417864e-311 
 1.37535000e-08  1.34780565e-311 
 1.37545000e-08  1.41417864e-311 
 1.37555000e-08  1.34780565e-311 
 1.37565000e-08  1.41417864e-311 
 1.37575000e-08  1.34780565e-311 
 1.37585000e-08  1.41417864e-311 
 1.37595000e-08  1.34780565e-311 
 1.37605000e-08  1.41417864e-311 
 1.37615000e-08  1.34780565e-311 
 1.37625000e-08  1.41417864e-311 
 1.37635000e-08  1.34780565e-311 
 1.37645000e-08  1.41417864e-311 
 1.37655000e-08  1.34780565e-311 
 1.37665000e-08  1.41417864e-311 
 1.37675000e-08  1.34780565e-311 
 1.37685000e-08  1.41417864e-311 
 1.37695000e-08  1.34780565e-311 
 1.37705000e-08  1.41417864e-311 
 1.37715000e-08  1.34780565e-311 
 1.37725000e-08  1.41417864e-311 
 1.37735000e-08  1.34780565e-311 
 1.37745000e-08  1.41417864e-311 
 1.37755000e-08  1.34780565e-311 
 1.37765000e-08  1.41417864e-311 
 1.37775000e-08  1.34780565e-311 
 1.37785000e-08  1.41417864e-311 
 1.37795000e-08  1.34780565e-311 
 1.37805000e-08  1.41417864e-311 
 1.37815000e-08  1.34780565e-311 
 1.37825000e-08  1.41417864e-311 
 1.37835000e-08  1.34780565e-311 
 1.37845000e-08  1.41417864e-311 
 1.37855000e-08  1.34780565e-311 
 1.37865000e-08  1.41417864e-311 
 1.37875000e-08  1.34780565e-311 
 1.37885000e-08  1.41417864e-311 
 1.37895000e-08  1.34780565e-311 
 1.37905000e-08  1.41417864e-311 
 1.37915000e-08  1.34780565e-311 
 1.37925000e-08  1.41417864e-311 
 1.37935000e-08  1.34780565e-311 
 1.37945000e-08  1.41417864e-311 
 1.37955000e-08  1.34780565e-311 
 1.37965000e-08  1.41417864e-311 
 1.37975000e-08  1.34780565e-311 
 1.37985000e-08  1.41417864e-311 
 1.37995000e-08  1.34780565e-311 
 1.38005000e-08  1.41417864e-311 
 1.38015000e-08  1.34780565e-311 
 1.38025000e-08  1.41417864e-311 
 1.38035000e-08  1.34780565e-311 
 1.38045000e-08  1.41417864e-311 
 1.38055000e-08  1.34780565e-311 
 1.38065000e-08  1.41417864e-311 
 1.38075000e-08  1.34780565e-311 
 1.38085000e-08  1.41417864e-311 
 1.38095000e-08  1.34780565e-311 
 1.38105000e-08  1.41417864e-311 
 1.38115000e-08  1.34780565e-311 
 1.38125000e-08  1.41417864e-311 
 1.38135000e-08  1.34780565e-311 
 1.38145000e-08  1.41417864e-311 
 1.38155000e-08  1.34780565e-311 
 1.38165000e-08  1.41417864e-311 
 1.38175000e-08  1.34780565e-311 
 1.38185000e-08  1.41417864e-311 
 1.38195000e-08  1.34780565e-311 
 1.38205000e-08  1.41417864e-311 
 1.38215000e-08  1.34780565e-311 
 1.38225000e-08  1.41417864e-311 
 1.38235000e-08  1.34780565e-311 
 1.38245000e-08  1.41417864e-311 
 1.38255000e-08  1.34780565e-311 
 1.38265000e-08  1.41417864e-311 
 1.38275000e-08  1.34780565e-311 
 1.38285000e-08  1.41417864e-311 
 1.38295000e-08  1.34780565e-311 
 1.38305000e-08  1.41417864e-311 
 1.38315000e-08  1.34780565e-311 
 1.38325000e-08  1.41417864e-311 
 1.38335000e-08  1.34780565e-311 
 1.38345000e-08  1.41417864e-311 
 1.38355000e-08  1.34780565e-311 
 1.38365000e-08  1.41417864e-311 
 1.38375000e-08  1.34780565e-311 
 1.38385000e-08  1.41417864e-311 
 1.38395000e-08  1.34780565e-311 
 1.38405000e-08  1.41417864e-311 
 1.38415000e-08  1.34780565e-311 
 1.38425000e-08  1.41417864e-311 
 1.38435000e-08  1.34780565e-311 
 1.38445000e-08  1.41417864e-311 
 1.38455000e-08  1.34780565e-311 
 1.38465000e-08  1.41417864e-311 
 1.38475000e-08  1.34780565e-311 
 1.38485000e-08  1.41417864e-311 
 1.38495000e-08  1.34780565e-311 
 1.38505000e-08  1.41417864e-311 
 1.38515000e-08  1.34780565e-311 
 1.38525000e-08  1.41417864e-311 
 1.38535000e-08  1.34780565e-311 
 1.38545000e-08  1.41417864e-311 
 1.38555000e-08  1.34780565e-311 
 1.38565000e-08  1.41417864e-311 
 1.38575000e-08  1.34780565e-311 
 1.38585000e-08  1.41417864e-311 
 1.38595000e-08  1.34780565e-311 
 1.38605000e-08  1.41417864e-311 
 1.38615000e-08  1.34780565e-311 
 1.38625000e-08  1.41417864e-311 
 1.38635000e-08  1.34780565e-311 
 1.38645000e-08  1.41417864e-311 
 1.38655000e-08  1.34780565e-311 
 1.38665000e-08  1.41417864e-311 
 1.38675000e-08  1.34780565e-311 
 1.38685000e-08  1.41417864e-311 
 1.38695000e-08  1.34780565e-311 
 1.38705000e-08  1.41417864e-311 
 1.38715000e-08  1.34780565e-311 
 1.38725000e-08  1.41417864e-311 
 1.38735000e-08  1.34780565e-311 
 1.38745000e-08  1.41417864e-311 
 1.38755000e-08  1.34780565e-311 
 1.38765000e-08  1.41417864e-311 
 1.38775000e-08  1.34780565e-311 
 1.38785000e-08  1.41417864e-311 
 1.38795000e-08  1.34780565e-311 
 1.38805000e-08  1.41417864e-311 
 1.38815000e-08  1.34780565e-311 
 1.38825000e-08  1.41417864e-311 
 1.38835000e-08  1.34780565e-311 
 1.38845000e-08  1.41417864e-311 
 1.38855000e-08  1.34780565e-311 
 1.38865000e-08  1.41417864e-311 
 1.38875000e-08  1.34780565e-311 
 1.38885000e-08  1.41417864e-311 
 1.38895000e-08  1.34780565e-311 
 1.38905000e-08  1.41417864e-311 
 1.38915000e-08  1.34780565e-311 
 1.38925000e-08  1.41417864e-311 
 1.38935000e-08  1.34780565e-311 
 1.38945000e-08  1.41417864e-311 
 1.38955000e-08  1.34780565e-311 
 1.38965000e-08  1.41417864e-311 
 1.38975000e-08  1.34780565e-311 
 1.38985000e-08  1.41417864e-311 
 1.38995000e-08  1.34780565e-311 
 1.39005000e-08  1.41417864e-311 
 1.39015000e-08  1.34780565e-311 
 1.39025000e-08  1.41417864e-311 
 1.39035000e-08  1.34780565e-311 
 1.39045000e-08  1.41417864e-311 
 1.39055000e-08  1.34780565e-311 
 1.39065000e-08  1.41417864e-311 
 1.39075000e-08  1.34780565e-311 
 1.39085000e-08  1.41417864e-311 
 1.39095000e-08  1.34780565e-311 
 1.39105000e-08  1.41417864e-311 
 1.39115000e-08  1.34780565e-311 
 1.39125000e-08  1.41417864e-311 
 1.39135000e-08  1.34780565e-311 
 1.39145000e-08  1.41417864e-311 
 1.39155000e-08  1.34780565e-311 
 1.39165000e-08  1.41417864e-311 
 1.39175000e-08  1.34780565e-311 
 1.39185000e-08  1.41417864e-311 
 1.39195000e-08  1.34780565e-311 
 1.39205000e-08  1.41417864e-311 
 1.39215000e-08  1.34780565e-311 
 1.39225000e-08  1.41417864e-311 
 1.39235000e-08  1.34780565e-311 
 1.39245000e-08  1.41417864e-311 
 1.39255000e-08  1.34780565e-311 
 1.39265000e-08  1.41417864e-311 
 1.39275000e-08  1.34780565e-311 
 1.39285000e-08  1.41417864e-311 
 1.39295000e-08  1.34780565e-311 
 1.39305000e-08  1.41417864e-311 
 1.39315000e-08  1.34780565e-311 
 1.39325000e-08  1.41417864e-311 
 1.39335000e-08  1.34780565e-311 
 1.39345000e-08  1.41417864e-311 
 1.39355000e-08  1.34780565e-311 
 1.39365000e-08  1.41417864e-311 
 1.39375000e-08  1.34780565e-311 
 1.39385000e-08  1.41417864e-311 
 1.39395000e-08  1.34780565e-311 
 1.39405000e-08  1.41417864e-311 
 1.39415000e-08  1.34780565e-311 
 1.39425000e-08  1.41417864e-311 
 1.39435000e-08  1.34780565e-311 
 1.39445000e-08  1.41417864e-311 
 1.39455000e-08  1.34780565e-311 
 1.39465000e-08  1.41417864e-311 
 1.39475000e-08  1.34780565e-311 
 1.39485000e-08  1.41417864e-311 
 1.39495000e-08  1.34780565e-311 
 1.39505000e-08  1.41417864e-311 
 1.39515000e-08  1.34780565e-311 
 1.39525000e-08  1.41417864e-311 
 1.39535000e-08  1.34780565e-311 
 1.39545000e-08  1.41417864e-311 
 1.39555000e-08  1.34780565e-311 
 1.39565000e-08  1.41417864e-311 
 1.39575000e-08  1.34780565e-311 
 1.39585000e-08  1.41417864e-311 
 1.39595000e-08  1.34780565e-311 
 1.39605000e-08  1.41417864e-311 
 1.39615000e-08  1.34780565e-311 
 1.39625000e-08  1.41417864e-311 
 1.39635000e-08  1.34780565e-311 
 1.39645000e-08  1.41417864e-311 
 1.39655000e-08  1.34780565e-311 
 1.39665000e-08  1.41417864e-311 
 1.39675000e-08  1.34780565e-311 
 1.39685000e-08  1.41417864e-311 
 1.39695000e-08  1.34780565e-311 
 1.39705000e-08  1.41417864e-311 
 1.39715000e-08  1.34780565e-311 
 1.39725000e-08  1.41417864e-311 
 1.39735000e-08  1.34780565e-311 
 1.39745000e-08  1.41417864e-311 
 1.39755000e-08  1.34780565e-311 
 1.39765000e-08  1.41417864e-311 
 1.39775000e-08  1.34780565e-311 
 1.39785000e-08  1.41417864e-311 
 1.39795000e-08  1.34780565e-311 
 1.39805000e-08  1.41417864e-311 
 1.39815000e-08  1.34780565e-311 
 1.39825000e-08  1.41417864e-311 
 1.39835000e-08  1.34780565e-311 
 1.39845000e-08  1.41417864e-311 
 1.39855000e-08  1.34780565e-311 
 1.39865000e-08  1.41417864e-311 
 1.39875000e-08  1.34780565e-311 
 1.39885000e-08  1.41417864e-311 
 1.39895000e-08  1.34780565e-311 
 1.39905000e-08  1.41417864e-311 
 1.39915000e-08  1.34780565e-311 
 1.39925000e-08  1.41417864e-311 
 1.39935000e-08  1.34780565e-311 
 1.39945000e-08  1.41417864e-311 
 1.39955000e-08  1.34780565e-311 
 1.39965000e-08  1.41417864e-311 
 1.39975000e-08  1.34780565e-311 
 1.39985000e-08  1.41417864e-311 
 1.39995000e-08  1.34780565e-311 
 1.40005000e-08  1.41417864e-311 
 1.40015000e-08  1.34780565e-311 
 1.40025000e-08  1.41417864e-311 
 1.40035000e-08  1.34780565e-311 
 1.40045000e-08  1.41417864e-311 
 1.40055000e-08  1.34780565e-311 
 1.40065000e-08  1.41417864e-311 
 1.40075000e-08  1.34780565e-311 
 1.40085000e-08  1.41417864e-311 
 1.40095000e-08  1.34780565e-311 
 1.40105000e-08  1.41417864e-311 
 1.40115000e-08  1.34780565e-311 
 1.40125000e-08  1.41417864e-311 
 1.40135000e-08  1.34780565e-311 
 1.40145000e-08  1.41417864e-311 
 1.40155000e-08  1.34780565e-311 
 1.40165000e-08  1.41417864e-311 
 1.40175000e-08  1.34780565e-311 
 1.40185000e-08  1.41417864e-311 
 1.40195000e-08  1.34780565e-311 
 1.40205000e-08  1.41417864e-311 
 1.40215000e-08  1.34780565e-311 
 1.40225000e-08  1.41417864e-311 
 1.40235000e-08  1.34780565e-311 
 1.40245000e-08  1.41417864e-311 
 1.40255000e-08  1.34780565e-311 
 1.40265000e-08  1.41417864e-311 
 1.40275000e-08  1.34780565e-311 
 1.40285000e-08  1.41417864e-311 
 1.40295000e-08  1.34780565e-311 
 1.40305000e-08  1.41417864e-311 
 1.40315000e-08  1.34780565e-311 
 1.40325000e-08  1.41417864e-311 
 1.40335000e-08  1.34780565e-311 
 1.40345000e-08  1.41417864e-311 
 1.40355000e-08  1.34780565e-311 
 1.40365000e-08  1.41417864e-311 
 1.40375000e-08  1.34780565e-311 
 1.40385000e-08  1.41417864e-311 
 1.40395000e-08  1.34780565e-311 
 1.40405000e-08  1.41417864e-311 
 1.40415000e-08  1.34780565e-311 
 1.40425000e-08  1.41417864e-311 
 1.40435000e-08  1.34780565e-311 
 1.40445000e-08  1.41417864e-311 
 1.40455000e-08  1.34780565e-311 
 1.40465000e-08  1.41417864e-311 
 1.40475000e-08  1.34780565e-311 
 1.40485000e-08  1.41417864e-311 
 1.40495000e-08  1.34780565e-311 
 1.40505000e-08  1.41417864e-311 
 1.40515000e-08  1.34780565e-311 
 1.40525000e-08  1.41417864e-311 
 1.40535000e-08  1.34780565e-311 
 1.40545000e-08  1.41417864e-311 
 1.40555000e-08  1.34780565e-311 
 1.40565000e-08  1.41417864e-311 
 1.40575000e-08  1.34780565e-311 
 1.40585000e-08  1.41417864e-311 
 1.40595000e-08  1.34780565e-311 
 1.40605000e-08  1.41417864e-311 
 1.40615000e-08  1.34780565e-311 
 1.40625000e-08  1.41417864e-311 
 1.40635000e-08  1.34780565e-311 
 1.40645000e-08  1.41417864e-311 
 1.40655000e-08  1.34780565e-311 
 1.40665000e-08  1.41417864e-311 
 1.40675000e-08  1.34780565e-311 
 1.40685000e-08  1.41417864e-311 
 1.40695000e-08  1.34780565e-311 
 1.40705000e-08  1.41417864e-311 
 1.40715000e-08  1.34780565e-311 
 1.40725000e-08  1.41417864e-311 
 1.40735000e-08  1.34780565e-311 
 1.40745000e-08  1.41417864e-311 
 1.40755000e-08  1.34780565e-311 
 1.40765000e-08  1.41417864e-311 
 1.40775000e-08  1.34780565e-311 
 1.40785000e-08  1.41417864e-311 
 1.40795000e-08  1.34780565e-311 
 1.40805000e-08  1.41417864e-311 
 1.40815000e-08  1.34780565e-311 
 1.40825000e-08  1.41417864e-311 
 1.40835000e-08  1.34780565e-311 
 1.40845000e-08  1.41417864e-311 
 1.40855000e-08  1.34780565e-311 
 1.40865000e-08  1.41417864e-311 
 1.40875000e-08  1.34780565e-311 
 1.40885000e-08  1.41417864e-311 
 1.40895000e-08  1.34780565e-311 
 1.40905000e-08  1.41417864e-311 
 1.40915000e-08  1.34780565e-311 
 1.40925000e-08  1.41417864e-311 
 1.40935000e-08  1.34780565e-311 
 1.40945000e-08  1.41417864e-311 
 1.40955000e-08  1.34780565e-311 
 1.40965000e-08  1.41417864e-311 
 1.40975000e-08  1.34780565e-311 
 1.40985000e-08  1.41417864e-311 
 1.40995000e-08  1.34780565e-311 
 1.41005000e-08  1.41417864e-311 
 1.41015000e-08  1.34780565e-311 
 1.41025000e-08  1.41417864e-311 
 1.41035000e-08  1.34780565e-311 
 1.41045000e-08  1.41417864e-311 
 1.41055000e-08  1.34780565e-311 
 1.41065000e-08  1.41417864e-311 
 1.41075000e-08  1.34780565e-311 
 1.41085000e-08  1.41417864e-311 
 1.41095000e-08  1.34780565e-311 
 1.41105000e-08  1.41417864e-311 
 1.41115000e-08  1.34780565e-311 
 1.41125000e-08  1.41417864e-311 
 1.41135000e-08  1.34780565e-311 
 1.41145000e-08  1.41417864e-311 
 1.41155000e-08  1.34780565e-311 
 1.41165000e-08  1.41417864e-311 
 1.41175000e-08  1.34780565e-311 
 1.41185000e-08  1.41417864e-311 
 1.41195000e-08  1.34780565e-311 
 1.41205000e-08  1.41417864e-311 
 1.41215000e-08  1.34780565e-311 
 1.41225000e-08  1.41417864e-311 
 1.41235000e-08  1.34780565e-311 
 1.41245000e-08  1.41417864e-311 
 1.41255000e-08  1.34780565e-311 
 1.41265000e-08  1.41417864e-311 
 1.41275000e-08  1.34780565e-311 
 1.41285000e-08  1.41417864e-311 
 1.41295000e-08  1.34780565e-311 
 1.41305000e-08  1.41417864e-311 
 1.41315000e-08  1.34780565e-311 
 1.41325000e-08  1.41417864e-311 
 1.41335000e-08  1.34780565e-311 
 1.41345000e-08  1.41417864e-311 
 1.41355000e-08  1.34780565e-311 
 1.41365000e-08  1.41417864e-311 
 1.41375000e-08  1.34780565e-311 
 1.41385000e-08  1.41417864e-311 
 1.41395000e-08  1.34780565e-311 
 1.41405000e-08  1.41417864e-311 
 1.41415000e-08  1.34780565e-311 
 1.41425000e-08  1.41417864e-311 
 1.41435000e-08  1.34780565e-311 
 1.41445000e-08  1.41417864e-311 
 1.41455000e-08  1.34780565e-311 
 1.41465000e-08  1.41417864e-311 
 1.41475000e-08  1.34780565e-311 
 1.41485000e-08  1.41417864e-311 
 1.41495000e-08  1.34780565e-311 
 1.41505000e-08  1.41417864e-311 
 1.41515000e-08  1.34780565e-311 
 1.41525000e-08  1.41417864e-311 
 1.41535000e-08  1.34780565e-311 
 1.41545000e-08  1.41417864e-311 
 1.41555000e-08  1.34780565e-311 
 1.41565000e-08  1.41417864e-311 
 1.41575000e-08  1.34780565e-311 
 1.41585000e-08  1.41417864e-311 
 1.41595000e-08  1.34780565e-311 
 1.41605000e-08  1.41417864e-311 
 1.41615000e-08  1.34780565e-311 
 1.41625000e-08  1.41417864e-311 
 1.41635000e-08  1.34780565e-311 
 1.41645000e-08  1.41417864e-311 
 1.41655000e-08  1.34780565e-311 
 1.41665000e-08  1.41417864e-311 
 1.41675000e-08  1.34780565e-311 
 1.41685000e-08  1.41417864e-311 
 1.41695000e-08  1.34780565e-311 
 1.41705000e-08  1.41417864e-311 
 1.41715000e-08  1.34780565e-311 
 1.41725000e-08  1.41417864e-311 
 1.41735000e-08  1.34780565e-311 
 1.41745000e-08  1.41417864e-311 
 1.41755000e-08  1.34780565e-311 
 1.41765000e-08  1.41417864e-311 
 1.41775000e-08  1.34780565e-311 
 1.41785000e-08  1.41417864e-311 
 1.41795000e-08  1.34780565e-311 
 1.41805000e-08  1.41417864e-311 
 1.41815000e-08  1.34780565e-311 
 1.41825000e-08  1.41417864e-311 
 1.41835000e-08  1.34780565e-311 
 1.41845000e-08  1.41417864e-311 
 1.41855000e-08  1.34780565e-311 
 1.41865000e-08  1.41417864e-311 
 1.41875000e-08  1.34780565e-311 
 1.41885000e-08  1.41417864e-311 
 1.41895000e-08  1.34780565e-311 
 1.41905000e-08  1.41417864e-311 
 1.41915000e-08  1.34780565e-311 
 1.41925000e-08  1.41417864e-311 
 1.41935000e-08  1.34780565e-311 
 1.41945000e-08  1.41417864e-311 
 1.41955000e-08  1.34780565e-311 
 1.41965000e-08  1.41417864e-311 
 1.41975000e-08  1.34780565e-311 
 1.41985000e-08  1.41417864e-311 
 1.41995000e-08  1.34780565e-311 
 1.42005000e-08  1.41417864e-311 
 1.42015000e-08  1.34780565e-311 
 1.42025000e-08  1.41417864e-311 
 1.42035000e-08  1.34780565e-311 
 1.42045000e-08  1.41417864e-311 
 1.42055000e-08  1.34780565e-311 
 1.42065000e-08  1.41417864e-311 
 1.42075000e-08  1.34780565e-311 
 1.42085000e-08  1.41417864e-311 
 1.42095000e-08  1.34780565e-311 
 1.42105000e-08  1.41417864e-311 
 1.42115000e-08  1.34780565e-311 
 1.42125000e-08  1.41417864e-311 
 1.42135000e-08  1.34780565e-311 
 1.42145000e-08  1.41417864e-311 
 1.42155000e-08  1.34780565e-311 
 1.42165000e-08  1.41417864e-311 
 1.42175000e-08  1.34780565e-311 
 1.42185000e-08  1.41417864e-311 
 1.42195000e-08  1.34780565e-311 
 1.42205000e-08  1.41417864e-311 
 1.42215000e-08  1.34780565e-311 
 1.42225000e-08  1.41417864e-311 
 1.42235000e-08  1.34780565e-311 
 1.42245000e-08  1.41417864e-311 
 1.42255000e-08  1.34780565e-311 
 1.42265000e-08  1.41417864e-311 
 1.42275000e-08  1.34780565e-311 
 1.42285000e-08  1.41417864e-311 
 1.42295000e-08  1.34780565e-311 
 1.42305000e-08  1.41417864e-311 
 1.42315000e-08  1.34780565e-311 
 1.42325000e-08  1.41417864e-311 
 1.42335000e-08  1.34780565e-311 
 1.42345000e-08  1.41417864e-311 
 1.42355000e-08  1.34780565e-311 
 1.42365000e-08  1.41417864e-311 
 1.42375000e-08  1.34780565e-311 
 1.42385000e-08  1.41417864e-311 
 1.42395000e-08  1.34780565e-311 
 1.42405000e-08  1.41417864e-311 
 1.42415000e-08  1.34780565e-311 
 1.42425000e-08  1.41417864e-311 
 1.42435000e-08  1.34780565e-311 
 1.42445000e-08  1.41417864e-311 
 1.42455000e-08  1.34780565e-311 
 1.42465000e-08  1.41417864e-311 
 1.42475000e-08  1.34780565e-311 
 1.42485000e-08  1.41417864e-311 
 1.42495000e-08  1.34780565e-311 
 1.42505000e-08  1.41417864e-311 
 1.42515000e-08  1.34780565e-311 
 1.42525000e-08  1.41417864e-311 
 1.42535000e-08  1.34780565e-311 
 1.42545000e-08  1.41417864e-311 
 1.42555000e-08  1.34780565e-311 
 1.42565000e-08  1.41417864e-311 
 1.42575000e-08  1.34780565e-311 
 1.42585000e-08  1.41417864e-311 
 1.42595000e-08  1.34780565e-311 
 1.42605000e-08  1.41417864e-311 
 1.42615000e-08  1.34780565e-311 
 1.42625000e-08  1.41417864e-311 
 1.42635000e-08  1.34780565e-311 
 1.42645000e-08  1.41417864e-311 
 1.42655000e-08  1.34780565e-311 
 1.42665000e-08  1.41417864e-311 
 1.42675000e-08  1.34780565e-311 
 1.42685000e-08  1.41417864e-311 
 1.42695000e-08  1.34780565e-311 
 1.42705000e-08  1.41417864e-311 
 1.42715000e-08  1.34780565e-311 
 1.42725000e-08  1.41417864e-311 
 1.42735000e-08  1.34780565e-311 
 1.42745000e-08  1.41417864e-311 
 1.42755000e-08  1.34780565e-311 
 1.42765000e-08  1.41417864e-311 
 1.42775000e-08  1.34780565e-311 
 1.42785000e-08  1.41417864e-311 
 1.42795000e-08  1.34780565e-311 
 1.42805000e-08  1.41417864e-311 
 1.42815000e-08  1.34780565e-311 
 1.42825000e-08  1.41417864e-311 
 1.42835000e-08  1.34780565e-311 
 1.42845000e-08  1.41417864e-311 
 1.42855000e-08  1.34780565e-311 
 1.42865000e-08  1.41417864e-311 
 1.42875000e-08  1.34780565e-311 
 1.42885000e-08  1.41417864e-311 
 1.42895000e-08  1.34780565e-311 
 1.42905000e-08  1.41417864e-311 
 1.42915000e-08  1.34780565e-311 
 1.42925000e-08  1.41417864e-311 
 1.42935000e-08  1.34780565e-311 
 1.42945000e-08  1.41417864e-311 
 1.42955000e-08  1.34780565e-311 
 1.42965000e-08  1.41417864e-311 
 1.42975000e-08  1.34780565e-311 
 1.42985000e-08  1.41417864e-311 
 1.42995000e-08  1.34780565e-311 
 1.43005000e-08  1.41417864e-311 
 1.43015000e-08  1.34780565e-311 
 1.43025000e-08  1.41417864e-311 
 1.43035000e-08  1.34780565e-311 
 1.43045000e-08  1.41417864e-311 
 1.43055000e-08  1.34780565e-311 
 1.43065000e-08  1.41417864e-311 
 1.43075000e-08  1.34780565e-311 
 1.43085000e-08  1.41417864e-311 
 1.43095000e-08  1.34780565e-311 
 1.43105000e-08  1.41417864e-311 
 1.43115000e-08  1.34780565e-311 
 1.43125000e-08  1.41417864e-311 
 1.43135000e-08  1.34780565e-311 
 1.43145000e-08  1.41417864e-311 
 1.43155000e-08  1.34780565e-311 
 1.43165000e-08  1.41417864e-311 
 1.43175000e-08  1.34780565e-311 
 1.43185000e-08  1.41417864e-311 
 1.43195000e-08  1.34780565e-311 
 1.43205000e-08  1.41417864e-311 
 1.43215000e-08  1.34780565e-311 
 1.43225000e-08  1.41417864e-311 
 1.43235000e-08  1.34780565e-311 
 1.43245000e-08  1.41417864e-311 
 1.43255000e-08  1.34780565e-311 
 1.43265000e-08  1.41417864e-311 
 1.43275000e-08  1.34780565e-311 
 1.43285000e-08  1.41417864e-311 
 1.43295000e-08  1.34780565e-311 
 1.43305000e-08  1.41417864e-311 
 1.43315000e-08  1.34780565e-311 
 1.43325000e-08  1.41417864e-311 
 1.43335000e-08  1.34780565e-311 
 1.43345000e-08  1.41417864e-311 
 1.43355000e-08  1.34780565e-311 
 1.43365000e-08  1.41417864e-311 
 1.43375000e-08  1.34780565e-311 
 1.43385000e-08  1.41417864e-311 
 1.43395000e-08  1.34780565e-311 
 1.43405000e-08  1.41417864e-311 
 1.43415000e-08  1.34780565e-311 
 1.43425000e-08  1.41417864e-311 
 1.43435000e-08  1.34780565e-311 
 1.43445000e-08  1.41417864e-311 
 1.43455000e-08  1.34780565e-311 
 1.43465000e-08  1.41417864e-311 
 1.43475000e-08  1.34780565e-311 
 1.43485000e-08  1.41417864e-311 
 1.43495000e-08  1.34780565e-311 
 1.43505000e-08  1.41417864e-311 
 1.43515000e-08  1.34780565e-311 
 1.43525000e-08  1.41417864e-311 
 1.43535000e-08  1.34780565e-311 
 1.43545000e-08  1.41417864e-311 
 1.43555000e-08  1.34780565e-311 
 1.43565000e-08  1.41417864e-311 
 1.43575000e-08  1.34780565e-311 
 1.43585000e-08  1.41417864e-311 
 1.43595000e-08  1.34780565e-311 
 1.43605000e-08  1.41417864e-311 
 1.43615000e-08  1.34780565e-311 
 1.43625000e-08  1.41417864e-311 
 1.43635000e-08  1.34780565e-311 
 1.43645000e-08  1.41417864e-311 
 1.43655000e-08  1.34780565e-311 
 1.43665000e-08  1.41417864e-311 
 1.43675000e-08  1.34780565e-311 
 1.43685000e-08  1.41417864e-311 
 1.43695000e-08  1.34780565e-311 
 1.43705000e-08  1.41417864e-311 
 1.43715000e-08  1.34780565e-311 
 1.43725000e-08  1.41417864e-311 
 1.43735000e-08  1.34780565e-311 
 1.43745000e-08  1.41417864e-311 
 1.43755000e-08  1.34780565e-311 
 1.43765000e-08  1.41417864e-311 
 1.43775000e-08  1.34780565e-311 
 1.43785000e-08  1.41417864e-311 
 1.43795000e-08  1.34780565e-311 
 1.43805000e-08  1.41417864e-311 
 1.43815000e-08  1.34780565e-311 
 1.43825000e-08  1.41417864e-311 
 1.43835000e-08  1.34780565e-311 
 1.43845000e-08  1.41417864e-311 
 1.43855000e-08  1.34780565e-311 
 1.43865000e-08  1.41417864e-311 
 1.43875000e-08  1.34780565e-311 
 1.43885000e-08  1.41417864e-311 
 1.43895000e-08  1.34780565e-311 
 1.43905000e-08  1.41417864e-311 
 1.43915000e-08  1.34780565e-311 
 1.43925000e-08  1.41417864e-311 
 1.43935000e-08  1.34780565e-311 
 1.43945000e-08  1.41417864e-311 
 1.43955000e-08  1.34780565e-311 
 1.43965000e-08  1.41417864e-311 
 1.43975000e-08  1.34780565e-311 
 1.43985000e-08  1.41417864e-311 
 1.43995000e-08  1.34780565e-311 
 1.44005000e-08  1.41417864e-311 
 1.44015000e-08  1.34780565e-311 
 1.44025000e-08  1.41417864e-311 
 1.44035000e-08  1.34780565e-311 
 1.44045000e-08  1.41417864e-311 
 1.44055000e-08  1.34780565e-311 
 1.44065000e-08  1.41417864e-311 
 1.44075000e-08  1.34780565e-311 
 1.44085000e-08  1.41417864e-311 
 1.44095000e-08  1.34780565e-311 
 1.44105000e-08  1.41417864e-311 
 1.44115000e-08  1.34780565e-311 
 1.44125000e-08  1.41417864e-311 
 1.44135000e-08  1.34780565e-311 
 1.44145000e-08  1.41417864e-311 
 1.44155000e-08  1.34780565e-311 
 1.44165000e-08  1.41417864e-311 
 1.44175000e-08  1.34780565e-311 
 1.44185000e-08  1.41417864e-311 
 1.44195000e-08  1.34780565e-311 
 1.44205000e-08  1.41417864e-311 
 1.44215000e-08  1.34780565e-311 
 1.44225000e-08  1.41417864e-311 
 1.44235000e-08  1.34780565e-311 
 1.44245000e-08  1.41417864e-311 
 1.44255000e-08  1.34780565e-311 
 1.44265000e-08  1.41417864e-311 
 1.44275000e-08  1.34780565e-311 
 1.44285000e-08  1.41417864e-311 
 1.44295000e-08  1.34780565e-311 
 1.44305000e-08  1.41417864e-311 
 1.44315000e-08  1.34780565e-311 
 1.44325000e-08  1.41417864e-311 
 1.44335000e-08  1.34780565e-311 
 1.44345000e-08  1.41417864e-311 
 1.44355000e-08  1.34780565e-311 
 1.44365000e-08  1.41417864e-311 
 1.44375000e-08  1.34780565e-311 
 1.44385000e-08  1.41417864e-311 
 1.44395000e-08  1.34780565e-311 
 1.44405000e-08  1.41417864e-311 
 1.44415000e-08  1.34780565e-311 
 1.44425000e-08  1.41417864e-311 
 1.44435000e-08  1.34780565e-311 
 1.44445000e-08  1.41417864e-311 
 1.44455000e-08  1.34780565e-311 
 1.44465000e-08  1.41417864e-311 
 1.44475000e-08  1.34780565e-311 
 1.44485000e-08  1.41417864e-311 
 1.44495000e-08  1.34780565e-311 
 1.44505000e-08  1.41417864e-311 
 1.44515000e-08  1.34780565e-311 
 1.44525000e-08  1.41417864e-311 
 1.44535000e-08  1.34780565e-311 
 1.44545000e-08  1.41417864e-311 
 1.44555000e-08  1.34780565e-311 
 1.44565000e-08  1.41417864e-311 
 1.44575000e-08  1.34780565e-311 
 1.44585000e-08  1.41417864e-311 
 1.44595000e-08  1.34780565e-311 
 1.44605000e-08  1.41417864e-311 
 1.44615000e-08  1.34780565e-311 
 1.44625000e-08  1.41417864e-311 
 1.44635000e-08  1.34780565e-311 
 1.44645000e-08  1.41417864e-311 
 1.44655000e-08  1.34780565e-311 
 1.44665000e-08  1.41417864e-311 
 1.44675000e-08  1.34780565e-311 
 1.44685000e-08  1.41417864e-311 
 1.44695000e-08  1.34780565e-311 
 1.44705000e-08  1.41417864e-311 
 1.44715000e-08  1.34780565e-311 
 1.44725000e-08  1.41417864e-311 
 1.44735000e-08  1.34780565e-311 
 1.44745000e-08  1.41417864e-311 
 1.44755000e-08  1.34780565e-311 
 1.44765000e-08  1.41417864e-311 
 1.44775000e-08  1.34780565e-311 
 1.44785000e-08  1.41417864e-311 
 1.44795000e-08  1.34780565e-311 
 1.44805000e-08  1.41417864e-311 
 1.44815000e-08  1.34780565e-311 
 1.44825000e-08  1.41417864e-311 
 1.44835000e-08  1.34780565e-311 
 1.44845000e-08  1.41417864e-311 
 1.44855000e-08  1.34780565e-311 
 1.44865000e-08  1.41417864e-311 
 1.44875000e-08  1.34780565e-311 
 1.44885000e-08  1.41417864e-311 
 1.44895000e-08  1.34780565e-311 
 1.44905000e-08  1.41417864e-311 
 1.44915000e-08  1.34780565e-311 
 1.44925000e-08  1.41417864e-311 
 1.44935000e-08  1.34780565e-311 
 1.44945000e-08  1.41417864e-311 
 1.44955000e-08  1.34780565e-311 
 1.44965000e-08  1.41417864e-311 
 1.44975000e-08  1.34780565e-311 
 1.44985000e-08  1.41417864e-311 
 1.44995000e-08  1.34780565e-311 
 1.45005000e-08  1.41417864e-311 
 1.45015000e-08  1.34780565e-311 
 1.45025000e-08  1.41417864e-311 
 1.45035000e-08  1.34780565e-311 
 1.45045000e-08  1.41417864e-311 
 1.45055000e-08  1.34780565e-311 
 1.45065000e-08  1.41417864e-311 
 1.45075000e-08  1.34780565e-311 
 1.45085000e-08  1.41417864e-311 
 1.45095000e-08  1.34780565e-311 
 1.45105000e-08  1.41417864e-311 
 1.45115000e-08  1.34780565e-311 
 1.45125000e-08  1.41417864e-311 
 1.45135000e-08  1.34780565e-311 
 1.45145000e-08  1.41417864e-311 
 1.45155000e-08  1.34780565e-311 
 1.45165000e-08  1.41417864e-311 
 1.45175000e-08  1.34780565e-311 
 1.45185000e-08  1.41417864e-311 
 1.45195000e-08  1.34780565e-311 
 1.45205000e-08  1.41417864e-311 
 1.45215000e-08  1.34780565e-311 
 1.45225000e-08  1.41417864e-311 
 1.45235000e-08  1.34780565e-311 
 1.45245000e-08  1.41417864e-311 
 1.45255000e-08  1.34780565e-311 
 1.45265000e-08  1.41417864e-311 
 1.45275000e-08  1.34780565e-311 
 1.45285000e-08  1.41417864e-311 
 1.45295000e-08  1.34780565e-311 
 1.45305000e-08  1.41417864e-311 
 1.45315000e-08  1.34780565e-311 
 1.45325000e-08  1.41417864e-311 
 1.45335000e-08  1.34780565e-311 
 1.45345000e-08  1.41417864e-311 
 1.45355000e-08  1.34780565e-311 
 1.45365000e-08  1.41417864e-311 
 1.45375000e-08  1.34780565e-311 
 1.45385000e-08  1.41417864e-311 
 1.45395000e-08  1.34780565e-311 
 1.45405000e-08  1.41417864e-311 
 1.45415000e-08  1.34780565e-311 
 1.45425000e-08  1.41417864e-311 
 1.45435000e-08  1.34780565e-311 
 1.45445000e-08  1.41417864e-311 
 1.45455000e-08  1.34780565e-311 
 1.45465000e-08  1.41417864e-311 
 1.45475000e-08  1.34780565e-311 
 1.45485000e-08  1.41417864e-311 
 1.45495000e-08  1.34780565e-311 
 1.45505000e-08  1.41417864e-311 
 1.45515000e-08  1.34780565e-311 
 1.45525000e-08  1.41417864e-311 
 1.45535000e-08  1.34780565e-311 
 1.45545000e-08  1.41417864e-311 
 1.45555000e-08  1.34780565e-311 
 1.45565000e-08  1.41417864e-311 
 1.45575000e-08  1.34780565e-311 
 1.45585000e-08  1.41417864e-311 
 1.45595000e-08  1.34780565e-311 
 1.45605000e-08  1.41417864e-311 
 1.45615000e-08  1.34780565e-311 
 1.45625000e-08  1.41417864e-311 
 1.45635000e-08  1.34780565e-311 
 1.45645000e-08  1.41417864e-311 
 1.45655000e-08  1.34780565e-311 
 1.45665000e-08  1.41417864e-311 
 1.45675000e-08  1.34780565e-311 
 1.45685000e-08  1.41417864e-311 
 1.45695000e-08  1.34780565e-311 
 1.45705000e-08  1.41417864e-311 
 1.45715000e-08  1.34780565e-311 
 1.45725000e-08  1.41417864e-311 
 1.45735000e-08  1.34780565e-311 
 1.45745000e-08  1.41417864e-311 
 1.45755000e-08  1.34780565e-311 
 1.45765000e-08  1.41417864e-311 
 1.45775000e-08  1.34780565e-311 
 1.45785000e-08  1.41417864e-311 
 1.45795000e-08  1.34780565e-311 
 1.45805000e-08  1.41417864e-311 
 1.45815000e-08  1.34780565e-311 
 1.45825000e-08  1.41417864e-311 
 1.45835000e-08  1.34780565e-311 
 1.45845000e-08  1.41417864e-311 
 1.45855000e-08  1.34780565e-311 
 1.45865000e-08  1.41417864e-311 
 1.45875000e-08  1.34780565e-311 
 1.45885000e-08  1.41417864e-311 
 1.45895000e-08  1.34780565e-311 
 1.45905000e-08  1.41417864e-311 
 1.45915000e-08  1.34780565e-311 
 1.45925000e-08  1.41417864e-311 
 1.45935000e-08  1.34780565e-311 
 1.45945000e-08  1.41417864e-311 
 1.45955000e-08  1.34780565e-311 
 1.45965000e-08  1.41417864e-311 
 1.45975000e-08  1.34780565e-311 
 1.45985000e-08  1.41417864e-311 
 1.45995000e-08  1.34780565e-311 
 1.46005000e-08  1.41417864e-311 
 1.46015000e-08  1.34780565e-311 
 1.46025000e-08  1.41417864e-311 
 1.46035000e-08  1.34780565e-311 
 1.46045000e-08  1.41417864e-311 
 1.46055000e-08  1.34780565e-311 
 1.46065000e-08  1.41417864e-311 
 1.46075000e-08  1.34780565e-311 
 1.46085000e-08  1.41417864e-311 
 1.46095000e-08  1.34780565e-311 
 1.46105000e-08  1.41417864e-311 
 1.46115000e-08  1.34780565e-311 
 1.46125000e-08  1.41417864e-311 
 1.46135000e-08  1.34780565e-311 
 1.46145000e-08  1.41417864e-311 
 1.46155000e-08  1.34780565e-311 
 1.46165000e-08  1.41417864e-311 
 1.46175000e-08  1.34780565e-311 
 1.46185000e-08  1.41417864e-311 
 1.46195000e-08  1.34780565e-311 
 1.46205000e-08  1.41417864e-311 
 1.46215000e-08  1.34780565e-311 
 1.46225000e-08  1.41417864e-311 
 1.46235000e-08  1.34780565e-311 
 1.46245000e-08  1.41417864e-311 
 1.46255000e-08  1.34780565e-311 
 1.46265000e-08  1.41417864e-311 
 1.46275000e-08  1.34780565e-311 
 1.46285000e-08  1.41417864e-311 
 1.46295000e-08  1.34780565e-311 
 1.46305000e-08  1.41417864e-311 
 1.46315000e-08  1.34780565e-311 
 1.46325000e-08  1.41417864e-311 
 1.46335000e-08  1.34780565e-311 
 1.46345000e-08  1.41417864e-311 
 1.46355000e-08  1.34780565e-311 
 1.46365000e-08  1.41417864e-311 
 1.46375000e-08  1.34780565e-311 
 1.46385000e-08  1.41417864e-311 
 1.46395000e-08  1.34780565e-311 
 1.46405000e-08  1.41417864e-311 
 1.46415000e-08  1.34780565e-311 
 1.46425000e-08  1.41417864e-311 
 1.46435000e-08  1.34780565e-311 
 1.46445000e-08  1.41417864e-311 
 1.46455000e-08  1.34780565e-311 
 1.46465000e-08  1.41417864e-311 
 1.46475000e-08  1.34780565e-311 
 1.46485000e-08  1.41417864e-311 
 1.46495000e-08  1.34780565e-311 
 1.46505000e-08  1.41417864e-311 
 1.46515000e-08  1.34780565e-311 
 1.46525000e-08  1.41417864e-311 
 1.46535000e-08  1.34780565e-311 
 1.46545000e-08  1.41417864e-311 
 1.46555000e-08  1.34780565e-311 
 1.46565000e-08  1.41417864e-311 
 1.46575000e-08  1.34780565e-311 
 1.46585000e-08  1.41417864e-311 
 1.46595000e-08  1.34780565e-311 
 1.46605000e-08  1.41417864e-311 
 1.46615000e-08  1.34780565e-311 
 1.46625000e-08  1.41417864e-311 
 1.46635000e-08  1.34780565e-311 
 1.46645000e-08  1.41417864e-311 
 1.46655000e-08  1.34780565e-311 
 1.46665000e-08  1.41417864e-311 
 1.46675000e-08  1.34780565e-311 
 1.46685000e-08  1.41417864e-311 
 1.46695000e-08  1.34780565e-311 
 1.46705000e-08  1.41417864e-311 
 1.46715000e-08  1.34780565e-311 
 1.46725000e-08  1.41417864e-311 
 1.46735000e-08  1.34780565e-311 
 1.46745000e-08  1.41417864e-311 
 1.46755000e-08  1.34780565e-311 
 1.46765000e-08  1.41417864e-311 
 1.46775000e-08  1.34780565e-311 
 1.46785000e-08  1.41417864e-311 
 1.46795000e-08  1.34780565e-311 
 1.46805000e-08  1.41417864e-311 
 1.46815000e-08  1.34780565e-311 
 1.46825000e-08  1.41417864e-311 
 1.46835000e-08  1.34780565e-311 
 1.46845000e-08  1.41417864e-311 
 1.46855000e-08  1.34780565e-311 
 1.46865000e-08  1.41417864e-311 
 1.46875000e-08  1.34780565e-311 
 1.46885000e-08  1.41417864e-311 
 1.46895000e-08  1.34780565e-311 
 1.46905000e-08  1.41417864e-311 
 1.46915000e-08  1.34780565e-311 
 1.46925000e-08  1.41417864e-311 
 1.46935000e-08  1.34780565e-311 
 1.46945000e-08  1.41417864e-311 
 1.46955000e-08  1.34780565e-311 
 1.46965000e-08  1.41417864e-311 
 1.46975000e-08  1.34780565e-311 
 1.46985000e-08  1.41417864e-311 
 1.46995000e-08  1.34780565e-311 
 1.47005000e-08  1.41417864e-311 
 1.47015000e-08  1.34780565e-311 
 1.47025000e-08  1.41417864e-311 
 1.47035000e-08  1.34780565e-311 
 1.47045000e-08  1.41417864e-311 
 1.47055000e-08  1.34780565e-311 
 1.47065000e-08  1.41417864e-311 
 1.47075000e-08  1.34780565e-311 
 1.47085000e-08  1.41417864e-311 
 1.47095000e-08  1.34780565e-311 
 1.47105000e-08  1.41417864e-311 
 1.47115000e-08  1.34780565e-311 
 1.47125000e-08  1.41417864e-311 
 1.47135000e-08  1.34780565e-311 
 1.47145000e-08  1.41417864e-311 
 1.47155000e-08  1.34780565e-311 
 1.47165000e-08  1.41417864e-311 
 1.47175000e-08  1.34780565e-311 
 1.47185000e-08  1.41417864e-311 
 1.47195000e-08  1.34780565e-311 
 1.47205000e-08  1.41417864e-311 
 1.47215000e-08  1.34780565e-311 
 1.47225000e-08  1.41417864e-311 
 1.47235000e-08  1.34780565e-311 
 1.47245000e-08  1.41417864e-311 
 1.47255000e-08  1.34780565e-311 
 1.47265000e-08  1.41417864e-311 
 1.47275000e-08  1.34780565e-311 
 1.47285000e-08  1.41417864e-311 
 1.47295000e-08  1.34780565e-311 
 1.47305000e-08  1.41417864e-311 
 1.47315000e-08  1.34780565e-311 
 1.47325000e-08  1.41417864e-311 
 1.47335000e-08  1.34780565e-311 
 1.47345000e-08  1.41417864e-311 
 1.47355000e-08  1.34780565e-311 
 1.47365000e-08  1.41417864e-311 
 1.47375000e-08  1.34780565e-311 
 1.47385000e-08  1.41417864e-311 
 1.47395000e-08  1.34780565e-311 
 1.47405000e-08  1.41417864e-311 
 1.47415000e-08  1.34780565e-311 
 1.47425000e-08  1.41417864e-311 
 1.47435000e-08  1.34780565e-311 
 1.47445000e-08  1.41417864e-311 
 1.47455000e-08  1.34780565e-311 
 1.47465000e-08  1.41417864e-311 
 1.47475000e-08  1.34780565e-311 
 1.47485000e-08  1.41417864e-311 
 1.47495000e-08  1.34780565e-311 
 1.47505000e-08  1.41417864e-311 
 1.47515000e-08  1.34780565e-311 
 1.47525000e-08  1.41417864e-311 
 1.47535000e-08  1.34780565e-311 
 1.47545000e-08  1.41417864e-311 
 1.47555000e-08  1.34780565e-311 
 1.47565000e-08  1.41417864e-311 
 1.47575000e-08  1.34780565e-311 
 1.47585000e-08  1.41417864e-311 
 1.47595000e-08  1.34780565e-311 
 1.47605000e-08  1.41417864e-311 
 1.47615000e-08  1.34780565e-311 
 1.47625000e-08  1.41417864e-311 
 1.47635000e-08  1.34780565e-311 
 1.47645000e-08  1.41417864e-311 
 1.47655000e-08  1.34780565e-311 
 1.47665000e-08  1.41417864e-311 
 1.47675000e-08  1.34780565e-311 
 1.47685000e-08  1.41417864e-311 
 1.47695000e-08  1.34780565e-311 
 1.47705000e-08  1.41417864e-311 
 1.47715000e-08  1.34780565e-311 
 1.47725000e-08  1.41417864e-311 
 1.47735000e-08  1.34780565e-311 
 1.47745000e-08  1.41417864e-311 
 1.47755000e-08  1.34780565e-311 
 1.47765000e-08  1.41417864e-311 
 1.47775000e-08  1.34780565e-311 
 1.47785000e-08  1.41417864e-311 
 1.47795000e-08  1.34780565e-311 
 1.47805000e-08  1.41417864e-311 
 1.47815000e-08  1.34780565e-311 
 1.47825000e-08  1.41417864e-311 
 1.47835000e-08  1.34780565e-311 
 1.47845000e-08  1.41417864e-311 
 1.47855000e-08  1.34780565e-311 
 1.47865000e-08  1.41417864e-311 
 1.47875000e-08  1.34780565e-311 
 1.47885000e-08  1.41417864e-311 
 1.47895000e-08  1.34780565e-311 
 1.47905000e-08  1.41417864e-311 
 1.47915000e-08  1.34780565e-311 
 1.47925000e-08  1.41417864e-311 
 1.47935000e-08  1.34780565e-311 
 1.47945000e-08  1.41417864e-311 
 1.47955000e-08  1.34780565e-311 
 1.47965000e-08  1.41417864e-311 
 1.47975000e-08  1.34780565e-311 
 1.47985000e-08  1.41417864e-311 
 1.47995000e-08  1.34780565e-311 
 1.48005000e-08  1.41417864e-311 
 1.48015000e-08  1.34780565e-311 
 1.48025000e-08  1.41417864e-311 
 1.48035000e-08  1.34780565e-311 
 1.48045000e-08  1.41417864e-311 
 1.48055000e-08  1.34780565e-311 
 1.48065000e-08  1.41417864e-311 
 1.48075000e-08  1.34780565e-311 
 1.48085000e-08  1.41417864e-311 
 1.48095000e-08  1.34780565e-311 
 1.48105000e-08  1.41417864e-311 
 1.48115000e-08  1.34780565e-311 
 1.48125000e-08  1.41417864e-311 
 1.48135000e-08  1.34780565e-311 
 1.48145000e-08  1.41417864e-311 
 1.48155000e-08  1.34780565e-311 
 1.48165000e-08  1.41417864e-311 
 1.48175000e-08  1.34780565e-311 
 1.48185000e-08  1.41417864e-311 
 1.48195000e-08  1.34780565e-311 
 1.48205000e-08  1.41417864e-311 
 1.48215000e-08  1.34780565e-311 
 1.48225000e-08  1.41417864e-311 
 1.48235000e-08  1.34780565e-311 
 1.48245000e-08  1.41417864e-311 
 1.48255000e-08  1.34780565e-311 
 1.48265000e-08  1.41417864e-311 
 1.48275000e-08  1.34780565e-311 
 1.48285000e-08  1.41417864e-311 
 1.48295000e-08  1.34780565e-311 
 1.48305000e-08  1.41417864e-311 
 1.48315000e-08  1.34780565e-311 
 1.48325000e-08  1.41417864e-311 
 1.48335000e-08  1.34780565e-311 
 1.48345000e-08  1.41417864e-311 
 1.48355000e-08  1.34780565e-311 
 1.48365000e-08  1.41417864e-311 
 1.48375000e-08  1.34780565e-311 
 1.48385000e-08  1.41417864e-311 
 1.48395000e-08  1.34780565e-311 
 1.48405000e-08  1.41417864e-311 
 1.48415000e-08  1.34780565e-311 
 1.48425000e-08  1.41417864e-311 
 1.48435000e-08  1.34780565e-311 
 1.48445000e-08  1.41417864e-311 
 1.48455000e-08  1.34780565e-311 
 1.48465000e-08  1.41417864e-311 
 1.48475000e-08  1.34780565e-311 
 1.48485000e-08  1.41417864e-311 
 1.48495000e-08  1.34780565e-311 
 1.48505000e-08  1.41417864e-311 
 1.48515000e-08  1.34780565e-311 
 1.48525000e-08  1.41417864e-311 
 1.48535000e-08  1.34780565e-311 
 1.48545000e-08  1.41417864e-311 
 1.48555000e-08  1.34780565e-311 
 1.48565000e-08  1.41417864e-311 
 1.48575000e-08  1.34780565e-311 
 1.48585000e-08  1.41417864e-311 
 1.48595000e-08  1.34780565e-311 
 1.48605000e-08  1.41417864e-311 
 1.48615000e-08  1.34780565e-311 
 1.48625000e-08  1.41417864e-311 
 1.48635000e-08  1.34780565e-311 
 1.48645000e-08  1.41417864e-311 
 1.48655000e-08  1.34780565e-311 
 1.48665000e-08  1.41417864e-311 
 1.48675000e-08  1.34780565e-311 
 1.48685000e-08  1.41417864e-311 
 1.48695000e-08  1.34780565e-311 
 1.48705000e-08  1.41417864e-311 
 1.48715000e-08  1.34780565e-311 
 1.48725000e-08  1.41417864e-311 
 1.48735000e-08  1.34780565e-311 
 1.48745000e-08  1.41417864e-311 
 1.48755000e-08  1.34780565e-311 
 1.48765000e-08  1.41417864e-311 
 1.48775000e-08  1.34780565e-311 
 1.48785000e-08  1.41417864e-311 
 1.48795000e-08  1.34780565e-311 
 1.48805000e-08  1.41417864e-311 
 1.48815000e-08  1.34780565e-311 
 1.48825000e-08  1.41417864e-311 
 1.48835000e-08  1.34780565e-311 
 1.48845000e-08  1.41417864e-311 
 1.48855000e-08  1.34780565e-311 
 1.48865000e-08  1.41417864e-311 
 1.48875000e-08  1.34780565e-311 
 1.48885000e-08  1.41417864e-311 
 1.48895000e-08  1.34780565e-311 
 1.48905000e-08  1.41417864e-311 
 1.48915000e-08  1.34780565e-311 
 1.48925000e-08  1.41417864e-311 
 1.48935000e-08  1.34780565e-311 
 1.48945000e-08  1.41417864e-311 
 1.48955000e-08  1.34780565e-311 
 1.48965000e-08  1.41417864e-311 
 1.48975000e-08  1.34780565e-311 
 1.48985000e-08  1.41417864e-311 
 1.48995000e-08  1.34780565e-311 
 1.49005000e-08  1.41417864e-311 
 1.49015000e-08  1.34780565e-311 
 1.49025000e-08  1.41417864e-311 
 1.49035000e-08  1.34780565e-311 
 1.49045000e-08  1.41417864e-311 
 1.49055000e-08  1.34780565e-311 
 1.49065000e-08  1.41417864e-311 
 1.49075000e-08  1.34780565e-311 
 1.49085000e-08  1.41417864e-311 
 1.49095000e-08  1.34780565e-311 
 1.49105000e-08  1.41417864e-311 
 1.49115000e-08  1.34780565e-311 
 1.49125000e-08  1.41417864e-311 
 1.49135000e-08  1.34780565e-311 
 1.49145000e-08  1.41417864e-311 
 1.49155000e-08  1.34780565e-311 
 1.49165000e-08  1.41417864e-311 
 1.49175000e-08  1.34780565e-311 
 1.49185000e-08  1.41417864e-311 
 1.49195000e-08  1.34780565e-311 
 1.49205000e-08  1.41417864e-311 
 1.49215000e-08  1.34780565e-311 
 1.49225000e-08  1.41417864e-311 
 1.49235000e-08  1.34780565e-311 
 1.49245000e-08  1.41417864e-311 
 1.49255000e-08  1.34780565e-311 
 1.49265000e-08  1.41417864e-311 
 1.49275000e-08  1.34780565e-311 
 1.49285000e-08  1.41417864e-311 
 1.49295000e-08  1.34780565e-311 
 1.49305000e-08  1.41417864e-311 
 1.49315000e-08  1.34780565e-311 
 1.49325000e-08  1.41417864e-311 
 1.49335000e-08  1.34780565e-311 
 1.49345000e-08  1.41417864e-311 
 1.49355000e-08  1.34780565e-311 
 1.49365000e-08  1.41417864e-311 
 1.49375000e-08  1.34780565e-311 
 1.49385000e-08  1.41417864e-311 
 1.49395000e-08  1.34780565e-311 
 1.49405000e-08  1.41417864e-311 
 1.49415000e-08  1.34780565e-311 
 1.49425000e-08  1.41417864e-311 
 1.49435000e-08  1.34780565e-311 
 1.49445000e-08  1.41417864e-311 
 1.49455000e-08  1.34780565e-311 
 1.49465000e-08  1.41417864e-311 
 1.49475000e-08  1.34780565e-311 
 1.49485000e-08  1.41417864e-311 
 1.49495000e-08  1.34780565e-311 
 1.49505000e-08  1.41417864e-311 
 1.49515000e-08  1.34780565e-311 
 1.49525000e-08  1.41417864e-311 
 1.49535000e-08  1.34780565e-311 
 1.49545000e-08  1.41417864e-311 
 1.49555000e-08  1.34780565e-311 
 1.49565000e-08  1.41417864e-311 
 1.49575000e-08  1.34780565e-311 
 1.49585000e-08  1.41417864e-311 
 1.49595000e-08  1.34780565e-311 
 1.49605000e-08  1.41417864e-311 
 1.49615000e-08  1.34780565e-311 
 1.49625000e-08  1.41417864e-311 
 1.49635000e-08  1.34780565e-311 
 1.49645000e-08  1.41417864e-311 
 1.49655000e-08  1.34780565e-311 
 1.49665000e-08  1.41417864e-311 
 1.49675000e-08  1.34780565e-311 
 1.49685000e-08  1.41417864e-311 
 1.49695000e-08  1.34780565e-311 
 1.49705000e-08  1.41417864e-311 
 1.49715000e-08  1.34780565e-311 
 1.49725000e-08  1.41417864e-311 
 1.49735000e-08  1.34780565e-311 
 1.49745000e-08  1.41417864e-311 
 1.49755000e-08  1.34780565e-311 
 1.49765000e-08  1.41417864e-311 
 1.49775000e-08  1.34780565e-311 
 1.49785000e-08  1.41417864e-311 
 1.49795000e-08  1.34780565e-311 
 1.49805000e-08  1.41417864e-311 
 1.49815000e-08  1.34780565e-311 
 1.49825000e-08  1.41417864e-311 
 1.49835000e-08  1.34780565e-311 
 1.49845000e-08  1.41417864e-311 
 1.49855000e-08  1.34780565e-311 
 1.49865000e-08  1.41417864e-311 
 1.49875000e-08  1.34780565e-311 
 1.49885000e-08  1.41417864e-311 
 1.49895000e-08  1.34780565e-311 
 1.49905000e-08  1.41417864e-311 
 1.49915000e-08  1.34780565e-311 
 1.49925000e-08  1.41417864e-311 
 1.49935000e-08  1.34780565e-311 
 1.49945000e-08  1.41417864e-311 
 1.49955000e-08  1.34780565e-311 
 1.49965000e-08  1.41417864e-311 
 1.49975000e-08  1.34780565e-311 
 1.49985000e-08  1.41417864e-311 
 1.49995000e-08  1.34780565e-311 
 1.50005000e-08  1.41417864e-311 
 1.50015000e-08  1.34780565e-311 
 1.50025000e-08  1.41417864e-311 
 1.50035000e-08  1.34780565e-311 
 1.50045000e-08  1.41417864e-311 
 1.50055000e-08  1.34780565e-311 
 1.50065000e-08  1.41417864e-311 
 1.50075000e-08  1.34780565e-311 
 1.50085000e-08  1.41417864e-311 
 1.50095000e-08  1.34780565e-311 
 1.50105000e-08  1.41417864e-311 
 1.50115000e-08  1.34780565e-311 
 1.50125000e-08  1.41417864e-311 
 1.50135000e-08  1.34780565e-311 
 1.50145000e-08  1.41417864e-311 
 1.50155000e-08  1.34780565e-311 
 1.50165000e-08  1.41417864e-311 
 1.50175000e-08  1.34780565e-311 
 1.50185000e-08  1.41417864e-311 
 1.50195000e-08  1.34780565e-311 
 1.50205000e-08  1.41417864e-311 
 1.50215000e-08  1.34780565e-311 
 1.50225000e-08  1.41417864e-311 
 1.50235000e-08  1.34780565e-311 
 1.50245000e-08  1.41417864e-311 
 1.50255000e-08  1.34780565e-311 
 1.50265000e-08  1.41417864e-311 
 1.50275000e-08  1.34780565e-311 
 1.50285000e-08  1.41417864e-311 
 1.50295000e-08  1.34780565e-311 
 1.50305000e-08  1.41417864e-311 
 1.50315000e-08  1.34780565e-311 
 1.50325000e-08  1.41417864e-311 
 1.50335000e-08  1.34780565e-311 
 1.50345000e-08  1.41417864e-311 
 1.50355000e-08  1.34780565e-311 
 1.50365000e-08  1.41417864e-311 
 1.50375000e-08  1.34780565e-311 
 1.50385000e-08  1.41417864e-311 
 1.50395000e-08  1.34780565e-311 
 1.50405000e-08  1.41417864e-311 
 1.50415000e-08  1.34780565e-311 
 1.50425000e-08  1.41417864e-311 
 1.50435000e-08  1.34780565e-311 
 1.50445000e-08  1.41417864e-311 
 1.50455000e-08  1.34780565e-311 
 1.50465000e-08  1.41417864e-311 
 1.50475000e-08  1.34780565e-311 
 1.50485000e-08  1.41417864e-311 
 1.50495000e-08  1.34780565e-311 
 1.50505000e-08  1.41417864e-311 
 1.50515000e-08  1.34780565e-311 
 1.50525000e-08  1.41417864e-311 
 1.50535000e-08  1.34780565e-311 
 1.50545000e-08  1.41417864e-311 
 1.50555000e-08  1.34780565e-311 
 1.50565000e-08  1.41417864e-311 
 1.50575000e-08  1.34780565e-311 
 1.50585000e-08  1.41417864e-311 
 1.50595000e-08  1.34780565e-311 
 1.50605000e-08  1.41417864e-311 
 1.50615000e-08  1.34780565e-311 
 1.50625000e-08  1.41417864e-311 
 1.50635000e-08  1.34780565e-311 
 1.50645000e-08  1.41417864e-311 
 1.50655000e-08  1.34780565e-311 
 1.50665000e-08  1.41417864e-311 
 1.50675000e-08  1.34780565e-311 
 1.50685000e-08  1.41417864e-311 
 1.50695000e-08  1.34780565e-311 
 1.50705000e-08  1.41417864e-311 
 1.50715000e-08  1.34780565e-311 
 1.50725000e-08  1.41417864e-311 
 1.50735000e-08  1.34780565e-311 
 1.50745000e-08  1.41417864e-311 
 1.50755000e-08  1.34780565e-311 
 1.50765000e-08  1.41417864e-311 
 1.50775000e-08  1.34780565e-311 
 1.50785000e-08  1.41417864e-311 
 1.50795000e-08  1.34780565e-311 
 1.50805000e-08  1.41417864e-311 
 1.50815000e-08  1.34780565e-311 
 1.50825000e-08  1.41417864e-311 
 1.50835000e-08  1.34780565e-311 
 1.50845000e-08  1.41417864e-311 
 1.50855000e-08  1.34780565e-311 
 1.50865000e-08  1.41417864e-311 
 1.50875000e-08  1.34780565e-311 
 1.50885000e-08  1.41417864e-311 
 1.50895000e-08  1.34780565e-311 
 1.50905000e-08  1.41417864e-311 
 1.50915000e-08  1.34780565e-311 
 1.50925000e-08  1.41417864e-311 
 1.50935000e-08  1.34780565e-311 
 1.50945000e-08  1.41417864e-311 
 1.50955000e-08  1.34780565e-311 
 1.50965000e-08  1.41417864e-311 
 1.50975000e-08  1.34780565e-311 
 1.50985000e-08  1.41417864e-311 
 1.50995000e-08  1.34780565e-311 
 1.51005000e-08  1.41417864e-311 
 1.51015000e-08  1.34780565e-311 
 1.51025000e-08  1.41417864e-311 
 1.51035000e-08  1.34780565e-311 
 1.51045000e-08  1.41417864e-311 
 1.51055000e-08  1.34780565e-311 
 1.51065000e-08  1.41417864e-311 
 1.51075000e-08  1.34780565e-311 
 1.51085000e-08  1.41417864e-311 
 1.51095000e-08  1.34780565e-311 
 1.51105000e-08  1.41417864e-311 
 1.51115000e-08  1.34780565e-311 
 1.51125000e-08  1.41417864e-311 
 1.51135000e-08  1.34780565e-311 
 1.51145000e-08  1.41417864e-311 
 1.51155000e-08  1.34780565e-311 
 1.51165000e-08  1.41417864e-311 
 1.51175000e-08  1.34780565e-311 
 1.51185000e-08  1.41417864e-311 
 1.51195000e-08  1.34780565e-311 
 1.51205000e-08  1.41417864e-311 
 1.51215000e-08  1.34780565e-311 
 1.51225000e-08  1.41417864e-311 
 1.51235000e-08  1.34780565e-311 
 1.51245000e-08  1.41417864e-311 
 1.51255000e-08  1.34780565e-311 
 1.51265000e-08  1.41417864e-311 
 1.51275000e-08  1.34780565e-311 
 1.51285000e-08  1.41417864e-311 
 1.51295000e-08  1.34780565e-311 
 1.51305000e-08  1.41417864e-311 
 1.51315000e-08  1.34780565e-311 
 1.51325000e-08  1.41417864e-311 
 1.51335000e-08  1.34780565e-311 
 1.51345000e-08  1.41417864e-311 
 1.51355000e-08  1.34780565e-311 
 1.51365000e-08  1.41417864e-311 
 1.51375000e-08  1.34780565e-311 
 1.51385000e-08  1.41417864e-311 
 1.51395000e-08  1.34780565e-311 
 1.51405000e-08  1.41417864e-311 
 1.51415000e-08  1.34780565e-311 
 1.51425000e-08  1.41417864e-311 
 1.51435000e-08  1.34780565e-311 
 1.51445000e-08  1.41417864e-311 
 1.51455000e-08  1.34780565e-311 
 1.51465000e-08  1.41417864e-311 
 1.51475000e-08  1.34780565e-311 
 1.51485000e-08  1.41417864e-311 
 1.51495000e-08  1.34780565e-311 
 1.51505000e-08  1.41417864e-311 
 1.51515000e-08  1.34780565e-311 
 1.51525000e-08  1.41417864e-311 
 1.51535000e-08  1.34780565e-311 
 1.51545000e-08  1.41417864e-311 
 1.51555000e-08  1.34780565e-311 
 1.51565000e-08  1.41417864e-311 
 1.51575000e-08  1.34780565e-311 
 1.51585000e-08  1.41417864e-311 
 1.51595000e-08  1.34780565e-311 
 1.51605000e-08  1.41417864e-311 
 1.51615000e-08  1.34780565e-311 
 1.51625000e-08  1.41417864e-311 
 1.51635000e-08  1.34780565e-311 
 1.51645000e-08  1.41417864e-311 
 1.51655000e-08  1.34780565e-311 
 1.51665000e-08  1.41417864e-311 
 1.51675000e-08  1.34780565e-311 
 1.51685000e-08  1.41417864e-311 
 1.51695000e-08  1.34780565e-311 
 1.51705000e-08  1.41417864e-311 
 1.51715000e-08  1.34780565e-311 
 1.51725000e-08  1.41417864e-311 
 1.51735000e-08  1.34780565e-311 
 1.51745000e-08  1.41417864e-311 
 1.51755000e-08  1.34780565e-311 
 1.51765000e-08  1.41417864e-311 
 1.51775000e-08  1.34780565e-311 
 1.51785000e-08  1.41417864e-311 
 1.51795000e-08  1.34780565e-311 
 1.51805000e-08  1.41417864e-311 
 1.51815000e-08  1.34780565e-311 
 1.51825000e-08  1.41417864e-311 
 1.51835000e-08  1.34780565e-311 
 1.51845000e-08  1.41417864e-311 
 1.51855000e-08  1.34780565e-311 
 1.51865000e-08  1.41417864e-311 
 1.51875000e-08  1.34780565e-311 
 1.51885000e-08  1.41417864e-311 
 1.51895000e-08  1.34780565e-311 
 1.51905000e-08  1.41417864e-311 
 1.51915000e-08  1.34780565e-311 
 1.51925000e-08  1.41417864e-311 
 1.51935000e-08  1.34780565e-311 
 1.51945000e-08  1.41417864e-311 
 1.51955000e-08  1.34780565e-311 
 1.51965000e-08  1.41417864e-311 
 1.51975000e-08  1.34780565e-311 
 1.51985000e-08  1.41417864e-311 
 1.51995000e-08  1.34780565e-311 
 1.52005000e-08  1.41417864e-311 
 1.52015000e-08  1.34780565e-311 
 1.52025000e-08  1.41417864e-311 
 1.52035000e-08  1.34780565e-311 
 1.52045000e-08  1.41417864e-311 
 1.52055000e-08  1.34780565e-311 
 1.52065000e-08  1.41417864e-311 
 1.52075000e-08  1.34780565e-311 
 1.52085000e-08  1.41417864e-311 
 1.52095000e-08  1.34780565e-311 
 1.52105000e-08  1.41417864e-311 
 1.52115000e-08  1.34780565e-311 
 1.52125000e-08  1.41417864e-311 
 1.52135000e-08  1.34780565e-311 
 1.52145000e-08  1.41417864e-311 
 1.52155000e-08  1.34780565e-311 
 1.52165000e-08  1.41417864e-311 
 1.52175000e-08  1.34780565e-311 
 1.52185000e-08  1.41417864e-311 
 1.52195000e-08  1.34780565e-311 
 1.52205000e-08  1.41417864e-311 
 1.52215000e-08  1.34780565e-311 
 1.52225000e-08  1.41417864e-311 
 1.52235000e-08  1.34780565e-311 
 1.52245000e-08  1.41417864e-311 
 1.52255000e-08  1.34780565e-311 
 1.52265000e-08  1.41417864e-311 
 1.52275000e-08  1.34780565e-311 
 1.52285000e-08  1.41417864e-311 
 1.52295000e-08  1.34780565e-311 
 1.52305000e-08  1.41417864e-311 
 1.52315000e-08  1.34780565e-311 
 1.52325000e-08  1.41417864e-311 
 1.52335000e-08  1.34780565e-311 
 1.52345000e-08  1.41417864e-311 
 1.52355000e-08  1.34780565e-311 
 1.52365000e-08  1.41417864e-311 
 1.52375000e-08  1.34780565e-311 
 1.52385000e-08  1.41417864e-311 
 1.52395000e-08  1.34780565e-311 
 1.52405000e-08  1.41417864e-311 
 1.52415000e-08  1.34780565e-311 
 1.52425000e-08  1.41417864e-311 
 1.52435000e-08  1.34780565e-311 
 1.52445000e-08  1.41417864e-311 
 1.52455000e-08  1.34780565e-311 
 1.52465000e-08  1.41417864e-311 
 1.52475000e-08  1.34780565e-311 
 1.52485000e-08  1.41417864e-311 
 1.52495000e-08  1.34780565e-311 
 1.52505000e-08  1.41417864e-311 
 1.52515000e-08  1.34780565e-311 
 1.52525000e-08  1.41417864e-311 
 1.52535000e-08  1.34780565e-311 
 1.52545000e-08  1.41417864e-311 
 1.52555000e-08  1.34780565e-311 
 1.52565000e-08  1.41417864e-311 
 1.52575000e-08  1.34780565e-311 
 1.52585000e-08  1.41417864e-311 
 1.52595000e-08  1.34780565e-311 
 1.52605000e-08  1.41417864e-311 
 1.52615000e-08  1.34780565e-311 
 1.52625000e-08  1.41417864e-311 
 1.52635000e-08  1.34780565e-311 
 1.52645000e-08  1.41417864e-311 
 1.52655000e-08  1.34780565e-311 
 1.52665000e-08  1.41417864e-311 
 1.52675000e-08  1.34780565e-311 
 1.52685000e-08  1.41417864e-311 
 1.52695000e-08  1.34780565e-311 
 1.52705000e-08  1.41417864e-311 
 1.52715000e-08  1.34780565e-311 
 1.52725000e-08  1.41417864e-311 
 1.52735000e-08  1.34780565e-311 
 1.52745000e-08  1.41417864e-311 
 1.52755000e-08  1.34780565e-311 
 1.52765000e-08  1.41417864e-311 
 1.52775000e-08  1.34780565e-311 
 1.52785000e-08  1.41417864e-311 
 1.52795000e-08  1.34780565e-311 
 1.52805000e-08  1.41417864e-311 
 1.52815000e-08  1.34780565e-311 
 1.52825000e-08  1.41417864e-311 
 1.52835000e-08  1.34780565e-311 
 1.52845000e-08  1.41417864e-311 
 1.52855000e-08  1.34780565e-311 
 1.52865000e-08  1.41417864e-311 
 1.52875000e-08  1.34780565e-311 
 1.52885000e-08  1.41417864e-311 
 1.52895000e-08  1.34780565e-311 
 1.52905000e-08  1.41417864e-311 
 1.52915000e-08  1.34780565e-311 
 1.52925000e-08  1.41417864e-311 
 1.52935000e-08  1.34780565e-311 
 1.52945000e-08  1.41417864e-311 
 1.52955000e-08  1.34780565e-311 
 1.52965000e-08  1.41417864e-311 
 1.52975000e-08  1.34780565e-311 
 1.52985000e-08  1.41417864e-311 
 1.52995000e-08  1.34780565e-311 
 1.53005000e-08  1.41417864e-311 
 1.53015000e-08  1.34780565e-311 
 1.53025000e-08  1.41417864e-311 
 1.53035000e-08  1.34780565e-311 
 1.53045000e-08  1.41417864e-311 
 1.53055000e-08  1.34780565e-311 
 1.53065000e-08  1.41417864e-311 
 1.53075000e-08  1.34780565e-311 
 1.53085000e-08  1.41417864e-311 
 1.53095000e-08  1.34780565e-311 
 1.53105000e-08  1.41417864e-311 
 1.53115000e-08  1.34780565e-311 
 1.53125000e-08  1.41417864e-311 
 1.53135000e-08  1.34780565e-311 
 1.53145000e-08  1.41417864e-311 
 1.53155000e-08  1.34780565e-311 
 1.53165000e-08  1.41417864e-311 
 1.53175000e-08  1.34780565e-311 
 1.53185000e-08  1.41417864e-311 
 1.53195000e-08  1.34780565e-311 
 1.53205000e-08  1.41417864e-311 
 1.53215000e-08  1.34780565e-311 
 1.53225000e-08  1.41417864e-311 
 1.53235000e-08  1.34780565e-311 
 1.53245000e-08  1.41417864e-311 
 1.53255000e-08  1.34780565e-311 
 1.53265000e-08  1.41417864e-311 
 1.53275000e-08  1.34780565e-311 
 1.53285000e-08  1.41417864e-311 
 1.53295000e-08  1.34780565e-311 
 1.53305000e-08  1.41417864e-311 
 1.53315000e-08  1.34780565e-311 
 1.53325000e-08  1.41417864e-311 
 1.53335000e-08  1.34780565e-311 
 1.53345000e-08  1.41417864e-311 
 1.53355000e-08  1.34780565e-311 
 1.53365000e-08  1.41417864e-311 
 1.53375000e-08  1.34780565e-311 
 1.53385000e-08  1.41417864e-311 
 1.53395000e-08  1.34780565e-311 
 1.53405000e-08  1.41417864e-311 
 1.53415000e-08  1.34780565e-311 
 1.53425000e-08  1.41417864e-311 
 1.53435000e-08  1.34780565e-311 
 1.53445000e-08  1.41417864e-311 
 1.53455000e-08  1.34780565e-311 
 1.53465000e-08  1.41417864e-311 
 1.53475000e-08  1.34780565e-311 
 1.53485000e-08  1.41417864e-311 
 1.53495000e-08  1.34780565e-311 
 1.53505000e-08  1.41417864e-311 
 1.53515000e-08  1.34780565e-311 
 1.53525000e-08  1.41417864e-311 
 1.53535000e-08  1.34780565e-311 
 1.53545000e-08  1.41417864e-311 
 1.53555000e-08  1.34780565e-311 
 1.53565000e-08  1.41417864e-311 
 1.53575000e-08  1.34780565e-311 
 1.53585000e-08  1.41417864e-311 
 1.53595000e-08  1.34780565e-311 
 1.53605000e-08  1.41417864e-311 
 1.53615000e-08  1.34780565e-311 
 1.53625000e-08  1.41417864e-311 
 1.53635000e-08  1.34780565e-311 
 1.53645000e-08  1.41417864e-311 
 1.53655000e-08  1.34780565e-311 
 1.53665000e-08  1.41417864e-311 
 1.53675000e-08  1.34780565e-311 
 1.53685000e-08  1.41417864e-311 
 1.53695000e-08  1.34780565e-311 
 1.53705000e-08  1.41417864e-311 
 1.53715000e-08  1.34780565e-311 
 1.53725000e-08  1.41417864e-311 
 1.53735000e-08  1.34780565e-311 
 1.53745000e-08  1.41417864e-311 
 1.53755000e-08  1.34780565e-311 
 1.53765000e-08  1.41417864e-311 
 1.53775000e-08  1.34780565e-311 
 1.53785000e-08  1.41417864e-311 
 1.53795000e-08  1.34780565e-311 
 1.53805000e-08  1.41417864e-311 
 1.53815000e-08  1.34780565e-311 
 1.53825000e-08  1.41417864e-311 
 1.53835000e-08  1.34780565e-311 
 1.53845000e-08  1.41417864e-311 
 1.53855000e-08  1.34780565e-311 
 1.53865000e-08  1.41417864e-311 
 1.53875000e-08  1.34780565e-311 
 1.53885000e-08  1.41417864e-311 
 1.53895000e-08  1.34780565e-311 
 1.53905000e-08  1.41417864e-311 
 1.53915000e-08  1.34780565e-311 
 1.53925000e-08  1.41417864e-311 
 1.53935000e-08  1.34780565e-311 
 1.53945000e-08  1.41417864e-311 
 1.53955000e-08  1.34780565e-311 
 1.53965000e-08  1.41417864e-311 
 1.53975000e-08  1.34780565e-311 
 1.53985000e-08  1.41417864e-311 
 1.53995000e-08  1.34780565e-311 
 1.54005000e-08  1.41417864e-311 
 1.54015000e-08  1.34780565e-311 
 1.54025000e-08  1.41417864e-311 
 1.54035000e-08  1.34780565e-311 
 1.54045000e-08  1.41417864e-311 
 1.54055000e-08  1.34780565e-311 
 1.54065000e-08  1.41417864e-311 
 1.54075000e-08  1.34780565e-311 
 1.54085000e-08  1.41417864e-311 
 1.54095000e-08  1.34780565e-311 
 1.54105000e-08  1.41417864e-311 
 1.54115000e-08  1.34780565e-311 
 1.54125000e-08  1.41417864e-311 
 1.54135000e-08  1.34780565e-311 
 1.54145000e-08  1.41417864e-311 
 1.54155000e-08  1.34780565e-311 
 1.54165000e-08  1.41417864e-311 
 1.54175000e-08  1.34780565e-311 
 1.54185000e-08  1.41417864e-311 
 1.54195000e-08  1.34780565e-311 
 1.54205000e-08  1.41417864e-311 
 1.54215000e-08  1.34780565e-311 
 1.54225000e-08  1.41417864e-311 
 1.54235000e-08  1.34780565e-311 
 1.54245000e-08  1.41417864e-311 
 1.54255000e-08  1.34780565e-311 
 1.54265000e-08  1.41417864e-311 
 1.54275000e-08  1.34780565e-311 
 1.54285000e-08  1.41417864e-311 
 1.54295000e-08  1.34780565e-311 
 1.54305000e-08  1.41417864e-311 
 1.54315000e-08  1.34780565e-311 
 1.54325000e-08  1.41417864e-311 
 1.54335000e-08  1.34780565e-311 
 1.54345000e-08  1.41417864e-311 
 1.54355000e-08  1.34780565e-311 
 1.54365000e-08  1.41417864e-311 
 1.54375000e-08  1.34780565e-311 
 1.54385000e-08  1.41417864e-311 
 1.54395000e-08  1.34780565e-311 
 1.54405000e-08  1.41417864e-311 
 1.54415000e-08  1.34780565e-311 
 1.54425000e-08  1.41417864e-311 
 1.54435000e-08  1.34780565e-311 
 1.54445000e-08  1.41417864e-311 
 1.54455000e-08  1.34780565e-311 
 1.54465000e-08  1.41417864e-311 
 1.54475000e-08  1.34780565e-311 
 1.54485000e-08  1.41417864e-311 
 1.54495000e-08  1.34780565e-311 
 1.54505000e-08  1.41417864e-311 
 1.54515000e-08  1.34780565e-311 
 1.54525000e-08  1.41417864e-311 
 1.54535000e-08  1.34780565e-311 
 1.54545000e-08  1.41417864e-311 
 1.54555000e-08  1.34780565e-311 
 1.54565000e-08  1.41417864e-311 
 1.54575000e-08  1.34780565e-311 
 1.54585000e-08  1.41417864e-311 
 1.54595000e-08  1.34780565e-311 
 1.54605000e-08  1.41417864e-311 
 1.54615000e-08  1.34780565e-311 
 1.54625000e-08  1.41417864e-311 
 1.54635000e-08  1.34780565e-311 
 1.54645000e-08  1.41417864e-311 
 1.54655000e-08  1.34780565e-311 
 1.54665000e-08  1.41417864e-311 
 1.54675000e-08  1.34780565e-311 
 1.54685000e-08  1.41417864e-311 
 1.54695000e-08  1.34780565e-311 
 1.54705000e-08  1.41417864e-311 
 1.54715000e-08  1.34780565e-311 
 1.54725000e-08  1.41417864e-311 
 1.54735000e-08  1.34780565e-311 
 1.54745000e-08  1.41417864e-311 
 1.54755000e-08  1.34780565e-311 
 1.54765000e-08  1.41417864e-311 
 1.54775000e-08  1.34780565e-311 
 1.54785000e-08  1.41417864e-311 
 1.54795000e-08  1.34780565e-311 
 1.54805000e-08  1.41417864e-311 
 1.54815000e-08  1.34780565e-311 
 1.54825000e-08  1.41417864e-311 
 1.54835000e-08  1.34780565e-311 
 1.54845000e-08  1.41417864e-311 
 1.54855000e-08  1.34780565e-311 
 1.54865000e-08  1.41417864e-311 
 1.54875000e-08  1.34780565e-311 
 1.54885000e-08  1.41417864e-311 
 1.54895000e-08  1.34780565e-311 
 1.54905000e-08  1.41417864e-311 
 1.54915000e-08  1.34780565e-311 
 1.54925000e-08  1.41417864e-311 
 1.54935000e-08  1.34780565e-311 
 1.54945000e-08  1.41417864e-311 
 1.54955000e-08  1.34780565e-311 
 1.54965000e-08  1.41417864e-311 
 1.54975000e-08  1.34780565e-311 
 1.54985000e-08  1.41417864e-311 
 1.54995000e-08  1.34780565e-311 
 1.55005000e-08  1.41417864e-311 
 1.55015000e-08  1.34780565e-311 
 1.55025000e-08  1.41417864e-311 
 1.55035000e-08  1.34780565e-311 
 1.55045000e-08  1.41417864e-311 
 1.55055000e-08  1.34780565e-311 
 1.55065000e-08  1.41417864e-311 
 1.55075000e-08  1.34780565e-311 
 1.55085000e-08  1.41417864e-311 
 1.55095000e-08  1.34780565e-311 
 1.55105000e-08  1.41417864e-311 
 1.55115000e-08  1.34780565e-311 
 1.55125000e-08  1.41417864e-311 
 1.55135000e-08  1.34780565e-311 
 1.55145000e-08  1.41417864e-311 
 1.55155000e-08  1.34780565e-311 
 1.55165000e-08  1.41417864e-311 
 1.55175000e-08  1.34780565e-311 
 1.55185000e-08  1.41417864e-311 
 1.55195000e-08  1.34780565e-311 
 1.55205000e-08  1.41417864e-311 
 1.55215000e-08  1.34780565e-311 
 1.55225000e-08  1.41417864e-311 
 1.55235000e-08  1.34780565e-311 
 1.55245000e-08  1.41417864e-311 
 1.55255000e-08  1.34780565e-311 
 1.55265000e-08  1.41417864e-311 
 1.55275000e-08  1.34780565e-311 
 1.55285000e-08  1.41417864e-311 
 1.55295000e-08  1.34780565e-311 
 1.55305000e-08  1.41417864e-311 
 1.55315000e-08  1.34780565e-311 
 1.55325000e-08  1.41417864e-311 
 1.55335000e-08  1.34780565e-311 
 1.55345000e-08  1.41417864e-311 
 1.55355000e-08  1.34780565e-311 
 1.55365000e-08  1.41417864e-311 
 1.55375000e-08  1.34780565e-311 
 1.55385000e-08  1.41417864e-311 
 1.55395000e-08  1.34780565e-311 
 1.55405000e-08  1.41417864e-311 
 1.55415000e-08  1.34780565e-311 
 1.55425000e-08  1.41417864e-311 
 1.55435000e-08  1.34780565e-311 
 1.55445000e-08  1.41417864e-311 
 1.55455000e-08  1.34780565e-311 
 1.55465000e-08  1.41417864e-311 
 1.55475000e-08  1.34780565e-311 
 1.55485000e-08  1.41417864e-311 
 1.55495000e-08  1.34780565e-311 
 1.55505000e-08  1.41417864e-311 
 1.55515000e-08  1.34780565e-311 
 1.55525000e-08  1.41417864e-311 
 1.55535000e-08  1.34780565e-311 
 1.55545000e-08  1.41417864e-311 
 1.55555000e-08  1.34780565e-311 
 1.55565000e-08  1.41417864e-311 
 1.55575000e-08  1.34780565e-311 
 1.55585000e-08  1.41417864e-311 
 1.55595000e-08  1.34780565e-311 
 1.55605000e-08  1.41417864e-311 
 1.55615000e-08  1.34780565e-311 
 1.55625000e-08  1.41417864e-311 
 1.55635000e-08  1.34780565e-311 
 1.55645000e-08  1.41417864e-311 
 1.55655000e-08  1.34780565e-311 
 1.55665000e-08  1.41417864e-311 
 1.55675000e-08  1.34780565e-311 
 1.55685000e-08  1.41417864e-311 
 1.55695000e-08  1.34780565e-311 
 1.55705000e-08  1.41417864e-311 
 1.55715000e-08  1.34780565e-311 
 1.55725000e-08  1.41417864e-311 
 1.55735000e-08  1.34780565e-311 
 1.55745000e-08  1.41417864e-311 
 1.55755000e-08  1.34780565e-311 
 1.55765000e-08  1.41417864e-311 
 1.55775000e-08  1.34780565e-311 
 1.55785000e-08  1.41417864e-311 
 1.55795000e-08  1.34780565e-311 
 1.55805000e-08  1.41417864e-311 
 1.55815000e-08  1.34780565e-311 
 1.55825000e-08  1.41417864e-311 
 1.55835000e-08  1.34780565e-311 
 1.55845000e-08  1.41417864e-311 
 1.55855000e-08  1.34780565e-311 
 1.55865000e-08  1.41417864e-311 
 1.55875000e-08  1.34780565e-311 
 1.55885000e-08  1.41417864e-311 
 1.55895000e-08  1.34780565e-311 
 1.55905000e-08  1.41417864e-311 
 1.55915000e-08  1.34780565e-311 
 1.55925000e-08  1.41417864e-311 
 1.55935000e-08  1.34780565e-311 
 1.55945000e-08  1.41417864e-311 
 1.55955000e-08  1.34780565e-311 
 1.55965000e-08  1.41417864e-311 
 1.55975000e-08  1.34780565e-311 
 1.55985000e-08  1.41417864e-311 
 1.55995000e-08  1.34780565e-311 
 1.56005000e-08  1.41417864e-311 
 1.56015000e-08  1.34780565e-311 
 1.56025000e-08  1.41417864e-311 
 1.56035000e-08  1.34780565e-311 
 1.56045000e-08  1.41417864e-311 
 1.56055000e-08  1.34780565e-311 
 1.56065000e-08  1.41417864e-311 
 1.56075000e-08  1.34780565e-311 
 1.56085000e-08  1.41417864e-311 
 1.56095000e-08  1.34780565e-311 
 1.56105000e-08  1.41417864e-311 
 1.56115000e-08  1.34780565e-311 
 1.56125000e-08  1.41417864e-311 
 1.56135000e-08  1.34780565e-311 
 1.56145000e-08  1.41417864e-311 
 1.56155000e-08  1.34780565e-311 
 1.56165000e-08  1.41417864e-311 
 1.56175000e-08  1.34780565e-311 
 1.56185000e-08  1.41417864e-311 
 1.56195000e-08  1.34780565e-311 
 1.56205000e-08  1.41417864e-311 
 1.56215000e-08  1.34780565e-311 
 1.56225000e-08  1.41417864e-311 
 1.56235000e-08  1.34780565e-311 
 1.56245000e-08  1.41417864e-311 
 1.56255000e-08  1.34780565e-311 
 1.56265000e-08  1.41417864e-311 
 1.56275000e-08  1.34780565e-311 
 1.56285000e-08  1.41417864e-311 
 1.56295000e-08  1.34780565e-311 
 1.56305000e-08  1.41417864e-311 
 1.56315000e-08  1.34780565e-311 
 1.56325000e-08  1.41417864e-311 
 1.56335000e-08  1.34780565e-311 
 1.56345000e-08  1.41417864e-311 
 1.56355000e-08  1.34780565e-311 
 1.56365000e-08  1.41417864e-311 
 1.56375000e-08  1.34780565e-311 
 1.56385000e-08  1.41417864e-311 
 1.56395000e-08  1.34780565e-311 
 1.56405000e-08  1.41417864e-311 
 1.56415000e-08  1.34780565e-311 
 1.56425000e-08  1.41417864e-311 
 1.56435000e-08  1.34780565e-311 
 1.56445000e-08  1.41417864e-311 
 1.56455000e-08  1.34780565e-311 
 1.56465000e-08  1.41417864e-311 
 1.56475000e-08  1.34780565e-311 
 1.56485000e-08  1.41417864e-311 
 1.56495000e-08  1.34780565e-311 
 1.56505000e-08  1.41417864e-311 
 1.56515000e-08  1.34780565e-311 
 1.56525000e-08  1.41417864e-311 
 1.56535000e-08  1.34780565e-311 
 1.56545000e-08  1.41417864e-311 
 1.56555000e-08  1.34780565e-311 
 1.56565000e-08  1.41417864e-311 
 1.56575000e-08  1.34780565e-311 
 1.56585000e-08  1.41417864e-311 
 1.56595000e-08  1.34780565e-311 
 1.56605000e-08  1.41417864e-311 
 1.56615000e-08  1.34780565e-311 
 1.56625000e-08  1.41417864e-311 
 1.56635000e-08  1.34780565e-311 
 1.56645000e-08  1.41417864e-311 
 1.56655000e-08  1.34780565e-311 
 1.56665000e-08  1.41417864e-311 
 1.56675000e-08  1.34780565e-311 
 1.56685000e-08  1.41417864e-311 
 1.56695000e-08  1.34780565e-311 
 1.56705000e-08  1.41417864e-311 
 1.56715000e-08  1.34780565e-311 
 1.56725000e-08  1.41417864e-311 
 1.56735000e-08  1.34780565e-311 
 1.56745000e-08  1.41417864e-311 
 1.56755000e-08  1.34780565e-311 
 1.56765000e-08  1.41417864e-311 
 1.56775000e-08  1.34780565e-311 
 1.56785000e-08  1.41417864e-311 
 1.56795000e-08  1.34780565e-311 
 1.56805000e-08  1.41417864e-311 
 1.56815000e-08  1.34780565e-311 
 1.56825000e-08  1.41417864e-311 
 1.56835000e-08  1.34780565e-311 
 1.56845000e-08  1.41417864e-311 
 1.56855000e-08  1.34780565e-311 
 1.56865000e-08  1.41417864e-311 
 1.56875000e-08  1.34780565e-311 
 1.56885000e-08  1.41417864e-311 
 1.56895000e-08  1.34780565e-311 
 1.56905000e-08  1.41417864e-311 
 1.56915000e-08  1.34780565e-311 
 1.56925000e-08  1.41417864e-311 
 1.56935000e-08  1.34780565e-311 
 1.56945000e-08  1.41417864e-311 
 1.56955000e-08  1.34780565e-311 
 1.56965000e-08  1.41417864e-311 
 1.56975000e-08  1.34780565e-311 
 1.56985000e-08  1.41417864e-311 
 1.56995000e-08  1.34780565e-311 
 1.57005000e-08  1.41417864e-311 
 1.57015000e-08  1.34780565e-311 
 1.57025000e-08  1.41417864e-311 
 1.57035000e-08  1.34780565e-311 
 1.57045000e-08  1.41417864e-311 
 1.57055000e-08  1.34780565e-311 
 1.57065000e-08  1.41417864e-311 
 1.57075000e-08  1.34780565e-311 
 1.57085000e-08  1.41417864e-311 
 1.57095000e-08  1.34780565e-311 
 1.57105000e-08  1.41417864e-311 
 1.57115000e-08  1.34780565e-311 
 1.57125000e-08  1.41417864e-311 
 1.57135000e-08  1.34780565e-311 
 1.57145000e-08  1.41417864e-311 
 1.57155000e-08  1.34780565e-311 
 1.57165000e-08  1.41417864e-311 
 1.57175000e-08  1.34780565e-311 
 1.57185000e-08  1.41417864e-311 
 1.57195000e-08  1.34780565e-311 
 1.57205000e-08  1.41417864e-311 
 1.57215000e-08  1.34780565e-311 
 1.57225000e-08  1.41417864e-311 
 1.57235000e-08  1.34780565e-311 
 1.57245000e-08  1.41417864e-311 
 1.57255000e-08  1.34780565e-311 
 1.57265000e-08  1.41417864e-311 
 1.57275000e-08  1.34780565e-311 
 1.57285000e-08  1.41417864e-311 
 1.57295000e-08  1.34780565e-311 
 1.57305000e-08  1.41417864e-311 
 1.57315000e-08  1.34780565e-311 
 1.57325000e-08  1.41417864e-311 
 1.57335000e-08  1.34780565e-311 
 1.57345000e-08  1.41417864e-311 
 1.57355000e-08  1.34780565e-311 
 1.57365000e-08  1.41417864e-311 
 1.57375000e-08  1.34780565e-311 
 1.57385000e-08  1.41417864e-311 
 1.57395000e-08  1.34780565e-311 
 1.57405000e-08  1.41417864e-311 
 1.57415000e-08  1.34780565e-311 
 1.57425000e-08  1.41417864e-311 
 1.57435000e-08  1.34780565e-311 
 1.57445000e-08  1.41417864e-311 
 1.57455000e-08  1.34780565e-311 
 1.57465000e-08  1.41417864e-311 
 1.57475000e-08  1.34780565e-311 
 1.57485000e-08  1.41417864e-311 
 1.57495000e-08  1.34780565e-311 
 1.57505000e-08  1.41417864e-311 
 1.57515000e-08  1.34780565e-311 
 1.57525000e-08  1.41417864e-311 
 1.57535000e-08  1.34780565e-311 
 1.57545000e-08  1.41417864e-311 
 1.57555000e-08  1.34780565e-311 
 1.57565000e-08  1.41417864e-311 
 1.57575000e-08  1.34780565e-311 
 1.57585000e-08  1.41417864e-311 
 1.57595000e-08  1.34780565e-311 
 1.57605000e-08  1.41417864e-311 
 1.57615000e-08  1.34780565e-311 
 1.57625000e-08  1.41417864e-311 
 1.57635000e-08  1.34780565e-311 
 1.57645000e-08  1.41417864e-311 
 1.57655000e-08  1.34780565e-311 
 1.57665000e-08  1.41417864e-311 
 1.57675000e-08  1.34780565e-311 
 1.57685000e-08  1.41417864e-311 
 1.57695000e-08  1.34780565e-311 
 1.57705000e-08  1.41417864e-311 
 1.57715000e-08  1.34780565e-311 
 1.57725000e-08  1.41417864e-311 
 1.57735000e-08  1.34780565e-311 
 1.57745000e-08  1.41417864e-311 
 1.57755000e-08  1.34780565e-311 
 1.57765000e-08  1.41417864e-311 
 1.57775000e-08  1.34780565e-311 
 1.57785000e-08  1.41417864e-311 
 1.57795000e-08  1.34780565e-311 
 1.57805000e-08  1.41417864e-311 
 1.57815000e-08  1.34780565e-311 
 1.57825000e-08  1.41417864e-311 
 1.57835000e-08  1.34780565e-311 
 1.57845000e-08  1.41417864e-311 
 1.57855000e-08  1.34780565e-311 
 1.57865000e-08  1.41417864e-311 
 1.57875000e-08  1.34780565e-311 
 1.57885000e-08  1.41417864e-311 
 1.57895000e-08  1.34780565e-311 
 1.57905000e-08  1.41417864e-311 
 1.57915000e-08  1.34780565e-311 
 1.57925000e-08  1.41417864e-311 
 1.57935000e-08  1.34780565e-311 
 1.57945000e-08  1.41417864e-311 
 1.57955000e-08  1.34780565e-311 
 1.57965000e-08  1.41417864e-311 
 1.57975000e-08  1.34780565e-311 
 1.57985000e-08  1.41417864e-311 
 1.57995000e-08  1.34780565e-311 
 1.58005000e-08  1.41417864e-311 
 1.58015000e-08  1.34780565e-311 
 1.58025000e-08  1.41417864e-311 
 1.58035000e-08  1.34780565e-311 
 1.58045000e-08  1.41417864e-311 
 1.58055000e-08  1.34780565e-311 
 1.58065000e-08  1.41417864e-311 
 1.58075000e-08  1.34780565e-311 
 1.58085000e-08  1.41417864e-311 
 1.58095000e-08  1.34780565e-311 
 1.58105000e-08  1.41417864e-311 
 1.58115000e-08  1.34780565e-311 
 1.58125000e-08  1.41417864e-311 
 1.58135000e-08  1.34780565e-311 
 1.58145000e-08  1.41417864e-311 
 1.58155000e-08  1.34780565e-311 
 1.58165000e-08  1.41417864e-311 
 1.58175000e-08  1.34780565e-311 
 1.58185000e-08  1.41417864e-311 
 1.58195000e-08  1.34780565e-311 
 1.58205000e-08  1.41417864e-311 
 1.58215000e-08  1.34780565e-311 
 1.58225000e-08  1.41417864e-311 
 1.58235000e-08  1.34780565e-311 
 1.58245000e-08  1.41417864e-311 
 1.58255000e-08  1.34780565e-311 
 1.58265000e-08  1.41417864e-311 
 1.58275000e-08  1.34780565e-311 
 1.58285000e-08  1.41417864e-311 
 1.58295000e-08  1.34780565e-311 
 1.58305000e-08  1.41417864e-311 
 1.58315000e-08  1.34780565e-311 
 1.58325000e-08  1.41417864e-311 
 1.58335000e-08  1.34780565e-311 
 1.58345000e-08  1.41417864e-311 
 1.58355000e-08  1.34780565e-311 
 1.58365000e-08  1.41417864e-311 
 1.58375000e-08  1.34780565e-311 
 1.58385000e-08  1.41417864e-311 
 1.58395000e-08  1.34780565e-311 
 1.58405000e-08  1.41417864e-311 
 1.58415000e-08  1.34780565e-311 
 1.58425000e-08  1.41417864e-311 
 1.58435000e-08  1.34780565e-311 
 1.58445000e-08  1.41417864e-311 
 1.58455000e-08  1.34780565e-311 
 1.58465000e-08  1.41417864e-311 
 1.58475000e-08  1.34780565e-311 
 1.58485000e-08  1.41417864e-311 
 1.58495000e-08  1.34780565e-311 
 1.58505000e-08  1.41417864e-311 
 1.58515000e-08  1.34780565e-311 
 1.58525000e-08  1.41417864e-311 
 1.58535000e-08  1.34780565e-311 
 1.58545000e-08  1.41417864e-311 
 1.58555000e-08  1.34780565e-311 
 1.58565000e-08  1.41417864e-311 
 1.58575000e-08  1.34780565e-311 
 1.58585000e-08  1.41417864e-311 
 1.58595000e-08  1.34780565e-311 
 1.58605000e-08  1.41417864e-311 
 1.58615000e-08  1.34780565e-311 
 1.58625000e-08  1.41417864e-311 
 1.58635000e-08  1.34780565e-311 
 1.58645000e-08  1.41417864e-311 
 1.58655000e-08  1.34780565e-311 
 1.58665000e-08  1.41417864e-311 
 1.58675000e-08  1.34780565e-311 
 1.58685000e-08  1.41417864e-311 
 1.58695000e-08  1.34780565e-311 
 1.58705000e-08  1.41417864e-311 
 1.58715000e-08  1.34780565e-311 
 1.58725000e-08  1.41417864e-311 
 1.58735000e-08  1.34780565e-311 
 1.58745000e-08  1.41417864e-311 
 1.58755000e-08  1.34780565e-311 
 1.58765000e-08  1.41417864e-311 
 1.58775000e-08  1.34780565e-311 
 1.58785000e-08  1.41417864e-311 
 1.58795000e-08  1.34780565e-311 
 1.58805000e-08  1.41417864e-311 
 1.58815000e-08  1.34780565e-311 
 1.58825000e-08  1.41417864e-311 
 1.58835000e-08  1.34780565e-311 
 1.58845000e-08  1.41417864e-311 
 1.58855000e-08  1.34780565e-311 
 1.58865000e-08  1.41417864e-311 
 1.58875000e-08  1.34780565e-311 
 1.58885000e-08  1.41417864e-311 
 1.58895000e-08  1.34780565e-311 
 1.58905000e-08  1.41417864e-311 
 1.58915000e-08  1.34780565e-311 
 1.58925000e-08  1.41417864e-311 
 1.58935000e-08  1.34780565e-311 
 1.58945000e-08  1.41417864e-311 
 1.58955000e-08  1.34780565e-311 
 1.58965000e-08  1.41417864e-311 
 1.58975000e-08  1.34780565e-311 
 1.58985000e-08  1.41417864e-311 
 1.58995000e-08  1.34780565e-311 
 1.59005000e-08  1.41417864e-311 
 1.59015000e-08  1.34780565e-311 
 1.59025000e-08  1.41417864e-311 
 1.59035000e-08  1.34780565e-311 
 1.59045000e-08  1.41417864e-311 
 1.59055000e-08  1.34780565e-311 
 1.59065000e-08  1.41417864e-311 
 1.59075000e-08  1.34780565e-311 
 1.59085000e-08  1.41417864e-311 
 1.59095000e-08  1.34780565e-311 
 1.59105000e-08  1.41417864e-311 
 1.59115000e-08  1.34780565e-311 
 1.59125000e-08  1.41417864e-311 
 1.59135000e-08  1.34780565e-311 
 1.59145000e-08  1.41417864e-311 
 1.59155000e-08  1.34780565e-311 
 1.59165000e-08  1.41417864e-311 
 1.59175000e-08  1.34780565e-311 
 1.59185000e-08  1.41417864e-311 
 1.59195000e-08  1.34780565e-311 
 1.59205000e-08  1.41417864e-311 
 1.59215000e-08  1.34780565e-311 
 1.59225000e-08  1.41417864e-311 
 1.59235000e-08  1.34780565e-311 
 1.59245000e-08  1.41417864e-311 
 1.59255000e-08  1.34780565e-311 
 1.59265000e-08  1.41417864e-311 
 1.59275000e-08  1.34780565e-311 
 1.59285000e-08  1.41417864e-311 
 1.59295000e-08  1.34780565e-311 
 1.59305000e-08  1.41417864e-311 
 1.59315000e-08  1.34780565e-311 
 1.59325000e-08  1.41417864e-311 
 1.59335000e-08  1.34780565e-311 
 1.59345000e-08  1.41417864e-311 
 1.59355000e-08  1.34780565e-311 
 1.59365000e-08  1.41417864e-311 
 1.59375000e-08  1.34780565e-311 
 1.59385000e-08  1.41417864e-311 
 1.59395000e-08  1.34780565e-311 
 1.59405000e-08  1.41417864e-311 
 1.59415000e-08  1.34780565e-311 
 1.59425000e-08  1.41417864e-311 
 1.59435000e-08  1.34780565e-311 
 1.59445000e-08  1.41417864e-311 
 1.59455000e-08  1.34780565e-311 
 1.59465000e-08  1.41417864e-311 
 1.59475000e-08  1.34780565e-311 
 1.59485000e-08  1.41417864e-311 
 1.59495000e-08  1.34780565e-311 
 1.59505000e-08  1.41417864e-311 
 1.59515000e-08  1.34780565e-311 
 1.59525000e-08  1.41417864e-311 
 1.59535000e-08  1.34780565e-311 
 1.59545000e-08  1.41417864e-311 
 1.59555000e-08  1.34780565e-311 
 1.59565000e-08  1.41417864e-311 
 1.59575000e-08  1.34780565e-311 
 1.59585000e-08  1.41417864e-311 
 1.59595000e-08  1.34780565e-311 
 1.59605000e-08  1.41417864e-311 
 1.59615000e-08  1.34780565e-311 
 1.59625000e-08  1.41417864e-311 
 1.59635000e-08  1.34780565e-311 
 1.59645000e-08  1.41417864e-311 
 1.59655000e-08  1.34780565e-311 
 1.59665000e-08  1.41417864e-311 
 1.59675000e-08  1.34780565e-311 
 1.59685000e-08  1.41417864e-311 
 1.59695000e-08  1.34780565e-311 
 1.59705000e-08  1.41417864e-311 
 1.59715000e-08  1.34780565e-311 
 1.59725000e-08  1.41417864e-311 
 1.59735000e-08  1.34780565e-311 
 1.59745000e-08  1.41417864e-311 
 1.59755000e-08  1.34780565e-311 
 1.59765000e-08  1.41417864e-311 
 1.59775000e-08  1.34780565e-311 
 1.59785000e-08  1.41417864e-311 
 1.59795000e-08  1.34780565e-311 
 1.59805000e-08  1.41417864e-311 
 1.59815000e-08  1.34780565e-311 
 1.59825000e-08  1.41417864e-311 
 1.59835000e-08  1.34780565e-311 
 1.59845000e-08  1.41417864e-311 
 1.59855000e-08  1.34780565e-311 
 1.59865000e-08  1.41417864e-311 
 1.59875000e-08  1.34780565e-311 
 1.59885000e-08  1.41417864e-311 
 1.59895000e-08  1.34780565e-311 
 1.59905000e-08  1.41417864e-311 
 1.59915000e-08  1.34780565e-311 
 1.59925000e-08  1.41417864e-311 
 1.59935000e-08  1.34780565e-311 
 1.59945000e-08  1.41417864e-311 
 1.59955000e-08  1.34780565e-311 
 1.59965000e-08  1.41417864e-311 
 1.59975000e-08  1.34780565e-311 
 1.59985000e-08  1.41417864e-311 
 1.59995000e-08  1.34780565e-311 
 1.60005000e-08  1.41417864e-311 
 1.60015000e-08  1.34780565e-311 
 1.60025000e-08  1.41417864e-311 
 1.60035000e-08  1.34780565e-311 
 1.60045000e-08  1.41417864e-311 
 1.60055000e-08  1.34780565e-311 
 1.60065000e-08  1.41417864e-311 
 1.60075000e-08  1.34780565e-311 
 1.60085000e-08  1.41417864e-311 
 1.60095000e-08  1.34780565e-311 
 1.60105000e-08  1.41417864e-311 
 1.60115000e-08  1.34780565e-311 
 1.60125000e-08  1.41417864e-311 
 1.60135000e-08  1.34780565e-311 
 1.60145000e-08  1.41417864e-311 
 1.60155000e-08  1.34780565e-311 
 1.60165000e-08  1.41417864e-311 
 1.60175000e-08  1.34780565e-311 
 1.60185000e-08  1.41417864e-311 
 1.60195000e-08  1.34780565e-311 
 1.60205000e-08  1.41417864e-311 
 1.60215000e-08  1.34780565e-311 
 1.60225000e-08  1.41417864e-311 
 1.60235000e-08  1.34780565e-311 
 1.60245000e-08  1.41417864e-311 
 1.60255000e-08  1.34780565e-311 
 1.60265000e-08  1.41417864e-311 
 1.60275000e-08  1.34780565e-311 
 1.60285000e-08  1.41417864e-311 
 1.60295000e-08  1.34780565e-311 
 1.60305000e-08  1.41417864e-311 
 1.60315000e-08  1.34780565e-311 
 1.60325000e-08  1.41417864e-311 
 1.60335000e-08  1.34780565e-311 
 1.60345000e-08  1.41417864e-311 
 1.60355000e-08  1.34780565e-311 
 1.60365000e-08  1.41417864e-311 
 1.60375000e-08  1.34780565e-311 
 1.60385000e-08  1.41417864e-311 
 1.60395000e-08  1.34780565e-311 
 1.60405000e-08  1.41417864e-311 
 1.60415000e-08  1.34780565e-311 
 1.60425000e-08  1.41417864e-311 
 1.60435000e-08  1.34780565e-311 
 1.60445000e-08  1.41417864e-311 
 1.60455000e-08  1.34780565e-311 
 1.60465000e-08  1.41417864e-311 
 1.60475000e-08  1.34780565e-311 
 1.60485000e-08  1.41417864e-311 
 1.60495000e-08  1.34780565e-311 
 1.60505000e-08  1.41417864e-311 
 1.60515000e-08  1.34780565e-311 
 1.60525000e-08  1.41417864e-311 
 1.60535000e-08  1.34780565e-311 
 1.60545000e-08  1.41417864e-311 
 1.60555000e-08  1.34780565e-311 
 1.60565000e-08  1.41417864e-311 
 1.60575000e-08  1.34780565e-311 
 1.60585000e-08  1.41417864e-311 
 1.60595000e-08  1.34780565e-311 
 1.60605000e-08  1.41417864e-311 
 1.60615000e-08  1.34780565e-311 
 1.60625000e-08  1.41417864e-311 
 1.60635000e-08  1.34780565e-311 
 1.60645000e-08  1.41417864e-311 
 1.60655000e-08  1.34780565e-311 
 1.60665000e-08  1.41417864e-311 
 1.60675000e-08  1.34780565e-311 
 1.60685000e-08  1.41417864e-311 
 1.60695000e-08  1.34780565e-311 
 1.60705000e-08  1.41417864e-311 
 1.60715000e-08  1.34780565e-311 
 1.60725000e-08  1.41417864e-311 
 1.60735000e-08  1.34780565e-311 
 1.60745000e-08  1.41417864e-311 
 1.60755000e-08  1.34780565e-311 
 1.60765000e-08  1.41417864e-311 
 1.60775000e-08  1.34780565e-311 
 1.60785000e-08  1.41417864e-311 
 1.60795000e-08  1.34780565e-311 
 1.60805000e-08  1.41417864e-311 
 1.60815000e-08  1.34780565e-311 
 1.60825000e-08  1.41417864e-311 
 1.60835000e-08  1.34780565e-311 
 1.60845000e-08  1.41417864e-311 
 1.60855000e-08  1.34780565e-311 
 1.60865000e-08  1.41417864e-311 
 1.60875000e-08  1.34780565e-311 
 1.60885000e-08  1.41417864e-311 
 1.60895000e-08  1.34780565e-311 
 1.60905000e-08  1.41417864e-311 
 1.60915000e-08  1.34780565e-311 
 1.60925000e-08  1.41417864e-311 
 1.60935000e-08  1.34780565e-311 
 1.60945000e-08  1.41417864e-311 
 1.60955000e-08  1.34780565e-311 
 1.60965000e-08  1.41417864e-311 
 1.60975000e-08  1.34780565e-311 
 1.60985000e-08  1.41417864e-311 
 1.60995000e-08  1.34780565e-311 
 1.61005000e-08  1.41417864e-311 
 1.61015000e-08  1.34780565e-311 
 1.61025000e-08  1.41417864e-311 
 1.61035000e-08  1.34780565e-311 
 1.61045000e-08  1.41417864e-311 
 1.61055000e-08  1.34780565e-311 
 1.61065000e-08  1.41417864e-311 
 1.61075000e-08  1.34780565e-311 
 1.61085000e-08  1.41417864e-311 
 1.61095000e-08  1.34780565e-311 
 1.61105000e-08  1.41417864e-311 
 1.61115000e-08  1.34780565e-311 
 1.61125000e-08  1.41417864e-311 
 1.61135000e-08  1.34780565e-311 
 1.61145000e-08  1.41417864e-311 
 1.61155000e-08  1.34780565e-311 
 1.61165000e-08  1.41417864e-311 
 1.61175000e-08  1.34780565e-311 
 1.61185000e-08  1.41417864e-311 
 1.61195000e-08  1.34780565e-311 
 1.61205000e-08  1.41417864e-311 
 1.61215000e-08  1.34780565e-311 
 1.61225000e-08  1.41417864e-311 
 1.61235000e-08  1.34780565e-311 
 1.61245000e-08  1.41417864e-311 
 1.61255000e-08  1.34780565e-311 
 1.61265000e-08  1.41417864e-311 
 1.61275000e-08  1.34780565e-311 
 1.61285000e-08  1.41417864e-311 
 1.61295000e-08  1.34780565e-311 
 1.61305000e-08  1.41417864e-311 
 1.61315000e-08  1.34780565e-311 
 1.61325000e-08  1.41417864e-311 
 1.61335000e-08  1.34780565e-311 
 1.61345000e-08  1.41417864e-311 
 1.61355000e-08  1.34780565e-311 
 1.61365000e-08  1.41417864e-311 
 1.61375000e-08  1.34780565e-311 
 1.61385000e-08  1.41417864e-311 
 1.61395000e-08  1.34780565e-311 
 1.61405000e-08  1.41417864e-311 
 1.61415000e-08  1.34780565e-311 
 1.61425000e-08  1.41417864e-311 
 1.61435000e-08  1.34780565e-311 
 1.61445000e-08  1.41417864e-311 
 1.61455000e-08  1.34780565e-311 
 1.61465000e-08  1.41417864e-311 
 1.61475000e-08  1.34780565e-311 
 1.61485000e-08  1.41417864e-311 
 1.61495000e-08  1.34780565e-311 
 1.61505000e-08  1.41417864e-311 
 1.61515000e-08  1.34780565e-311 
 1.61525000e-08  1.41417864e-311 
 1.61535000e-08  1.34780565e-311 
 1.61545000e-08  1.41417864e-311 
 1.61555000e-08  1.34780565e-311 
 1.61565000e-08  1.41417864e-311 
 1.61575000e-08  1.34780565e-311 
 1.61585000e-08  1.41417864e-311 
 1.61595000e-08  1.34780565e-311 
 1.61605000e-08  1.41417864e-311 
 1.61615000e-08  1.34780565e-311 
 1.61625000e-08  1.41417864e-311 
 1.61635000e-08  1.34780565e-311 
 1.61645000e-08  1.41417864e-311 
 1.61655000e-08  1.34780565e-311 
 1.61665000e-08  1.41417864e-311 
 1.61675000e-08  1.34780565e-311 
 1.61685000e-08  1.41417864e-311 
 1.61695000e-08  1.34780565e-311 
 1.61705000e-08  1.41417864e-311 
 1.61715000e-08  1.34780565e-311 
 1.61725000e-08  1.41417864e-311 
 1.61735000e-08  1.34780565e-311 
 1.61745000e-08  1.41417864e-311 
 1.61755000e-08  1.34780565e-311 
 1.61765000e-08  1.41417864e-311 
 1.61775000e-08  1.34780565e-311 
 1.61785000e-08  1.41417864e-311 
 1.61795000e-08  1.34780565e-311 
 1.61805000e-08  1.41417864e-311 
 1.61815000e-08  1.34780565e-311 
 1.61825000e-08  1.41417864e-311 
 1.61835000e-08  1.34780565e-311 
 1.61845000e-08  1.41417864e-311 
 1.61855000e-08  1.34780565e-311 
 1.61865000e-08  1.41417864e-311 
 1.61875000e-08  1.34780565e-311 
 1.61885000e-08  1.41417864e-311 
 1.61895000e-08  1.34780565e-311 
 1.61905000e-08  1.41417864e-311 
 1.61915000e-08  1.34780565e-311 
 1.61925000e-08  1.41417864e-311 
 1.61935000e-08  1.34780565e-311 
 1.61945000e-08  1.41417864e-311 
 1.61955000e-08  1.34780565e-311 
 1.61965000e-08  1.41417864e-311 
 1.61975000e-08  1.34780565e-311 
 1.61985000e-08  1.41417864e-311 
 1.61995000e-08  1.34780565e-311 
 1.62005000e-08  1.41417864e-311 
 1.62015000e-08  1.34780565e-311 
 1.62025000e-08  1.41417864e-311 
 1.62035000e-08  1.34780565e-311 
 1.62045000e-08  1.41417864e-311 
 1.62055000e-08  1.34780565e-311 
 1.62065000e-08  1.41417864e-311 
 1.62075000e-08  1.34780565e-311 
 1.62085000e-08  1.41417864e-311 
 1.62095000e-08  1.34780565e-311 
 1.62105000e-08  1.41417864e-311 
 1.62115000e-08  1.34780565e-311 
 1.62125000e-08  1.41417864e-311 
 1.62135000e-08  1.34780565e-311 
 1.62145000e-08  1.41417864e-311 
 1.62155000e-08  1.34780565e-311 
 1.62165000e-08  1.41417864e-311 
 1.62175000e-08  1.34780565e-311 
 1.62185000e-08  1.41417864e-311 
 1.62195000e-08  1.34780565e-311 
 1.62205000e-08  1.41417864e-311 
 1.62215000e-08  1.34780565e-311 
 1.62225000e-08  1.41417864e-311 
 1.62235000e-08  1.34780565e-311 
 1.62245000e-08  1.41417864e-311 
 1.62255000e-08  1.34780565e-311 
 1.62265000e-08  1.41417864e-311 
 1.62275000e-08  1.34780565e-311 
 1.62285000e-08  1.41417864e-311 
 1.62295000e-08  1.34780565e-311 
 1.62305000e-08  1.41417864e-311 
 1.62315000e-08  1.34780565e-311 
 1.62325000e-08  1.41417864e-311 
 1.62335000e-08  1.34780565e-311 
 1.62345000e-08  1.41417864e-311 
 1.62355000e-08  1.34780565e-311 
 1.62365000e-08  1.41417864e-311 
 1.62375000e-08  1.34780565e-311 
 1.62385000e-08  1.41417864e-311 
 1.62395000e-08  1.34780565e-311 
 1.62405000e-08  1.41417864e-311 
 1.62415000e-08  1.34780565e-311 
 1.62425000e-08  1.41417864e-311 
 1.62435000e-08  1.34780565e-311 
 1.62445000e-08  1.41417864e-311 
 1.62455000e-08  1.34780565e-311 
 1.62465000e-08  1.41417864e-311 
 1.62475000e-08  1.34780565e-311 
 1.62485000e-08  1.41417864e-311 
 1.62495000e-08  1.34780565e-311 
 1.62505000e-08  1.41417864e-311 
 1.62515000e-08  1.34780565e-311 
 1.62525000e-08  1.41417864e-311 
 1.62535000e-08  1.34780565e-311 
 1.62545000e-08  1.41417864e-311 
 1.62555000e-08  1.34780565e-311 
 1.62565000e-08  1.41417864e-311 
 1.62575000e-08  1.34780565e-311 
 1.62585000e-08  1.41417864e-311 
 1.62595000e-08  1.34780565e-311 
 1.62605000e-08  1.41417864e-311 
 1.62615000e-08  1.34780565e-311 
 1.62625000e-08  1.41417864e-311 
 1.62635000e-08  1.34780565e-311 
 1.62645000e-08  1.41417864e-311 
 1.62655000e-08  1.34780565e-311 
 1.62665000e-08  1.41417864e-311 
 1.62675000e-08  1.34780565e-311 
 1.62685000e-08  1.41417864e-311 
 1.62695000e-08  1.34780565e-311 
 1.62705000e-08  1.41417864e-311 
 1.62715000e-08  1.34780565e-311 
 1.62725000e-08  1.41417864e-311 
 1.62735000e-08  1.34780565e-311 
 1.62745000e-08  1.41417864e-311 
 1.62755000e-08  1.34780565e-311 
 1.62765000e-08  1.41417864e-311 
 1.62775000e-08  1.34780565e-311 
 1.62785000e-08  1.41417864e-311 
 1.62795000e-08  1.34780565e-311 
 1.62805000e-08  1.41417864e-311 
 1.62815000e-08  1.34780565e-311 
 1.62825000e-08  1.41417864e-311 
 1.62835000e-08  1.34780565e-311 
 1.62845000e-08  1.41417864e-311 
 1.62855000e-08  1.34780565e-311 
 1.62865000e-08  1.41417864e-311 
 1.62875000e-08  1.34780565e-311 
 1.62885000e-08  1.41417864e-311 
 1.62895000e-08  1.34780565e-311 
 1.62905000e-08  1.41417864e-311 
 1.62915000e-08  1.34780565e-311 
 1.62925000e-08  1.41417864e-311 
 1.62935000e-08  1.34780565e-311 
 1.62945000e-08  1.41417864e-311 
 1.62955000e-08  1.34780565e-311 
 1.62965000e-08  1.41417864e-311 
 1.62975000e-08  1.34780565e-311 
 1.62985000e-08  1.41417864e-311 
 1.62995000e-08  1.34780565e-311 
 1.63005000e-08  1.41417864e-311 
 1.63015000e-08  1.34780565e-311 
 1.63025000e-08  1.41417864e-311 
 1.63035000e-08  1.34780565e-311 
 1.63045000e-08  1.41417864e-311 
 1.63055000e-08  1.34780565e-311 
 1.63065000e-08  1.41417864e-311 
 1.63075000e-08  1.34780565e-311 
 1.63085000e-08  1.41417864e-311 
 1.63095000e-08  1.34780565e-311 
 1.63105000e-08  1.41417864e-311 
 1.63115000e-08  1.34780565e-311 
 1.63125000e-08  1.41417864e-311 
 1.63135000e-08  1.34780565e-311 
 1.63145000e-08  1.41417864e-311 
 1.63155000e-08  1.34780565e-311 
 1.63165000e-08  1.41417864e-311 
 1.63175000e-08  1.34780565e-311 
 1.63185000e-08  1.41417864e-311 
 1.63195000e-08  1.34780565e-311 
 1.63205000e-08  1.41417864e-311 
 1.63215000e-08  1.34780565e-311 
 1.63225000e-08  1.41417864e-311 
 1.63235000e-08  1.34780565e-311 
 1.63245000e-08  1.41417864e-311 
 1.63255000e-08  1.34780565e-311 
 1.63265000e-08  1.41417864e-311 
 1.63275000e-08  1.34780565e-311 
 1.63285000e-08  1.41417864e-311 
 1.63295000e-08  1.34780565e-311 
 1.63305000e-08  1.41417864e-311 
 1.63315000e-08  1.34780565e-311 
 1.63325000e-08  1.41417864e-311 
 1.63335000e-08  1.34780565e-311 
 1.63345000e-08  1.41417864e-311 
 1.63355000e-08  1.34780565e-311 
 1.63365000e-08  1.41417864e-311 
 1.63375000e-08  1.34780565e-311 
 1.63385000e-08  1.41417864e-311 
 1.63395000e-08  1.34780565e-311 
 1.63405000e-08  1.41417864e-311 
 1.63415000e-08  1.34780565e-311 
 1.63425000e-08  1.41417864e-311 
 1.63435000e-08  1.34780565e-311 
 1.63445000e-08  1.41417864e-311 
 1.63455000e-08  1.34780565e-311 
 1.63465000e-08  1.41417864e-311 
 1.63475000e-08  1.34780565e-311 
 1.63485000e-08  1.41417864e-311 
 1.63495000e-08  1.34780565e-311 
 1.63505000e-08  1.41417864e-311 
 1.63515000e-08  1.34780565e-311 
 1.63525000e-08  1.41417864e-311 
 1.63535000e-08  1.34780565e-311 
 1.63545000e-08  1.41417864e-311 
 1.63555000e-08  1.34780565e-311 
 1.63565000e-08  1.41417864e-311 
 1.63575000e-08  1.34780565e-311 
 1.63585000e-08  1.41417864e-311 
 1.63595000e-08  1.34780565e-311 
 1.63605000e-08  1.41417864e-311 
 1.63615000e-08  1.34780565e-311 
 1.63625000e-08  1.41417864e-311 
 1.63635000e-08  1.34780565e-311 
 1.63645000e-08  1.41417864e-311 
 1.63655000e-08  1.34780565e-311 
 1.63665000e-08  1.41417864e-311 
 1.63675000e-08  1.34780565e-311 
 1.63685000e-08  1.41417864e-311 
 1.63695000e-08  1.34780565e-311 
 1.63705000e-08  1.41417864e-311 
 1.63715000e-08  1.34780565e-311 
 1.63725000e-08  1.41417864e-311 
 1.63735000e-08  1.34780565e-311 
 1.63745000e-08  1.41417864e-311 
 1.63755000e-08  1.34780565e-311 
 1.63765000e-08  1.41417864e-311 
 1.63775000e-08  1.34780565e-311 
 1.63785000e-08  1.41417864e-311 
 1.63795000e-08  1.34780565e-311 
 1.63805000e-08  1.41417864e-311 
 1.63815000e-08  1.34780565e-311 
 1.63825000e-08  1.41417864e-311 
 1.63835000e-08  1.34780565e-311 
 1.63845000e-08  1.41417864e-311 
 1.63855000e-08  1.34780565e-311 
 1.63865000e-08  1.41417864e-311 
 1.63875000e-08  1.34780565e-311 
 1.63885000e-08  1.41417864e-311 
 1.63895000e-08  1.34780565e-311 
 1.63905000e-08  1.41417864e-311 
 1.63915000e-08  1.34780565e-311 
 1.63925000e-08  1.41417864e-311 
 1.63935000e-08  1.34780565e-311 
 1.63945000e-08  1.41417864e-311 
 1.63955000e-08  1.34780565e-311 
 1.63965000e-08  1.41417864e-311 
 1.63975000e-08  1.34780565e-311 
 1.63985000e-08  1.41417864e-311 
 1.63995000e-08  1.34780565e-311 
 1.64005000e-08  1.41417864e-311 
 1.64015000e-08  1.34780565e-311 
 1.64025000e-08  1.41417864e-311 
 1.64035000e-08  1.34780565e-311 
 1.64045000e-08  1.41417864e-311 
 1.64055000e-08  1.34780565e-311 
 1.64065000e-08  1.41417864e-311 
 1.64075000e-08  1.34780565e-311 
 1.64085000e-08  1.41417864e-311 
 1.64095000e-08  1.34780565e-311 
 1.64105000e-08  1.41417864e-311 
 1.64115000e-08  1.34780565e-311 
 1.64125000e-08  1.41417864e-311 
 1.64135000e-08  1.34780565e-311 
 1.64145000e-08  1.41417864e-311 
 1.64155000e-08  1.34780565e-311 
 1.64165000e-08  1.41417864e-311 
 1.64175000e-08  1.34780565e-311 
 1.64185000e-08  1.41417864e-311 
 1.64195000e-08  1.34780565e-311 
 1.64205000e-08  1.41417864e-311 
 1.64215000e-08  1.34780565e-311 
 1.64225000e-08  1.41417864e-311 
 1.64235000e-08  1.34780565e-311 
 1.64245000e-08  1.41417864e-311 
 1.64255000e-08  1.34780565e-311 
 1.64265000e-08  1.41417864e-311 
 1.64275000e-08  1.34780565e-311 
 1.64285000e-08  1.41417864e-311 
 1.64295000e-08  1.34780565e-311 
 1.64305000e-08  1.41417864e-311 
 1.64315000e-08  1.34780565e-311 
 1.64325000e-08  1.41417864e-311 
 1.64335000e-08  1.34780565e-311 
 1.64345000e-08  1.41417864e-311 
 1.64355000e-08  1.34780565e-311 
 1.64365000e-08  1.41417864e-311 
 1.64375000e-08  1.34780565e-311 
 1.64385000e-08  1.41417864e-311 
 1.64395000e-08  1.34780565e-311 
 1.64405000e-08  1.41417864e-311 
 1.64415000e-08  1.34780565e-311 
 1.64425000e-08  1.41417864e-311 
 1.64435000e-08  1.34780565e-311 
 1.64445000e-08  1.41417864e-311 
 1.64455000e-08  1.34780565e-311 
 1.64465000e-08  1.41417864e-311 
 1.64475000e-08  1.34780565e-311 
 1.64485000e-08  1.41417864e-311 
 1.64495000e-08  1.34780565e-311 
 1.64505000e-08  1.41417864e-311 
 1.64515000e-08  1.34780565e-311 
 1.64525000e-08  1.41417864e-311 
 1.64535000e-08  1.34780565e-311 
 1.64545000e-08  1.41417864e-311 
 1.64555000e-08  1.34780565e-311 
 1.64565000e-08  1.41417864e-311 
 1.64575000e-08  1.34780565e-311 
 1.64585000e-08  1.41417864e-311 
 1.64595000e-08  1.34780565e-311 
 1.64605000e-08  1.41417864e-311 
 1.64615000e-08  1.34780565e-311 
 1.64625000e-08  1.41417864e-311 
 1.64635000e-08  1.34780565e-311 
 1.64645000e-08  1.41417864e-311 
 1.64655000e-08  1.34780565e-311 
 1.64665000e-08  1.41417864e-311 
 1.64675000e-08  1.34780565e-311 
 1.64685000e-08  1.41417864e-311 
 1.64695000e-08  1.34780565e-311 
 1.64705000e-08  1.41417864e-311 
 1.64715000e-08  1.34780565e-311 
 1.64725000e-08  1.41417864e-311 
 1.64735000e-08  1.34780565e-311 
 1.64745000e-08  1.41417864e-311 
 1.64755000e-08  1.34780565e-311 
 1.64765000e-08  1.41417864e-311 
 1.64775000e-08  1.34780565e-311 
 1.64785000e-08  1.41417864e-311 
 1.64795000e-08  1.34780565e-311 
 1.64805000e-08  1.41417864e-311 
 1.64815000e-08  1.34780565e-311 
 1.64825000e-08  1.41417864e-311 
 1.64835000e-08  1.34780565e-311 
 1.64845000e-08  1.41417864e-311 
 1.64855000e-08  1.34780565e-311 
 1.64865000e-08  1.41417864e-311 
 1.64875000e-08  1.34780565e-311 
 1.64885000e-08  1.41417864e-311 
 1.64895000e-08  1.34780565e-311 
 1.64905000e-08  1.41417864e-311 
 1.64915000e-08  1.34780565e-311 
 1.64925000e-08  1.41417864e-311 
 1.64935000e-08  1.34780565e-311 
 1.64945000e-08  1.41417864e-311 
 1.64955000e-08  1.34780565e-311 
 1.64965000e-08  1.41417864e-311 
 1.64975000e-08  1.34780565e-311 
 1.64985000e-08  1.41417864e-311 
 1.64995000e-08  1.34780565e-311 
 1.65005000e-08  1.41417864e-311 
 1.65015000e-08  1.34780565e-311 
 1.65025000e-08  1.41417864e-311 
 1.65035000e-08  1.34780565e-311 
 1.65045000e-08  1.41417864e-311 
 1.65055000e-08  1.34780565e-311 
 1.65065000e-08  1.41417864e-311 
 1.65075000e-08  1.34780565e-311 
 1.65085000e-08  1.41417864e-311 
 1.65095000e-08  1.34780565e-311 
 1.65105000e-08  1.41417864e-311 
 1.65115000e-08  1.34780565e-311 
 1.65125000e-08  1.41417864e-311 
 1.65135000e-08  1.34780565e-311 
 1.65145000e-08  1.41417864e-311 
 1.65155000e-08  1.34780565e-311 
 1.65165000e-08  1.41417864e-311 
 1.65175000e-08  1.34780565e-311 
 1.65185000e-08  1.41417864e-311 
 1.65195000e-08  1.34780565e-311 
 1.65205000e-08  1.41417864e-311 
 1.65215000e-08  1.34780565e-311 
 1.65225000e-08  1.41417864e-311 
 1.65235000e-08  1.34780565e-311 
 1.65245000e-08  1.41417864e-311 
 1.65255000e-08  1.34780565e-311 
 1.65265000e-08  1.41417864e-311 
 1.65275000e-08  1.34780565e-311 
 1.65285000e-08  1.41417864e-311 
 1.65295000e-08  1.34780565e-311 
 1.65305000e-08  1.41417864e-311 
 1.65315000e-08  1.34780565e-311 
 1.65325000e-08  1.41417864e-311 
 1.65335000e-08  1.34780565e-311 
 1.65345000e-08  1.41417864e-311 
 1.65355000e-08  1.34780565e-311 
 1.65365000e-08  1.41417864e-311 
 1.65375000e-08  1.34780565e-311 
 1.65385000e-08  1.41417864e-311 
 1.65395000e-08  1.34780565e-311 
 1.65405000e-08  1.41417864e-311 
 1.65415000e-08  1.34780565e-311 
 1.65425000e-08  1.41417864e-311 
 1.65435000e-08  1.34780565e-311 
 1.65445000e-08  1.41417864e-311 
 1.65455000e-08  1.34780565e-311 
 1.65465000e-08  1.41417864e-311 
 1.65475000e-08  1.34780565e-311 
 1.65485000e-08  1.41417864e-311 
 1.65495000e-08  1.34780565e-311 
 1.65505000e-08  1.41417864e-311 
 1.65515000e-08  1.34780565e-311 
 1.65525000e-08  1.41417864e-311 
 1.65535000e-08  1.34780565e-311 
 1.65545000e-08  1.41417864e-311 
 1.65555000e-08  1.34780565e-311 
 1.65565000e-08  1.41417864e-311 
 1.65575000e-08  1.34780565e-311 
 1.65585000e-08  1.41417864e-311 
 1.65595000e-08  1.34780565e-311 
 1.65605000e-08  1.41417864e-311 
 1.65615000e-08  1.34780565e-311 
 1.65625000e-08  1.41417864e-311 
 1.65635000e-08  1.34780565e-311 
 1.65645000e-08  1.41417864e-311 
 1.65655000e-08  1.34780565e-311 
 1.65665000e-08  1.41417864e-311 
 1.65675000e-08  1.34780565e-311 
 1.65685000e-08  1.41417864e-311 
 1.65695000e-08  1.34780565e-311 
 1.65705000e-08  1.41417864e-311 
 1.65715000e-08  1.34780565e-311 
 1.65725000e-08  1.41417864e-311 
 1.65735000e-08  1.34780565e-311 
 1.65745000e-08  1.41417864e-311 
 1.65755000e-08  1.34780565e-311 
 1.65765000e-08  1.41417864e-311 
 1.65775000e-08  1.34780565e-311 
 1.65785000e-08  1.41417864e-311 
 1.65795000e-08  1.34780565e-311 
 1.65805000e-08  1.41417864e-311 
 1.65815000e-08  1.34780565e-311 
 1.65825000e-08  1.41417864e-311 
 1.65835000e-08  1.34780565e-311 
 1.65845000e-08  1.41417864e-311 
 1.65855000e-08  1.34780565e-311 
 1.65865000e-08  1.41417864e-311 
 1.65875000e-08  1.34780565e-311 
 1.65885000e-08  1.41417864e-311 
 1.65895000e-08  1.34780565e-311 
 1.65905000e-08  1.41417864e-311 
 1.65915000e-08  1.34780565e-311 
 1.65925000e-08  1.41417864e-311 
 1.65935000e-08  1.34780565e-311 
 1.65945000e-08  1.41417864e-311 
 1.65955000e-08  1.34780565e-311 
 1.65965000e-08  1.41417864e-311 
 1.65975000e-08  1.34780565e-311 
 1.65985000e-08  1.41417864e-311 
 1.65995000e-08  1.34780565e-311 
 1.66005000e-08  1.41417864e-311 
 1.66015000e-08  1.34780565e-311 
 1.66025000e-08  1.41417864e-311 
 1.66035000e-08  1.34780565e-311 
 1.66045000e-08  1.41417864e-311 
 1.66055000e-08  1.34780565e-311 
 1.66065000e-08  1.41417864e-311 
 1.66075000e-08  1.34780565e-311 
 1.66085000e-08  1.41417864e-311 
 1.66095000e-08  1.34780565e-311 
 1.66105000e-08  1.41417864e-311 
 1.66115000e-08  1.34780565e-311 
 1.66125000e-08  1.41417864e-311 
 1.66135000e-08  1.34780565e-311 
 1.66145000e-08  1.41417864e-311 
 1.66155000e-08  1.34780565e-311 
 1.66165000e-08  1.41417864e-311 
 1.66175000e-08  1.34780565e-311 
 1.66185000e-08  1.41417864e-311 
 1.66195000e-08  1.34780565e-311 
 1.66205000e-08  1.41417864e-311 
 1.66215000e-08  1.34780565e-311 
 1.66225000e-08  1.41417864e-311 
 1.66235000e-08  1.34780565e-311 
 1.66245000e-08  1.41417864e-311 
 1.66255000e-08  1.34780565e-311 
 1.66265000e-08  1.41417864e-311 
 1.66275000e-08  1.34780565e-311 
 1.66285000e-08  1.41417864e-311 
 1.66295000e-08  1.34780565e-311 
 1.66305000e-08  1.41417864e-311 
 1.66315000e-08  1.34780565e-311 
 1.66325000e-08  1.41417864e-311 
 1.66335000e-08  1.34780565e-311 
 1.66345000e-08  1.41417864e-311 
 1.66355000e-08  1.34780565e-311 
 1.66365000e-08  1.41417864e-311 
 1.66375000e-08  1.34780565e-311 
 1.66385000e-08  1.41417864e-311 
 1.66395000e-08  1.34780565e-311 
 1.66405000e-08  1.41417864e-311 
 1.66415000e-08  1.34780565e-311 
 1.66425000e-08  1.41417864e-311 
 1.66435000e-08  1.34780565e-311 
 1.66445000e-08  1.41417864e-311 
 1.66455000e-08  1.34780565e-311 
 1.66465000e-08  1.41417864e-311 
 1.66475000e-08  1.34780565e-311 
 1.66485000e-08  1.41417864e-311 
 1.66495000e-08  1.34780565e-311 
 1.66505000e-08  1.41417864e-311 
 1.66515000e-08  1.34780565e-311 
 1.66525000e-08  1.41417864e-311 
 1.66535000e-08  1.34780565e-311 
 1.66545000e-08  1.41417864e-311 
 1.66555000e-08  1.34780565e-311 
 1.66565000e-08  1.41417864e-311 
 1.66575000e-08  1.34780565e-311 
 1.66585000e-08  1.41417864e-311 
 1.66595000e-08  1.34780565e-311 
 1.66605000e-08  1.41417864e-311 
 1.66615000e-08  1.34780565e-311 
 1.66625000e-08  1.41417864e-311 
 1.66635000e-08  1.34780565e-311 
 1.66645000e-08  1.41417864e-311 
 1.66655000e-08  1.34780565e-311 
 1.66665000e-08  1.41417864e-311 
 1.66675000e-08  1.34780565e-311 
 1.66685000e-08  1.41417864e-311 
 1.66695000e-08  1.34780565e-311 
 1.66705000e-08  1.41417864e-311 
 1.66715000e-08  1.34780565e-311 
 1.66725000e-08  1.41417864e-311 
 1.66735000e-08  1.34780565e-311 
 1.66745000e-08  1.41417864e-311 
 1.66755000e-08  1.34780565e-311 
 1.66765000e-08  1.41417864e-311 
 1.66775000e-08  1.34780565e-311 
 1.66785000e-08  1.41417864e-311 
 1.66795000e-08  1.34780565e-311 
 1.66805000e-08  1.41417864e-311 
 1.66815000e-08  1.34780565e-311 
 1.66825000e-08  1.41417864e-311 
 1.66835000e-08  1.34780565e-311 
 1.66845000e-08  1.41417864e-311 
 1.66855000e-08  1.34780565e-311 
 1.66865000e-08  1.41417864e-311 
 1.66875000e-08  1.34780565e-311 
 1.66885000e-08  1.41417864e-311 
 1.66895000e-08  1.34780565e-311 
 1.66905000e-08  1.41417864e-311 
 1.66915000e-08  1.34780565e-311 
 1.66925000e-08  1.41417864e-311 
 1.66935000e-08  1.34780565e-311 
 1.66945000e-08  1.41417864e-311 
 1.66955000e-08  1.34780565e-311 
 1.66965000e-08  1.41417864e-311 
 1.66975000e-08  1.34780565e-311 
 1.66985000e-08  1.41417864e-311 
 1.66995000e-08  1.34780565e-311 
 1.67005000e-08  1.41417864e-311 
 1.67015000e-08  1.34780565e-311 
 1.67025000e-08  1.41417864e-311 
 1.67035000e-08  1.34780565e-311 
 1.67045000e-08  1.41417864e-311 
 1.67055000e-08  1.34780565e-311 
 1.67065000e-08  1.41417864e-311 
 1.67075000e-08  1.34780565e-311 
 1.67085000e-08  1.41417864e-311 
 1.67095000e-08  1.34780565e-311 
 1.67105000e-08  1.41417864e-311 
 1.67115000e-08  1.34780565e-311 
 1.67125000e-08  1.41417864e-311 
 1.67135000e-08  1.34780565e-311 
 1.67145000e-08  1.41417864e-311 
 1.67155000e-08  1.34780565e-311 
 1.67165000e-08  1.41417864e-311 
 1.67175000e-08  1.34780565e-311 
 1.67185000e-08  1.41417864e-311 
 1.67195000e-08  1.34780565e-311 
 1.67205000e-08  1.41417864e-311 
 1.67215000e-08  1.34780565e-311 
 1.67225000e-08  1.41417864e-311 
 1.67235000e-08  1.34780565e-311 
 1.67245000e-08  1.41417864e-311 
 1.67255000e-08  1.34780565e-311 
 1.67265000e-08  1.41417864e-311 
 1.67275000e-08  1.34780565e-311 
 1.67285000e-08  1.41417864e-311 
 1.67295000e-08  1.34780565e-311 
 1.67305000e-08  1.41417864e-311 
 1.67315000e-08  1.34780565e-311 
 1.67325000e-08  1.41417864e-311 
 1.67335000e-08  1.34780565e-311 
 1.67345000e-08  1.41417864e-311 
 1.67355000e-08  1.34780565e-311 
 1.67365000e-08  1.41417864e-311 
 1.67375000e-08  1.34780565e-311 
 1.67385000e-08  1.41417864e-311 
 1.67395000e-08  1.34780565e-311 
 1.67405000e-08  1.41417864e-311 
 1.67415000e-08  1.34780565e-311 
 1.67425000e-08  1.41417864e-311 
 1.67435000e-08  1.34780565e-311 
 1.67445000e-08  1.41417864e-311 
 1.67455000e-08  1.34780565e-311 
 1.67465000e-08  1.41417864e-311 
 1.67475000e-08  1.34780565e-311 
 1.67485000e-08  1.41417864e-311 
 1.67495000e-08  1.34780565e-311 
 1.67505000e-08  1.41417864e-311 
 1.67515000e-08  1.34780565e-311 
 1.67525000e-08  1.41417864e-311 
 1.67535000e-08  1.34780565e-311 
 1.67545000e-08  1.41417864e-311 
 1.67555000e-08  1.34780565e-311 
 1.67565000e-08  1.41417864e-311 
 1.67575000e-08  1.34780565e-311 
 1.67585000e-08  1.41417864e-311 
 1.67595000e-08  1.34780565e-311 
 1.67605000e-08  1.41417864e-311 
 1.67615000e-08  1.34780565e-311 
 1.67625000e-08  1.41417864e-311 
 1.67635000e-08  1.34780565e-311 
 1.67645000e-08  1.41417864e-311 
 1.67655000e-08  1.34780565e-311 
 1.67665000e-08  1.41417864e-311 
 1.67675000e-08  1.34780565e-311 
 1.67685000e-08  1.41417864e-311 
 1.67695000e-08  1.34780565e-311 
 1.67705000e-08  1.41417864e-311 
 1.67715000e-08  1.34780565e-311 
 1.67725000e-08  1.41417864e-311 
 1.67735000e-08  1.34780565e-311 
 1.67745000e-08  1.41417864e-311 
 1.67755000e-08  1.34780565e-311 
 1.67765000e-08  1.41417864e-311 
 1.67775000e-08  1.34780565e-311 
 1.67785000e-08  1.41417864e-311 
 1.67795000e-08  1.34780565e-311 
 1.67805000e-08  1.41417864e-311 
 1.67815000e-08  1.34780565e-311 
 1.67825000e-08  1.41417864e-311 
 1.67835000e-08  1.34780565e-311 
 1.67845000e-08  1.41417864e-311 
 1.67855000e-08  1.34780565e-311 
 1.67865000e-08  1.41417864e-311 
 1.67875000e-08  1.34780565e-311 
 1.67885000e-08  1.41417864e-311 
 1.67895000e-08  1.34780565e-311 
 1.67905000e-08  1.41417864e-311 
 1.67915000e-08  1.34780565e-311 
 1.67925000e-08  1.41417864e-311 
 1.67935000e-08  1.34780565e-311 
 1.67945000e-08  1.41417864e-311 
 1.67955000e-08  1.34780565e-311 
 1.67965000e-08  1.41417864e-311 
 1.67975000e-08  1.34780565e-311 
 1.67985000e-08  1.41417864e-311 
 1.67995000e-08  1.34780565e-311 
 1.68005000e-08  1.41417864e-311 
 1.68015000e-08  1.34780565e-311 
 1.68025000e-08  1.41417864e-311 
 1.68035000e-08  1.34780565e-311 
 1.68045000e-08  1.41417864e-311 
 1.68055000e-08  1.34780565e-311 
 1.68065000e-08  1.41417864e-311 
 1.68075000e-08  1.34780565e-311 
 1.68085000e-08  1.41417864e-311 
 1.68095000e-08  1.34780565e-311 
 1.68105000e-08  1.41417864e-311 
 1.68115000e-08  1.34780565e-311 
 1.68125000e-08  1.41417864e-311 
 1.68135000e-08  1.34780565e-311 
 1.68145000e-08  1.41417864e-311 
 1.68155000e-08  1.34780565e-311 
 1.68165000e-08  1.41417864e-311 
 1.68175000e-08  1.34780565e-311 
 1.68185000e-08  1.41417864e-311 
 1.68195000e-08  1.34780565e-311 
 1.68205000e-08  1.41417864e-311 
 1.68215000e-08  1.34780565e-311 
 1.68225000e-08  1.41417864e-311 
 1.68235000e-08  1.34780565e-311 
 1.68245000e-08  1.41417864e-311 
 1.68255000e-08  1.34780565e-311 
 1.68265000e-08  1.41417864e-311 
 1.68275000e-08  1.34780565e-311 
 1.68285000e-08  1.41417864e-311 
 1.68295000e-08  1.34780565e-311 
 1.68305000e-08  1.41417864e-311 
 1.68315000e-08  1.34780565e-311 
 1.68325000e-08  1.41417864e-311 
 1.68335000e-08  1.34780565e-311 
 1.68345000e-08  1.41417864e-311 
 1.68355000e-08  1.34780565e-311 
 1.68365000e-08  1.41417864e-311 
 1.68375000e-08  1.34780565e-311 
 1.68385000e-08  1.41417864e-311 
 1.68395000e-08  1.34780565e-311 
 1.68405000e-08  1.41417864e-311 
 1.68415000e-08  1.34780565e-311 
 1.68425000e-08  1.41417864e-311 
 1.68435000e-08  1.34780565e-311 
 1.68445000e-08  1.41417864e-311 
 1.68455000e-08  1.34780565e-311 
 1.68465000e-08  1.41417864e-311 
 1.68475000e-08  1.34780565e-311 
 1.68485000e-08  1.41417864e-311 
 1.68495000e-08  1.34780565e-311 
 1.68505000e-08  1.41417864e-311 
 1.68515000e-08  1.34780565e-311 
 1.68525000e-08  1.41417864e-311 
 1.68535000e-08  1.34780565e-311 
 1.68545000e-08  1.41417864e-311 
 1.68555000e-08  1.34780565e-311 
 1.68565000e-08  1.41417864e-311 
 1.68575000e-08  1.34780565e-311 
 1.68585000e-08  1.41417864e-311 
 1.68595000e-08  1.34780565e-311 
 1.68605000e-08  1.41417864e-311 
 1.68615000e-08  1.34780565e-311 
 1.68625000e-08  1.41417864e-311 
 1.68635000e-08  1.34780565e-311 
 1.68645000e-08  1.41417864e-311 
 1.68655000e-08  1.34780565e-311 
 1.68665000e-08  1.41417864e-311 
 1.68675000e-08  1.34780565e-311 
 1.68685000e-08  1.41417864e-311 
 1.68695000e-08  1.34780565e-311 
 1.68705000e-08  1.41417864e-311 
 1.68715000e-08  1.34780565e-311 
 1.68725000e-08  1.41417864e-311 
 1.68735000e-08  1.34780565e-311 
 1.68745000e-08  1.41417864e-311 
 1.68755000e-08  1.34780565e-311 
 1.68765000e-08  1.41417864e-311 
 1.68775000e-08  1.34780565e-311 
 1.68785000e-08  1.41417864e-311 
 1.68795000e-08  1.34780565e-311 
 1.68805000e-08  1.41417864e-311 
 1.68815000e-08  1.34780565e-311 
 1.68825000e-08  1.41417864e-311 
 1.68835000e-08  1.34780565e-311 
 1.68845000e-08  1.41417864e-311 
 1.68855000e-08  1.34780565e-311 
 1.68865000e-08  1.41417864e-311 
 1.68875000e-08  1.34780565e-311 
 1.68885000e-08  1.41417864e-311 
 1.68895000e-08  1.34780565e-311 
 1.68905000e-08  1.41417864e-311 
 1.68915000e-08  1.34780565e-311 
 1.68925000e-08  1.41417864e-311 
 1.68935000e-08  1.34780565e-311 
 1.68945000e-08  1.41417864e-311 
 1.68955000e-08  1.34780565e-311 
 1.68965000e-08  1.41417864e-311 
 1.68975000e-08  1.34780565e-311 
 1.68985000e-08  1.41417864e-311 
 1.68995000e-08  1.34780565e-311 
 1.69005000e-08  1.41417864e-311 
 1.69015000e-08  1.34780565e-311 
 1.69025000e-08  1.41417864e-311 
 1.69035000e-08  1.34780565e-311 
 1.69045000e-08  1.41417864e-311 
 1.69055000e-08  1.34780565e-311 
 1.69065000e-08  1.41417864e-311 
 1.69075000e-08  1.34780565e-311 
 1.69085000e-08  1.41417864e-311 
 1.69095000e-08  1.34780565e-311 
 1.69105000e-08  1.41417864e-311 
 1.69115000e-08  1.34780565e-311 
 1.69125000e-08  1.41417864e-311 
 1.69135000e-08  1.34780565e-311 
 1.69145000e-08  1.41417864e-311 
 1.69155000e-08  1.34780565e-311 
 1.69165000e-08  1.41417864e-311 
 1.69175000e-08  1.34780565e-311 
 1.69185000e-08  1.41417864e-311 
 1.69195000e-08  1.34780565e-311 
 1.69205000e-08  1.41417864e-311 
 1.69215000e-08  1.34780565e-311 
 1.69225000e-08  1.41417864e-311 
 1.69235000e-08  1.34780565e-311 
 1.69245000e-08  1.41417864e-311 
 1.69255000e-08  1.34780565e-311 
 1.69265000e-08  1.41417864e-311 
 1.69275000e-08  1.34780565e-311 
 1.69285000e-08  1.41417864e-311 
 1.69295000e-08  1.34780565e-311 
 1.69305000e-08  1.41417864e-311 
 1.69315000e-08  1.34780565e-311 
 1.69325000e-08  1.41417864e-311 
 1.69335000e-08  1.34780565e-311 
 1.69345000e-08  1.41417864e-311 
 1.69355000e-08  1.34780565e-311 
 1.69365000e-08  1.41417864e-311 
 1.69375000e-08  1.34780565e-311 
 1.69385000e-08  1.41417864e-311 
 1.69395000e-08  1.34780565e-311 
 1.69405000e-08  1.41417864e-311 
 1.69415000e-08  1.34780565e-311 
 1.69425000e-08  1.41417864e-311 
 1.69435000e-08  1.34780565e-311 
 1.69445000e-08  1.41417864e-311 
 1.69455000e-08  1.34780565e-311 
 1.69465000e-08  1.41417864e-311 
 1.69475000e-08  1.34780565e-311 
 1.69485000e-08  1.41417864e-311 
 1.69495000e-08  1.34780565e-311 
 1.69505000e-08  1.41417864e-311 
 1.69515000e-08  1.34780565e-311 
 1.69525000e-08  1.41417864e-311 
 1.69535000e-08  1.34780565e-311 
 1.69545000e-08  1.41417864e-311 
 1.69555000e-08  1.34780565e-311 
 1.69565000e-08  1.41417864e-311 
 1.69575000e-08  1.34780565e-311 
 1.69585000e-08  1.41417864e-311 
 1.69595000e-08  1.34780565e-311 
 1.69605000e-08  1.41417864e-311 
 1.69615000e-08  1.34780565e-311 
 1.69625000e-08  1.41417864e-311 
 1.69635000e-08  1.34780565e-311 
 1.69645000e-08  1.41417864e-311 
 1.69655000e-08  1.34780565e-311 
 1.69665000e-08  1.41417864e-311 
 1.69675000e-08  1.34780565e-311 
 1.69685000e-08  1.41417864e-311 
 1.69695000e-08  1.34780565e-311 
 1.69705000e-08  1.41417864e-311 
 1.69715000e-08  1.34780565e-311 
 1.69725000e-08  1.41417864e-311 
 1.69735000e-08  1.34780565e-311 
 1.69745000e-08  1.41417864e-311 
 1.69755000e-08  1.34780565e-311 
 1.69765000e-08  1.41417864e-311 
 1.69775000e-08  1.34780565e-311 
 1.69785000e-08  1.41417864e-311 
 1.69795000e-08  1.34780565e-311 
 1.69805000e-08  1.41417864e-311 
 1.69815000e-08  1.34780565e-311 
 1.69825000e-08  1.41417864e-311 
 1.69835000e-08  1.34780565e-311 
 1.69845000e-08  1.41417864e-311 
 1.69855000e-08  1.34780565e-311 
 1.69865000e-08  1.41417864e-311 
 1.69875000e-08  1.34780565e-311 
 1.69885000e-08  1.41417864e-311 
 1.69895000e-08  1.34780565e-311 
 1.69905000e-08  1.41417864e-311 
 1.69915000e-08  1.34780565e-311 
 1.69925000e-08  1.41417864e-311 
 1.69935000e-08  1.34780565e-311 
 1.69945000e-08  1.41417864e-311 
 1.69955000e-08  1.34780565e-311 
 1.69965000e-08  1.41417864e-311 
 1.69975000e-08  1.34780565e-311 
 1.69985000e-08  1.41417864e-311 
 1.69995000e-08  1.34780565e-311 
 1.70005000e-08  1.41417864e-311 
 1.70015000e-08  1.34780565e-311 
 1.70025000e-08  1.41417864e-311 
 1.70035000e-08  1.34780565e-311 
 1.70045000e-08  1.41417864e-311 
 1.70055000e-08  1.34780565e-311 
 1.70065000e-08  1.41417864e-311 
 1.70075000e-08  1.34780565e-311 
 1.70085000e-08  1.41417864e-311 
 1.70095000e-08  1.34780565e-311 
 1.70105000e-08  1.41417864e-311 
 1.70115000e-08  1.34780565e-311 
 1.70125000e-08  1.41417864e-311 
 1.70135000e-08  1.34780565e-311 
 1.70145000e-08  1.41417864e-311 
 1.70155000e-08  1.34780565e-311 
 1.70165000e-08  1.41417864e-311 
 1.70175000e-08  1.34780565e-311 
 1.70185000e-08  1.41417864e-311 
 1.70195000e-08  1.34780565e-311 
 1.70205000e-08  1.41417864e-311 
 1.70215000e-08  1.34780565e-311 
 1.70225000e-08  1.41417864e-311 
 1.70235000e-08  1.34780565e-311 
 1.70245000e-08  1.41417864e-311 
 1.70255000e-08  1.34780565e-311 
 1.70265000e-08  1.41417864e-311 
 1.70275000e-08  1.34780565e-311 
 1.70285000e-08  1.41417864e-311 
 1.70295000e-08  1.34780565e-311 
 1.70305000e-08  1.41417864e-311 
 1.70315000e-08  1.34780565e-311 
 1.70325000e-08  1.41417864e-311 
 1.70335000e-08  1.34780565e-311 
 1.70345000e-08  1.41417864e-311 
 1.70355000e-08  1.34780565e-311 
 1.70365000e-08  1.41417864e-311 
 1.70375000e-08  1.34780565e-311 
 1.70385000e-08  1.41417864e-311 
 1.70395000e-08  1.34780565e-311 
 1.70405000e-08  1.41417864e-311 
 1.70415000e-08  1.34780565e-311 
 1.70425000e-08  1.41417864e-311 
 1.70435000e-08  1.34780565e-311 
 1.70445000e-08  1.41417864e-311 
 1.70455000e-08  1.34780565e-311 
 1.70465000e-08  1.41417864e-311 
 1.70475000e-08  1.34780565e-311 
 1.70485000e-08  1.41417864e-311 
 1.70495000e-08  1.34780565e-311 
 1.70505000e-08  1.41417864e-311 
 1.70515000e-08  1.34780565e-311 
 1.70525000e-08  1.41417864e-311 
 1.70535000e-08  1.34780565e-311 
 1.70545000e-08  1.41417864e-311 
 1.70555000e-08  1.34780565e-311 
 1.70565000e-08  1.41417864e-311 
 1.70575000e-08  1.34780565e-311 
 1.70585000e-08  1.41417864e-311 
 1.70595000e-08  1.34780565e-311 
 1.70605000e-08  1.41417864e-311 
 1.70615000e-08  1.34780565e-311 
 1.70625000e-08  1.41417864e-311 
 1.70635000e-08  1.34780565e-311 
 1.70645000e-08  1.41417864e-311 
 1.70655000e-08  1.34780565e-311 
 1.70665000e-08  1.41417864e-311 
 1.70675000e-08  1.34780565e-311 
 1.70685000e-08  1.41417864e-311 
 1.70695000e-08  1.34780565e-311 
 1.70705000e-08  1.41417864e-311 
 1.70715000e-08  1.34780565e-311 
 1.70725000e-08  1.41417864e-311 
 1.70735000e-08  1.34780565e-311 
 1.70745000e-08  1.41417864e-311 
 1.70755000e-08  1.34780565e-311 
 1.70765000e-08  1.41417864e-311 
 1.70775000e-08  1.34780565e-311 
 1.70785000e-08  1.41417864e-311 
 1.70795000e-08  1.34780565e-311 
 1.70805000e-08  1.41417864e-311 
 1.70815000e-08  1.34780565e-311 
 1.70825000e-08  1.41417864e-311 
 1.70835000e-08  1.34780565e-311 
 1.70845000e-08  1.41417864e-311 
 1.70855000e-08  1.34780565e-311 
 1.70865000e-08  1.41417864e-311 
 1.70875000e-08  1.34780565e-311 
 1.70885000e-08  1.41417864e-311 
 1.70895000e-08  1.34780565e-311 
 1.70905000e-08  1.41417864e-311 
 1.70915000e-08  1.34780565e-311 
 1.70925000e-08  1.41417864e-311 
 1.70935000e-08  1.34780565e-311 
 1.70945000e-08  1.41417864e-311 
 1.70955000e-08  1.34780565e-311 
 1.70965000e-08  1.41417864e-311 
 1.70975000e-08  1.34780565e-311 
 1.70985000e-08  1.41417864e-311 
 1.70995000e-08  1.34780565e-311 
 1.71005000e-08  1.41417864e-311 
 1.71015000e-08  1.34780565e-311 
 1.71025000e-08  1.41417864e-311 
 1.71035000e-08  1.34780565e-311 
 1.71045000e-08  1.41417864e-311 
 1.71055000e-08  1.34780565e-311 
 1.71065000e-08  1.41417864e-311 
 1.71075000e-08  1.34780565e-311 
 1.71085000e-08  1.41417864e-311 
 1.71095000e-08  1.34780565e-311 
 1.71105000e-08  1.41417864e-311 
 1.71115000e-08  1.34780565e-311 
 1.71125000e-08  1.41417864e-311 
 1.71135000e-08  1.34780565e-311 
 1.71145000e-08  1.41417864e-311 
 1.71155000e-08  1.34780565e-311 
 1.71165000e-08  1.41417864e-311 
 1.71175000e-08  1.34780565e-311 
 1.71185000e-08  1.41417864e-311 
 1.71195000e-08  1.34780565e-311 
 1.71205000e-08  1.41417864e-311 
 1.71215000e-08  1.34780565e-311 
 1.71225000e-08  1.41417864e-311 
 1.71235000e-08  1.34780565e-311 
 1.71245000e-08  1.41417864e-311 
 1.71255000e-08  1.34780565e-311 
 1.71265000e-08  1.41417864e-311 
 1.71275000e-08  1.34780565e-311 
 1.71285000e-08  1.41417864e-311 
 1.71295000e-08  1.34780565e-311 
 1.71305000e-08  1.41417864e-311 
 1.71315000e-08  1.34780565e-311 
 1.71325000e-08  1.41417864e-311 
 1.71335000e-08  1.34780565e-311 
 1.71345000e-08  1.41417864e-311 
 1.71355000e-08  1.34780565e-311 
 1.71365000e-08  1.41417864e-311 
 1.71375000e-08  1.34780565e-311 
 1.71385000e-08  1.41417864e-311 
 1.71395000e-08  1.34780565e-311 
 1.71405000e-08  1.41417864e-311 
 1.71415000e-08  1.34780565e-311 
 1.71425000e-08  1.41417864e-311 
 1.71435000e-08  1.34780565e-311 
 1.71445000e-08  1.41417864e-311 
 1.71455000e-08  1.34780565e-311 
 1.71465000e-08  1.41417864e-311 
 1.71475000e-08  1.34780565e-311 
 1.71485000e-08  1.41417864e-311 
 1.71495000e-08  1.34780565e-311 
 1.71505000e-08  1.41417864e-311 
 1.71515000e-08  1.34780565e-311 
 1.71525000e-08  1.41417864e-311 
 1.71535000e-08  1.34780565e-311 
 1.71545000e-08  1.41417864e-311 
 1.71555000e-08  1.34780565e-311 
 1.71565000e-08  1.41417864e-311 
 1.71575000e-08  1.34780565e-311 
 1.71585000e-08  1.41417864e-311 
 1.71595000e-08  1.34780565e-311 
 1.71605000e-08  1.41417864e-311 
 1.71615000e-08  1.34780565e-311 
 1.71625000e-08  1.41417864e-311 
 1.71635000e-08  1.34780565e-311 
 1.71645000e-08  1.41417864e-311 
 1.71655000e-08  1.34780565e-311 
 1.71665000e-08  1.41417864e-311 
 1.71675000e-08  1.34780565e-311 
 1.71685000e-08  1.41417864e-311 
 1.71695000e-08  1.34780565e-311 
 1.71705000e-08  1.41417864e-311 
 1.71715000e-08  1.34780565e-311 
 1.71725000e-08  1.41417864e-311 
 1.71735000e-08  1.34780565e-311 
 1.71745000e-08  1.41417864e-311 
 1.71755000e-08  1.34780565e-311 
 1.71765000e-08  1.41417864e-311 
 1.71775000e-08  1.34780565e-311 
 1.71785000e-08  1.41417864e-311 
 1.71795000e-08  1.34780565e-311 
 1.71805000e-08  1.41417864e-311 
 1.71815000e-08  1.34780565e-311 
 1.71825000e-08  1.41417864e-311 
 1.71835000e-08  1.34780565e-311 
 1.71845000e-08  1.41417864e-311 
 1.71855000e-08  1.34780565e-311 
 1.71865000e-08  1.41417864e-311 
 1.71875000e-08  1.34780565e-311 
 1.71885000e-08  1.41417864e-311 
 1.71895000e-08  1.34780565e-311 
 1.71905000e-08  1.41417864e-311 
 1.71915000e-08  1.34780565e-311 
 1.71925000e-08  1.41417864e-311 
 1.71935000e-08  1.34780565e-311 
 1.71945000e-08  1.41417864e-311 
 1.71955000e-08  1.34780565e-311 
 1.71965000e-08  1.41417864e-311 
 1.71975000e-08  1.34780565e-311 
 1.71985000e-08  1.41417864e-311 
 1.71995000e-08  1.34780565e-311 
 1.72005000e-08  1.41417864e-311 
 1.72015000e-08  1.34780565e-311 
 1.72025000e-08  1.41417864e-311 
 1.72035000e-08  1.34780565e-311 
 1.72045000e-08  1.41417864e-311 
 1.72055000e-08  1.34780565e-311 
 1.72065000e-08  1.41417864e-311 
 1.72075000e-08  1.34780565e-311 
 1.72085000e-08  1.41417864e-311 
 1.72095000e-08  1.34780565e-311 
 1.72105000e-08  1.41417864e-311 
 1.72115000e-08  1.34780565e-311 
 1.72125000e-08  1.41417864e-311 
 1.72135000e-08  1.34780565e-311 
 1.72145000e-08  1.41417864e-311 
 1.72155000e-08  1.34780565e-311 
 1.72165000e-08  1.41417864e-311 
 1.72175000e-08  1.34780565e-311 
 1.72185000e-08  1.41417864e-311 
 1.72195000e-08  1.34780565e-311 
 1.72205000e-08  1.41417864e-311 
 1.72215000e-08  1.34780565e-311 
 1.72225000e-08  1.41417864e-311 
 1.72235000e-08  1.34780565e-311 
 1.72245000e-08  1.41417864e-311 
 1.72255000e-08  1.34780565e-311 
 1.72265000e-08  1.41417864e-311 
 1.72275000e-08  1.34780565e-311 
 1.72285000e-08  1.41417864e-311 
 1.72295000e-08  1.34780565e-311 
 1.72305000e-08  1.41417864e-311 
 1.72315000e-08  1.34780565e-311 
 1.72325000e-08  1.41417864e-311 
 1.72335000e-08  1.34780565e-311 
 1.72345000e-08  1.41417864e-311 
 1.72355000e-08  1.34780565e-311 
 1.72365000e-08  1.41417864e-311 
 1.72375000e-08  1.34780565e-311 
 1.72385000e-08  1.41417864e-311 
 1.72395000e-08  1.34780565e-311 
 1.72405000e-08  1.41417864e-311 
 1.72415000e-08  1.34780565e-311 
 1.72425000e-08  1.41417864e-311 
 1.72435000e-08  1.34780565e-311 
 1.72445000e-08  1.41417864e-311 
 1.72455000e-08  1.34780565e-311 
 1.72465000e-08  1.41417864e-311 
 1.72475000e-08  1.34780565e-311 
 1.72485000e-08  1.41417864e-311 
 1.72495000e-08  1.34780565e-311 
 1.72505000e-08  1.41417864e-311 
 1.72515000e-08  1.34780565e-311 
 1.72525000e-08  1.41417864e-311 
 1.72535000e-08  1.34780565e-311 
 1.72545000e-08  1.41417864e-311 
 1.72555000e-08  1.34780565e-311 
 1.72565000e-08  1.41417864e-311 
 1.72575000e-08  1.34780565e-311 
 1.72585000e-08  1.41417864e-311 
 1.72595000e-08  1.34780565e-311 
 1.72605000e-08  1.41417864e-311 
 1.72615000e-08  1.34780565e-311 
 1.72625000e-08  1.41417864e-311 
 1.72635000e-08  1.34780565e-311 
 1.72645000e-08  1.41417864e-311 
 1.72655000e-08  1.34780565e-311 
 1.72665000e-08  1.41417864e-311 
 1.72675000e-08  1.34780565e-311 
 1.72685000e-08  1.41417864e-311 
 1.72695000e-08  1.34780565e-311 
 1.72705000e-08  1.41417864e-311 
 1.72715000e-08  1.34780565e-311 
 1.72725000e-08  1.41417864e-311 
 1.72735000e-08  1.34780565e-311 
 1.72745000e-08  1.41417864e-311 
 1.72755000e-08  1.34780565e-311 
 1.72765000e-08  1.41417864e-311 
 1.72775000e-08  1.34780565e-311 
 1.72785000e-08  1.41417864e-311 
 1.72795000e-08  1.34780565e-311 
 1.72805000e-08  1.41417864e-311 
 1.72815000e-08  1.34780565e-311 
 1.72825000e-08  1.41417864e-311 
 1.72835000e-08  1.34780565e-311 
 1.72845000e-08  1.41417864e-311 
 1.72855000e-08  1.34780565e-311 
 1.72865000e-08  1.41417864e-311 
 1.72875000e-08  1.34780565e-311 
 1.72885000e-08  1.41417864e-311 
 1.72895000e-08  1.34780565e-311 
 1.72905000e-08  1.41417864e-311 
 1.72915000e-08  1.34780565e-311 
 1.72925000e-08  1.41417864e-311 
 1.72935000e-08  1.34780565e-311 
 1.72945000e-08  1.41417864e-311 
 1.72955000e-08  1.34780565e-311 
 1.72965000e-08  1.41417864e-311 
 1.72975000e-08  1.34780565e-311 
 1.72985000e-08  1.41417864e-311 
 1.72995000e-08  1.34780565e-311 
 1.73005000e-08  1.41417864e-311 
 1.73015000e-08  1.34780565e-311 
 1.73025000e-08  1.41417864e-311 
 1.73035000e-08  1.34780565e-311 
 1.73045000e-08  1.41417864e-311 
 1.73055000e-08  1.34780565e-311 
 1.73065000e-08  1.41417864e-311 
 1.73075000e-08  1.34780565e-311 
 1.73085000e-08  1.41417864e-311 
 1.73095000e-08  1.34780565e-311 
 1.73105000e-08  1.41417864e-311 
 1.73115000e-08  1.34780565e-311 
 1.73125000e-08  1.41417864e-311 
 1.73135000e-08  1.34780565e-311 
 1.73145000e-08  1.41417864e-311 
 1.73155000e-08  1.34780565e-311 
 1.73165000e-08  1.41417864e-311 
 1.73175000e-08  1.34780565e-311 
 1.73185000e-08  1.41417864e-311 
 1.73195000e-08  1.34780565e-311 
 1.73205000e-08  1.41417864e-311 
 1.73215000e-08  1.34780565e-311 
 1.73225000e-08  1.41417864e-311 
 1.73235000e-08  1.34780565e-311 
 1.73245000e-08  1.41417864e-311 
 1.73255000e-08  1.34780565e-311 
 1.73265000e-08  1.41417864e-311 
 1.73275000e-08  1.34780565e-311 
 1.73285000e-08  1.41417864e-311 
 1.73295000e-08  1.34780565e-311 
 1.73305000e-08  1.41417864e-311 
 1.73315000e-08  1.34780565e-311 
 1.73325000e-08  1.41417864e-311 
 1.73335000e-08  1.34780565e-311 
 1.73345000e-08  1.41417864e-311 
 1.73355000e-08  1.34780565e-311 
 1.73365000e-08  1.41417864e-311 
 1.73375000e-08  1.34780565e-311 
 1.73385000e-08  1.41417864e-311 
 1.73395000e-08  1.34780565e-311 
 1.73405000e-08  1.41417864e-311 
 1.73415000e-08  1.34780565e-311 
 1.73425000e-08  1.41417864e-311 
 1.73435000e-08  1.34780565e-311 
 1.73445000e-08  1.41417864e-311 
 1.73455000e-08  1.34780565e-311 
 1.73465000e-08  1.41417864e-311 
 1.73475000e-08  1.34780565e-311 
 1.73485000e-08  1.41417864e-311 
 1.73495000e-08  1.34780565e-311 
 1.73505000e-08  1.41417864e-311 
 1.73515000e-08  1.34780565e-311 
 1.73525000e-08  1.41417864e-311 
 1.73535000e-08  1.34780565e-311 
 1.73545000e-08  1.41417864e-311 
 1.73555000e-08  1.34780565e-311 
 1.73565000e-08  1.41417864e-311 
 1.73575000e-08  1.34780565e-311 
 1.73585000e-08  1.41417864e-311 
 1.73595000e-08  1.34780565e-311 
 1.73605000e-08  1.41417864e-311 
 1.73615000e-08  1.34780565e-311 
 1.73625000e-08  1.41417864e-311 
 1.73635000e-08  1.34780565e-311 
 1.73645000e-08  1.41417864e-311 
 1.73655000e-08  1.34780565e-311 
 1.73665000e-08  1.41417864e-311 
 1.73675000e-08  1.34780565e-311 
 1.73685000e-08  1.41417864e-311 
 1.73695000e-08  1.34780565e-311 
 1.73705000e-08  1.41417864e-311 
 1.73715000e-08  1.34780565e-311 
 1.73725000e-08  1.41417864e-311 
 1.73735000e-08  1.34780565e-311 
 1.73745000e-08  1.41417864e-311 
 1.73755000e-08  1.34780565e-311 
 1.73765000e-08  1.41417864e-311 
 1.73775000e-08  1.34780565e-311 
 1.73785000e-08  1.41417864e-311 
 1.73795000e-08  1.34780565e-311 
 1.73805000e-08  1.41417864e-311 
 1.73815000e-08  1.34780565e-311 
 1.73825000e-08  1.41417864e-311 
 1.73835000e-08  1.34780565e-311 
 1.73845000e-08  1.41417864e-311 
 1.73855000e-08  1.34780565e-311 
 1.73865000e-08  1.41417864e-311 
 1.73875000e-08  1.34780565e-311 
 1.73885000e-08  1.41417864e-311 
 1.73895000e-08  1.34780565e-311 
 1.73905000e-08  1.41417864e-311 
 1.73915000e-08  1.34780565e-311 
 1.73925000e-08  1.41417864e-311 
 1.73935000e-08  1.34780565e-311 
 1.73945000e-08  1.41417864e-311 
 1.73955000e-08  1.34780565e-311 
 1.73965000e-08  1.41417864e-311 
 1.73975000e-08  1.34780565e-311 
 1.73985000e-08  1.41417864e-311 
 1.73995000e-08  1.34780565e-311 
 1.74005000e-08  1.41417864e-311 
 1.74015000e-08  1.34780565e-311 
 1.74025000e-08  1.41417864e-311 
 1.74035000e-08  1.34780565e-311 
 1.74045000e-08  1.41417864e-311 
 1.74055000e-08  1.34780565e-311 
 1.74065000e-08  1.41417864e-311 
 1.74075000e-08  1.34780565e-311 
 1.74085000e-08  1.41417864e-311 
 1.74095000e-08  1.34780565e-311 
 1.74105000e-08  1.41417864e-311 
 1.74115000e-08  1.34780565e-311 
 1.74125000e-08  1.41417864e-311 
 1.74135000e-08  1.34780565e-311 
 1.74145000e-08  1.41417864e-311 
 1.74155000e-08  1.34780565e-311 
 1.74165000e-08  1.41417864e-311 
 1.74175000e-08  1.34780565e-311 
 1.74185000e-08  1.41417864e-311 
 1.74195000e-08  1.34780565e-311 
 1.74205000e-08  1.41417864e-311 
 1.74215000e-08  1.34780565e-311 
 1.74225000e-08  1.41417864e-311 
 1.74235000e-08  1.34780565e-311 
 1.74245000e-08  1.41417864e-311 
 1.74255000e-08  1.34780565e-311 
 1.74265000e-08  1.41417864e-311 
 1.74275000e-08  1.34780565e-311 
 1.74285000e-08  1.41417864e-311 
 1.74295000e-08  1.34780565e-311 
 1.74305000e-08  1.41417864e-311 
 1.74315000e-08  1.34780565e-311 
 1.74325000e-08  1.41417864e-311 
 1.74335000e-08  1.34780565e-311 
 1.74345000e-08  1.41417864e-311 
 1.74355000e-08  1.34780565e-311 
 1.74365000e-08  1.41417864e-311 
 1.74375000e-08  1.34780565e-311 
 1.74385000e-08  1.41417864e-311 
 1.74395000e-08  1.34780565e-311 
 1.74405000e-08  1.41417864e-311 
 1.74415000e-08  1.34780565e-311 
 1.74425000e-08  1.41417864e-311 
 1.74435000e-08  1.34780565e-311 
 1.74445000e-08  1.41417864e-311 
 1.74455000e-08  1.34780565e-311 
 1.74465000e-08  1.41417864e-311 
 1.74475000e-08  1.34780565e-311 
 1.74485000e-08  1.41417864e-311 
 1.74495000e-08  1.34780565e-311 
 1.74505000e-08  1.41417864e-311 
 1.74515000e-08  1.34780565e-311 
 1.74525000e-08  1.41417864e-311 
 1.74535000e-08  1.34780565e-311 
 1.74545000e-08  1.41417864e-311 
 1.74555000e-08  1.34780565e-311 
 1.74565000e-08  1.41417864e-311 
 1.74575000e-08  1.34780565e-311 
 1.74585000e-08  1.41417864e-311 
 1.74595000e-08  1.34780565e-311 
 1.74605000e-08  1.41417864e-311 
 1.74615000e-08  1.34780565e-311 
 1.74625000e-08  1.41417864e-311 
 1.74635000e-08  1.34780565e-311 
 1.74645000e-08  1.41417864e-311 
 1.74655000e-08  1.34780565e-311 
 1.74665000e-08  1.41417864e-311 
 1.74675000e-08  1.34780565e-311 
 1.74685000e-08  1.41417864e-311 
 1.74695000e-08  1.34780565e-311 
 1.74705000e-08  1.41417864e-311 
 1.74715000e-08  1.34780565e-311 
 1.74725000e-08  1.41417864e-311 
 1.74735000e-08  1.34780565e-311 
 1.74745000e-08  1.41417864e-311 
 1.74755000e-08  1.34780565e-311 
 1.74765000e-08  1.41417864e-311 
 1.74775000e-08  1.34780565e-311 
 1.74785000e-08  1.41417864e-311 
 1.74795000e-08  1.34780565e-311 
 1.74805000e-08  1.41417864e-311 
 1.74815000e-08  1.34780565e-311 
 1.74825000e-08  1.41417864e-311 
 1.74835000e-08  1.34780565e-311 
 1.74845000e-08  1.41417864e-311 
 1.74855000e-08  1.34780565e-311 
 1.74865000e-08  1.41417864e-311 
 1.74875000e-08  1.34780565e-311 
 1.74885000e-08  1.41417864e-311 
 1.74895000e-08  1.34780565e-311 
 1.74905000e-08  1.41417864e-311 
 1.74915000e-08  1.34780565e-311 
 1.74925000e-08  1.41417864e-311 
 1.74935000e-08  1.34780565e-311 
 1.74945000e-08  1.41417864e-311 
 1.74955000e-08  1.34780565e-311 
 1.74965000e-08  1.41417864e-311 
 1.74975000e-08  1.34780565e-311 
 1.74985000e-08  1.41417864e-311 
 1.74995000e-08  1.34780565e-311 
 1.75005000e-08  1.41417864e-311 
 1.75015000e-08  1.34780565e-311 
 1.75025000e-08  1.41417864e-311 
 1.75035000e-08  1.34780565e-311 
 1.75045000e-08  1.41417864e-311 
 1.75055000e-08  1.34780565e-311 
 1.75065000e-08  1.41417864e-311 
 1.75075000e-08  1.34780565e-311 
 1.75085000e-08  1.41417864e-311 
 1.75095000e-08  1.34780565e-311 
 1.75105000e-08  1.41417864e-311 
 1.75115000e-08  1.34780565e-311 
 1.75125000e-08  1.41417864e-311 
 1.75135000e-08  1.34780565e-311 
 1.75145000e-08  1.41417864e-311 
 1.75155000e-08  1.34780565e-311 
 1.75165000e-08  1.41417864e-311 
 1.75175000e-08  1.34780565e-311 
 1.75185000e-08  1.41417864e-311 
 1.75195000e-08  1.34780565e-311 
 1.75205000e-08  1.41417864e-311 
 1.75215000e-08  1.34780565e-311 
 1.75225000e-08  1.41417864e-311 
 1.75235000e-08  1.34780565e-311 
 1.75245000e-08  1.41417864e-311 
 1.75255000e-08  1.34780565e-311 
 1.75265000e-08  1.41417864e-311 
 1.75275000e-08  1.34780565e-311 
 1.75285000e-08  1.41417864e-311 
 1.75295000e-08  1.34780565e-311 
 1.75305000e-08  1.41417864e-311 
 1.75315000e-08  1.34780565e-311 
 1.75325000e-08  1.41417864e-311 
 1.75335000e-08  1.34780565e-311 
 1.75345000e-08  1.41417864e-311 
 1.75355000e-08  1.34780565e-311 
 1.75365000e-08  1.41417864e-311 
 1.75375000e-08  1.34780565e-311 
 1.75385000e-08  1.41417864e-311 
 1.75395000e-08  1.34780565e-311 
 1.75405000e-08  1.41417864e-311 
 1.75415000e-08  1.34780565e-311 
 1.75425000e-08  1.41417864e-311 
 1.75435000e-08  1.34780565e-311 
 1.75445000e-08  1.41417864e-311 
 1.75455000e-08  1.34780565e-311 
 1.75465000e-08  1.41417864e-311 
 1.75475000e-08  1.34780565e-311 
 1.75485000e-08  1.41417864e-311 
 1.75495000e-08  1.34780565e-311 
 1.75505000e-08  1.41417864e-311 
 1.75515000e-08  1.34780565e-311 
 1.75525000e-08  1.41417864e-311 
 1.75535000e-08  1.34780565e-311 
 1.75545000e-08  1.41417864e-311 
 1.75555000e-08  1.34780565e-311 
 1.75565000e-08  1.41417864e-311 
 1.75575000e-08  1.34780565e-311 
 1.75585000e-08  1.41417864e-311 
 1.75595000e-08  1.34780565e-311 
 1.75605000e-08  1.41417864e-311 
 1.75615000e-08  1.34780565e-311 
 1.75625000e-08  1.41417864e-311 
 1.75635000e-08  1.34780565e-311 
 1.75645000e-08  1.41417864e-311 
 1.75655000e-08  1.34780565e-311 
 1.75665000e-08  1.41417864e-311 
 1.75675000e-08  1.34780565e-311 
 1.75685000e-08  1.41417864e-311 
 1.75695000e-08  1.34780565e-311 
 1.75705000e-08  1.41417864e-311 
 1.75715000e-08  1.34780565e-311 
 1.75725000e-08  1.41417864e-311 
 1.75735000e-08  1.34780565e-311 
 1.75745000e-08  1.41417864e-311 
 1.75755000e-08  1.34780565e-311 
 1.75765000e-08  1.41417864e-311 
 1.75775000e-08  1.34780565e-311 
 1.75785000e-08  1.41417864e-311 
 1.75795000e-08  1.34780565e-311 
 1.75805000e-08  1.41417864e-311 
 1.75815000e-08  1.34780565e-311 
 1.75825000e-08  1.41417864e-311 
 1.75835000e-08  1.34780565e-311 
 1.75845000e-08  1.41417864e-311 
 1.75855000e-08  1.34780565e-311 
 1.75865000e-08  1.41417864e-311 
 1.75875000e-08  1.34780565e-311 
 1.75885000e-08  1.41417864e-311 
 1.75895000e-08  1.34780565e-311 
 1.75905000e-08  1.41417864e-311 
 1.75915000e-08  1.34780565e-311 
 1.75925000e-08  1.41417864e-311 
 1.75935000e-08  1.34780565e-311 
 1.75945000e-08  1.41417864e-311 
 1.75955000e-08  1.34780565e-311 
 1.75965000e-08  1.41417864e-311 
 1.75975000e-08  1.34780565e-311 
 1.75985000e-08  1.41417864e-311 
 1.75995000e-08  1.34780565e-311 
 1.76005000e-08  1.41417864e-311 
 1.76015000e-08  1.34780565e-311 
 1.76025000e-08  1.41417864e-311 
 1.76035000e-08  1.34780565e-311 
 1.76045000e-08  1.41417864e-311 
 1.76055000e-08  1.34780565e-311 
 1.76065000e-08  1.41417864e-311 
 1.76075000e-08  1.34780565e-311 
 1.76085000e-08  1.41417864e-311 
 1.76095000e-08  1.34780565e-311 
 1.76105000e-08  1.41417864e-311 
 1.76115000e-08  1.34780565e-311 
 1.76125000e-08  1.41417864e-311 
 1.76135000e-08  1.34780565e-311 
 1.76145000e-08  1.41417864e-311 
 1.76155000e-08  1.34780565e-311 
 1.76165000e-08  1.41417864e-311 
 1.76175000e-08  1.34780565e-311 
 1.76185000e-08  1.41417864e-311 
 1.76195000e-08  1.34780565e-311 
 1.76205000e-08  1.41417864e-311 
 1.76215000e-08  1.34780565e-311 
 1.76225000e-08  1.41417864e-311 
 1.76235000e-08  1.34780565e-311 
 1.76245000e-08  1.41417864e-311 
 1.76255000e-08  1.34780565e-311 
 1.76265000e-08  1.41417864e-311 
 1.76275000e-08  1.34780565e-311 
 1.76285000e-08  1.41417864e-311 
 1.76295000e-08  1.34780565e-311 
 1.76305000e-08  1.41417864e-311 
 1.76315000e-08  1.34780565e-311 
 1.76325000e-08  1.41417864e-311 
 1.76335000e-08  1.34780565e-311 
 1.76345000e-08  1.41417864e-311 
 1.76355000e-08  1.34780565e-311 
 1.76365000e-08  1.41417864e-311 
 1.76375000e-08  1.34780565e-311 
 1.76385000e-08  1.41417864e-311 
 1.76395000e-08  1.34780565e-311 
 1.76405000e-08  1.41417864e-311 
 1.76415000e-08  1.34780565e-311 
 1.76425000e-08  1.41417864e-311 
 1.76435000e-08  1.34780565e-311 
 1.76445000e-08  1.41417864e-311 
 1.76455000e-08  1.34780565e-311 
 1.76465000e-08  1.41417864e-311 
 1.76475000e-08  1.34780565e-311 
 1.76485000e-08  1.41417864e-311 
 1.76495000e-08  1.34780565e-311 
 1.76505000e-08  1.41417864e-311 
 1.76515000e-08  1.34780565e-311 
 1.76525000e-08  1.41417864e-311 
 1.76535000e-08  1.34780565e-311 
 1.76545000e-08  1.41417864e-311 
 1.76555000e-08  1.34780565e-311 
 1.76565000e-08  1.41417864e-311 
 1.76575000e-08  1.34780565e-311 
 1.76585000e-08  1.41417864e-311 
 1.76595000e-08  1.34780565e-311 
 1.76605000e-08  1.41417864e-311 
 1.76615000e-08  1.34780565e-311 
 1.76625000e-08  1.41417864e-311 
 1.76635000e-08  1.34780565e-311 
 1.76645000e-08  1.41417864e-311 
 1.76655000e-08  1.34780565e-311 
 1.76665000e-08  1.41417864e-311 
 1.76675000e-08  1.34780565e-311 
 1.76685000e-08  1.41417864e-311 
 1.76695000e-08  1.34780565e-311 
 1.76705000e-08  1.41417864e-311 
 1.76715000e-08  1.34780565e-311 
 1.76725000e-08  1.41417864e-311 
 1.76735000e-08  1.34780565e-311 
 1.76745000e-08  1.41417864e-311 
 1.76755000e-08  1.34780565e-311 
 1.76765000e-08  1.41417864e-311 
 1.76775000e-08  1.34780565e-311 
 1.76785000e-08  1.41417864e-311 
 1.76795000e-08  1.34780565e-311 
 1.76805000e-08  1.41417864e-311 
 1.76815000e-08  1.34780565e-311 
 1.76825000e-08  1.41417864e-311 
 1.76835000e-08  1.34780565e-311 
 1.76845000e-08  1.41417864e-311 
 1.76855000e-08  1.34780565e-311 
 1.76865000e-08  1.41417864e-311 
 1.76875000e-08  1.34780565e-311 
 1.76885000e-08  1.41417864e-311 
 1.76895000e-08  1.34780565e-311 
 1.76905000e-08  1.41417864e-311 
 1.76915000e-08  1.34780565e-311 
 1.76925000e-08  1.41417864e-311 
 1.76935000e-08  1.34780565e-311 
 1.76945000e-08  1.41417864e-311 
 1.76955000e-08  1.34780565e-311 
 1.76965000e-08  1.41417864e-311 
 1.76975000e-08  1.34780565e-311 
 1.76985000e-08  1.41417864e-311 
 1.76995000e-08  1.34780565e-311 
 1.77005000e-08  1.41417864e-311 
 1.77015000e-08  1.34780565e-311 
 1.77025000e-08  1.41417864e-311 
 1.77035000e-08  1.34780565e-311 
 1.77045000e-08  1.41417864e-311 
 1.77055000e-08  1.34780565e-311 
 1.77065000e-08  1.41417864e-311 
 1.77075000e-08  1.34780565e-311 
 1.77085000e-08  1.41417864e-311 
 1.77095000e-08  1.34780565e-311 
 1.77105000e-08  1.41417864e-311 
 1.77115000e-08  1.34780565e-311 
 1.77125000e-08  1.41417864e-311 
 1.77135000e-08  1.34780565e-311 
 1.77145000e-08  1.41417864e-311 
 1.77155000e-08  1.34780565e-311 
 1.77165000e-08  1.41417864e-311 
 1.77175000e-08  1.34780565e-311 
 1.77185000e-08  1.41417864e-311 
 1.77195000e-08  1.34780565e-311 
 1.77205000e-08  1.41417864e-311 
 1.77215000e-08  1.34780565e-311 
 1.77225000e-08  1.41417864e-311 
 1.77235000e-08  1.34780565e-311 
 1.77245000e-08  1.41417864e-311 
 1.77255000e-08  1.34780565e-311 
 1.77265000e-08  1.41417864e-311 
 1.77275000e-08  1.34780565e-311 
 1.77285000e-08  1.41417864e-311 
 1.77295000e-08  1.34780565e-311 
 1.77305000e-08  1.41417864e-311 
 1.77315000e-08  1.34780565e-311 
 1.77325000e-08  1.41417864e-311 
 1.77335000e-08  1.34780565e-311 
 1.77345000e-08  1.41417864e-311 
 1.77355000e-08  1.34780565e-311 
 1.77365000e-08  1.41417864e-311 
 1.77375000e-08  1.34780565e-311 
 1.77385000e-08  1.41417864e-311 
 1.77395000e-08  1.34780565e-311 
 1.77405000e-08  1.41417864e-311 
 1.77415000e-08  1.34780565e-311 
 1.77425000e-08  1.41417864e-311 
 1.77435000e-08  1.34780565e-311 
 1.77445000e-08  1.41417864e-311 
 1.77455000e-08  1.34780565e-311 
 1.77465000e-08  1.41417864e-311 
 1.77475000e-08  1.34780565e-311 
 1.77485000e-08  1.41417864e-311 
 1.77495000e-08  1.34780565e-311 
 1.77505000e-08  1.41417864e-311 
 1.77515000e-08  1.34780565e-311 
 1.77525000e-08  1.41417864e-311 
 1.77535000e-08  1.34780565e-311 
 1.77545000e-08  1.41417864e-311 
 1.77555000e-08  1.34780565e-311 
 1.77565000e-08  1.41417864e-311 
 1.77575000e-08  1.34780565e-311 
 1.77585000e-08  1.41417864e-311 
 1.77595000e-08  1.34780565e-311 
 1.77605000e-08  1.41417864e-311 
 1.77615000e-08  1.34780565e-311 
 1.77625000e-08  1.41417864e-311 
 1.77635000e-08  1.34780565e-311 
 1.77645000e-08  1.41417864e-311 
 1.77655000e-08  1.34780565e-311 
 1.77665000e-08  1.41417864e-311 
 1.77675000e-08  1.34780565e-311 
 1.77685000e-08  1.41417864e-311 
 1.77695000e-08  1.34780565e-311 
 1.77705000e-08  1.41417864e-311 
 1.77715000e-08  1.34780565e-311 
 1.77725000e-08  1.41417864e-311 
 1.77735000e-08  1.34780565e-311 
 1.77745000e-08  1.41417864e-311 
 1.77755000e-08  1.34780565e-311 
 1.77765000e-08  1.41417864e-311 
 1.77775000e-08  1.34780565e-311 
 1.77785000e-08  1.41417864e-311 
 1.77795000e-08  1.34780565e-311 
 1.77805000e-08  1.41417864e-311 
 1.77815000e-08  1.34780565e-311 
 1.77825000e-08  1.41417864e-311 
 1.77835000e-08  1.34780565e-311 
 1.77845000e-08  1.41417864e-311 
 1.77855000e-08  1.34780565e-311 
 1.77865000e-08  1.41417864e-311 
 1.77875000e-08  1.34780565e-311 
 1.77885000e-08  1.41417864e-311 
 1.77895000e-08  1.34780565e-311 
 1.77905000e-08  1.41417864e-311 
 1.77915000e-08  1.34780565e-311 
 1.77925000e-08  1.41417864e-311 
 1.77935000e-08  1.34780565e-311 
 1.77945000e-08  1.41417864e-311 
 1.77955000e-08  1.34780565e-311 
 1.77965000e-08  1.41417864e-311 
 1.77975000e-08  1.34780565e-311 
 1.77985000e-08  1.41417864e-311 
 1.77995000e-08  1.34780565e-311 
 1.78005000e-08  1.41417864e-311 
 1.78015000e-08  1.34780565e-311 
 1.78025000e-08  1.41417864e-311 
 1.78035000e-08  1.34780565e-311 
 1.78045000e-08  1.41417864e-311 
 1.78055000e-08  1.34780565e-311 
 1.78065000e-08  1.41417864e-311 
 1.78075000e-08  1.34780565e-311 
 1.78085000e-08  1.41417864e-311 
 1.78095000e-08  1.34780565e-311 
 1.78105000e-08  1.41417864e-311 
 1.78115000e-08  1.34780565e-311 
 1.78125000e-08  1.41417864e-311 
 1.78135000e-08  1.34780565e-311 
 1.78145000e-08  1.41417864e-311 
 1.78155000e-08  1.34780565e-311 
 1.78165000e-08  1.41417864e-311 
 1.78175000e-08  1.34780565e-311 
 1.78185000e-08  1.41417864e-311 
 1.78195000e-08  1.34780565e-311 
 1.78205000e-08  1.41417864e-311 
 1.78215000e-08  1.34780565e-311 
 1.78225000e-08  1.41417864e-311 
 1.78235000e-08  1.34780565e-311 
 1.78245000e-08  1.41417864e-311 
 1.78255000e-08  1.34780565e-311 
 1.78265000e-08  1.41417864e-311 
 1.78275000e-08  1.34780565e-311 
 1.78285000e-08  1.41417864e-311 
 1.78295000e-08  1.34780565e-311 
 1.78305000e-08  1.41417864e-311 
 1.78315000e-08  1.34780565e-311 
 1.78325000e-08  1.41417864e-311 
 1.78335000e-08  1.34780565e-311 
 1.78345000e-08  1.41417864e-311 
 1.78355000e-08  1.34780565e-311 
 1.78365000e-08  1.41417864e-311 
 1.78375000e-08  1.34780565e-311 
 1.78385000e-08  1.41417864e-311 
 1.78395000e-08  1.34780565e-311 
 1.78405000e-08  1.41417864e-311 
 1.78415000e-08  1.34780565e-311 
 1.78425000e-08  1.41417864e-311 
 1.78435000e-08  1.34780565e-311 
 1.78445000e-08  1.41417864e-311 
 1.78455000e-08  1.34780565e-311 
 1.78465000e-08  1.41417864e-311 
 1.78475000e-08  1.34780565e-311 
 1.78485000e-08  1.41417864e-311 
 1.78495000e-08  1.34780565e-311 
 1.78505000e-08  1.41417864e-311 
 1.78515000e-08  1.34780565e-311 
 1.78525000e-08  1.41417864e-311 
 1.78535000e-08  1.34780565e-311 
 1.78545000e-08  1.41417864e-311 
 1.78555000e-08  1.34780565e-311 
 1.78565000e-08  1.41417864e-311 
 1.78575000e-08  1.34780565e-311 
 1.78585000e-08  1.41417864e-311 
 1.78595000e-08  1.34780565e-311 
 1.78605000e-08  1.41417864e-311 
 1.78615000e-08  1.34780565e-311 
 1.78625000e-08  1.41417864e-311 
 1.78635000e-08  1.34780565e-311 
 1.78645000e-08  1.41417864e-311 
 1.78655000e-08  1.34780565e-311 
 1.78665000e-08  1.41417864e-311 
 1.78675000e-08  1.34780565e-311 
 1.78685000e-08  1.41417864e-311 
 1.78695000e-08  1.34780565e-311 
 1.78705000e-08  1.41417864e-311 
 1.78715000e-08  1.34780565e-311 
 1.78725000e-08  1.41417864e-311 
 1.78735000e-08  1.34780565e-311 
 1.78745000e-08  1.41417864e-311 
 1.78755000e-08  1.34780565e-311 
 1.78765000e-08  1.41417864e-311 
 1.78775000e-08  1.34780565e-311 
 1.78785000e-08  1.41417864e-311 
 1.78795000e-08  1.34780565e-311 
 1.78805000e-08  1.41417864e-311 
 1.78815000e-08  1.34780565e-311 
 1.78825000e-08  1.41417864e-311 
 1.78835000e-08  1.34780565e-311 
 1.78845000e-08  1.41417864e-311 
 1.78855000e-08  1.34780565e-311 
 1.78865000e-08  1.41417864e-311 
 1.78875000e-08  1.34780565e-311 
 1.78885000e-08  1.41417864e-311 
 1.78895000e-08  1.34780565e-311 
 1.78905000e-08  1.41417864e-311 
 1.78915000e-08  1.34780565e-311 
 1.78925000e-08  1.41417864e-311 
 1.78935000e-08  1.34780565e-311 
 1.78945000e-08  1.41417864e-311 
 1.78955000e-08  1.34780565e-311 
 1.78965000e-08  1.41417864e-311 
 1.78975000e-08  1.34780565e-311 
 1.78985000e-08  1.41417864e-311 
 1.78995000e-08  1.34780565e-311 
 1.79005000e-08  1.41417864e-311 
 1.79015000e-08  1.34780565e-311 
 1.79025000e-08  1.41417864e-311 
 1.79035000e-08  1.34780565e-311 
 1.79045000e-08  1.41417864e-311 
 1.79055000e-08  1.34780565e-311 
 1.79065000e-08  1.41417864e-311 
 1.79075000e-08  1.34780565e-311 
 1.79085000e-08  1.41417864e-311 
 1.79095000e-08  1.34780565e-311 
 1.79105000e-08  1.41417864e-311 
 1.79115000e-08  1.34780565e-311 
 1.79125000e-08  1.41417864e-311 
 1.79135000e-08  1.34780565e-311 
 1.79145000e-08  1.41417864e-311 
 1.79155000e-08  1.34780565e-311 
 1.79165000e-08  1.41417864e-311 
 1.79175000e-08  1.34780565e-311 
 1.79185000e-08  1.41417864e-311 
 1.79195000e-08  1.34780565e-311 
 1.79205000e-08  1.41417864e-311 
 1.79215000e-08  1.34780565e-311 
 1.79225000e-08  1.41417864e-311 
 1.79235000e-08  1.34780565e-311 
 1.79245000e-08  1.41417864e-311 
 1.79255000e-08  1.34780565e-311 
 1.79265000e-08  1.41417864e-311 
 1.79275000e-08  1.34780565e-311 
 1.79285000e-08  1.41417864e-311 
 1.79295000e-08  1.34780565e-311 
 1.79305000e-08  1.41417864e-311 
 1.79315000e-08  1.34780565e-311 
 1.79325000e-08  1.41417864e-311 
 1.79335000e-08  1.34780565e-311 
 1.79345000e-08  1.41417864e-311 
 1.79355000e-08  1.34780565e-311 
 1.79365000e-08  1.41417864e-311 
 1.79375000e-08  1.34780565e-311 
 1.79385000e-08  1.41417864e-311 
 1.79395000e-08  1.34780565e-311 
 1.79405000e-08  1.41417864e-311 
 1.79415000e-08  1.34780565e-311 
 1.79425000e-08  1.41417864e-311 
 1.79435000e-08  1.34780565e-311 
 1.79445000e-08  1.41417864e-311 
 1.79455000e-08  1.34780565e-311 
 1.79465000e-08  1.41417864e-311 
 1.79475000e-08  1.34780565e-311 
 1.79485000e-08  1.41417864e-311 
 1.79495000e-08  1.34780565e-311 
 1.79505000e-08  1.41417864e-311 
 1.79515000e-08  1.34780565e-311 
 1.79525000e-08  1.41417864e-311 
 1.79535000e-08  1.34780565e-311 
 1.79545000e-08  1.41417864e-311 
 1.79555000e-08  1.34780565e-311 
 1.79565000e-08  1.41417864e-311 
 1.79575000e-08  1.34780565e-311 
 1.79585000e-08  1.41417864e-311 
 1.79595000e-08  1.34780565e-311 
 1.79605000e-08  1.41417864e-311 
 1.79615000e-08  1.34780565e-311 
 1.79625000e-08  1.41417864e-311 
 1.79635000e-08  1.34780565e-311 
 1.79645000e-08  1.41417864e-311 
 1.79655000e-08  1.34780565e-311 
 1.79665000e-08  1.41417864e-311 
 1.79675000e-08  1.34780565e-311 
 1.79685000e-08  1.41417864e-311 
 1.79695000e-08  1.34780565e-311 
 1.79705000e-08  1.41417864e-311 
 1.79715000e-08  1.34780565e-311 
 1.79725000e-08  1.41417864e-311 
 1.79735000e-08  1.34780565e-311 
 1.79745000e-08  1.41417864e-311 
 1.79755000e-08  1.34780565e-311 
 1.79765000e-08  1.41417864e-311 
 1.79775000e-08  1.34780565e-311 
 1.79785000e-08  1.41417864e-311 
 1.79795000e-08  1.34780565e-311 
 1.79805000e-08  1.41417864e-311 
 1.79815000e-08  1.34780565e-311 
 1.79825000e-08  1.41417864e-311 
 1.79835000e-08  1.34780565e-311 
 1.79845000e-08  1.41417864e-311 
 1.79855000e-08  1.34780565e-311 
 1.79865000e-08  1.41417864e-311 
 1.79875000e-08  1.34780565e-311 
 1.79885000e-08  1.41417864e-311 
 1.79895000e-08  1.34780565e-311 
 1.79905000e-08  1.41417864e-311 
 1.79915000e-08  1.34780565e-311 
 1.79925000e-08  1.41417864e-311 
 1.79935000e-08  1.34780565e-311 
 1.79945000e-08  1.41417864e-311 
 1.79955000e-08  1.34780565e-311 
 1.79965000e-08  1.41417864e-311 
 1.79975000e-08  1.34780565e-311 
 1.79985000e-08  1.41417864e-311 
 1.79995000e-08  1.34780565e-311 
 1.80005000e-08  1.41417864e-311 
 1.80015000e-08  1.34780565e-311 
 1.80025000e-08  1.41417864e-311 
 1.80035000e-08  1.34780565e-311 
 1.80045000e-08  1.41417864e-311 
 1.80055000e-08  1.34780565e-311 
 1.80065000e-08  1.41417864e-311 
 1.80075000e-08  1.34780565e-311 
 1.80085000e-08  1.41417864e-311 
 1.80095000e-08  1.34780565e-311 
 1.80105000e-08  1.41417864e-311 
 1.80115000e-08  1.34780565e-311 
 1.80125000e-08  1.41417864e-311 
 1.80135000e-08  1.34780565e-311 
 1.80145000e-08  1.41417864e-311 
 1.80155000e-08  1.34780565e-311 
 1.80165000e-08  1.41417864e-311 
 1.80175000e-08  1.34780565e-311 
 1.80185000e-08  1.41417864e-311 
 1.80195000e-08  1.34780565e-311 
 1.80205000e-08  1.41417864e-311 
 1.80215000e-08  1.34780565e-311 
 1.80225000e-08  1.41417864e-311 
 1.80235000e-08  1.34780565e-311 
 1.80245000e-08  1.41417864e-311 
 1.80255000e-08  1.34780565e-311 
 1.80265000e-08  1.41417864e-311 
 1.80275000e-08  1.34780565e-311 
 1.80285000e-08  1.41417864e-311 
 1.80295000e-08  1.34780565e-311 
 1.80305000e-08  1.41417864e-311 
 1.80315000e-08  1.34780565e-311 
 1.80325000e-08  1.41417864e-311 
 1.80335000e-08  1.34780565e-311 
 1.80345000e-08  1.41417864e-311 
 1.80355000e-08  1.34780565e-311 
 1.80365000e-08  1.41417864e-311 
 1.80375000e-08  1.34780565e-311 
 1.80385000e-08  1.41417864e-311 
 1.80395000e-08  1.34780565e-311 
 1.80405000e-08  1.41417864e-311 
 1.80415000e-08  1.34780565e-311 
 1.80425000e-08  1.41417864e-311 
 1.80435000e-08  1.34780565e-311 
 1.80445000e-08  1.41417864e-311 
 1.80455000e-08  1.34780565e-311 
 1.80465000e-08  1.41417864e-311 
 1.80475000e-08  1.34780565e-311 
 1.80485000e-08  1.41417864e-311 
 1.80495000e-08  1.34780565e-311 
 1.80505000e-08  1.41417864e-311 
 1.80515000e-08  1.34780565e-311 
 1.80525000e-08  1.41417864e-311 
 1.80535000e-08  1.34780565e-311 
 1.80545000e-08  1.41417864e-311 
 1.80555000e-08  1.34780565e-311 
 1.80565000e-08  1.41417864e-311 
 1.80575000e-08  1.34780565e-311 
 1.80585000e-08  1.41417864e-311 
 1.80595000e-08  1.34780565e-311 
 1.80605000e-08  1.41417864e-311 
 1.80615000e-08  1.34780565e-311 
 1.80625000e-08  1.41417864e-311 
 1.80635000e-08  1.34780565e-311 
 1.80645000e-08  1.41417864e-311 
 1.80655000e-08  1.34780565e-311 
 1.80665000e-08  1.41417864e-311 
 1.80675000e-08  1.34780565e-311 
 1.80685000e-08  1.41417864e-311 
 1.80695000e-08  1.34780565e-311 
 1.80705000e-08  1.41417864e-311 
 1.80715000e-08  1.34780565e-311 
 1.80725000e-08  1.41417864e-311 
 1.80735000e-08  1.34780565e-311 
 1.80745000e-08  1.41417864e-311 
 1.80755000e-08  1.34780565e-311 
 1.80765000e-08  1.41417864e-311 
 1.80775000e-08  1.34780565e-311 
 1.80785000e-08  1.41417864e-311 
 1.80795000e-08  1.34780565e-311 
 1.80805000e-08  1.41417864e-311 
 1.80815000e-08  1.34780565e-311 
 1.80825000e-08  1.41417864e-311 
 1.80835000e-08  1.34780565e-311 
 1.80845000e-08  1.41417864e-311 
 1.80855000e-08  1.34780565e-311 
 1.80865000e-08  1.41417864e-311 
 1.80875000e-08  1.34780565e-311 
 1.80885000e-08  1.41417864e-311 
 1.80895000e-08  1.34780565e-311 
 1.80905000e-08  1.41417864e-311 
 1.80915000e-08  1.34780565e-311 
 1.80925000e-08  1.41417864e-311 
 1.80935000e-08  1.34780565e-311 
 1.80945000e-08  1.41417864e-311 
 1.80955000e-08  1.34780565e-311 
 1.80965000e-08  1.41417864e-311 
 1.80975000e-08  1.34780565e-311 
 1.80985000e-08  1.41417864e-311 
 1.80995000e-08  1.34780565e-311 
 1.81005000e-08  1.41417864e-311 
 1.81015000e-08  1.34780565e-311 
 1.81025000e-08  1.41417864e-311 
 1.81035000e-08  1.34780565e-311 
 1.81045000e-08  1.41417864e-311 
 1.81055000e-08  1.34780565e-311 
 1.81065000e-08  1.41417864e-311 
 1.81075000e-08  1.34780565e-311 
 1.81085000e-08  1.41417864e-311 
 1.81095000e-08  1.34780565e-311 
 1.81105000e-08  1.41417864e-311 
 1.81115000e-08  1.34780565e-311 
 1.81125000e-08  1.41417864e-311 
 1.81135000e-08  1.34780565e-311 
 1.81145000e-08  1.41417864e-311 
 1.81155000e-08  1.34780565e-311 
 1.81165000e-08  1.41417864e-311 
 1.81175000e-08  1.34780565e-311 
 1.81185000e-08  1.41417864e-311 
 1.81195000e-08  1.34780565e-311 
 1.81205000e-08  1.41417864e-311 
 1.81215000e-08  1.34780565e-311 
 1.81225000e-08  1.41417864e-311 
 1.81235000e-08  1.34780565e-311 
 1.81245000e-08  1.41417864e-311 
 1.81255000e-08  1.34780565e-311 
 1.81265000e-08  1.41417864e-311 
 1.81275000e-08  1.34780565e-311 
 1.81285000e-08  1.41417864e-311 
 1.81295000e-08  1.34780565e-311 
 1.81305000e-08  1.41417864e-311 
 1.81315000e-08  1.34780565e-311 
 1.81325000e-08  1.41417864e-311 
 1.81335000e-08  1.34780565e-311 
 1.81345000e-08  1.41417864e-311 
 1.81355000e-08  1.34780565e-311 
 1.81365000e-08  1.41417864e-311 
 1.81375000e-08  1.34780565e-311 
 1.81385000e-08  1.41417864e-311 
 1.81395000e-08  1.34780565e-311 
 1.81405000e-08  1.41417864e-311 
 1.81415000e-08  1.34780565e-311 
 1.81425000e-08  1.41417864e-311 
 1.81435000e-08  1.34780565e-311 
 1.81445000e-08  1.41417864e-311 
 1.81455000e-08  1.34780565e-311 
 1.81465000e-08  1.41417864e-311 
 1.81475000e-08  1.34780565e-311 
 1.81485000e-08  1.41417864e-311 
 1.81495000e-08  1.34780565e-311 
 1.81505000e-08  1.41417864e-311 
 1.81515000e-08  1.34780565e-311 
 1.81525000e-08  1.41417864e-311 
 1.81535000e-08  1.34780565e-311 
 1.81545000e-08  1.41417864e-311 
 1.81555000e-08  1.34780565e-311 
 1.81565000e-08  1.41417864e-311 
 1.81575000e-08  1.34780565e-311 
 1.81585000e-08  1.41417864e-311 
 1.81595000e-08  1.34780565e-311 
 1.81605000e-08  1.41417864e-311 
 1.81615000e-08  1.34780565e-311 
 1.81625000e-08  1.41417864e-311 
 1.81635000e-08  1.34780565e-311 
 1.81645000e-08  1.41417864e-311 
 1.81655000e-08  1.34780565e-311 
 1.81665000e-08  1.41417864e-311 
 1.81675000e-08  1.34780565e-311 
 1.81685000e-08  1.41417864e-311 
 1.81695000e-08  1.34780565e-311 
 1.81705000e-08  1.41417864e-311 
 1.81715000e-08  1.34780565e-311 
 1.81725000e-08  1.41417864e-311 
 1.81735000e-08  1.34780565e-311 
 1.81745000e-08  1.41417864e-311 
 1.81755000e-08  1.34780565e-311 
 1.81765000e-08  1.41417864e-311 
 1.81775000e-08  1.34780565e-311 
 1.81785000e-08  1.41417864e-311 
 1.81795000e-08  1.34780565e-311 
 1.81805000e-08  1.41417864e-311 
 1.81815000e-08  1.34780565e-311 
 1.81825000e-08  1.41417864e-311 
 1.81835000e-08  1.34780565e-311 
 1.81845000e-08  1.41417864e-311 
 1.81855000e-08  1.34780565e-311 
 1.81865000e-08  1.41417864e-311 
 1.81875000e-08  1.34780565e-311 
 1.81885000e-08  1.41417864e-311 
 1.81895000e-08  1.34780565e-311 
 1.81905000e-08  1.41417864e-311 
 1.81915000e-08  1.34780565e-311 
 1.81925000e-08  1.41417864e-311 
 1.81935000e-08  1.34780565e-311 
 1.81945000e-08  1.41417864e-311 
 1.81955000e-08  1.34780565e-311 
 1.81965000e-08  1.41417864e-311 
 1.81975000e-08  1.34780565e-311 
 1.81985000e-08  1.41417864e-311 
 1.81995000e-08  1.34780565e-311 
 1.82005000e-08  1.41417864e-311 
 1.82015000e-08  1.34780565e-311 
 1.82025000e-08  1.41417864e-311 
 1.82035000e-08  1.34780565e-311 
 1.82045000e-08  1.41417864e-311 
 1.82055000e-08  1.34780565e-311 
 1.82065000e-08  1.41417864e-311 
 1.82075000e-08  1.34780565e-311 
 1.82085000e-08  1.41417864e-311 
 1.82095000e-08  1.34780565e-311 
 1.82105000e-08  1.41417864e-311 
 1.82115000e-08  1.34780565e-311 
 1.82125000e-08  1.41417864e-311 
 1.82135000e-08  1.34780565e-311 
 1.82145000e-08  1.41417864e-311 
 1.82155000e-08  1.34780565e-311 
 1.82165000e-08  1.41417864e-311 
 1.82175000e-08  1.34780565e-311 
 1.82185000e-08  1.41417864e-311 
 1.82195000e-08  1.34780565e-311 
 1.82205000e-08  1.41417864e-311 
 1.82215000e-08  1.34780565e-311 
 1.82225000e-08  1.41417864e-311 
 1.82235000e-08  1.34780565e-311 
 1.82245000e-08  1.41417864e-311 
 1.82255000e-08  1.34780565e-311 
 1.82265000e-08  1.41417864e-311 
 1.82275000e-08  1.34780565e-311 
 1.82285000e-08  1.41417864e-311 
 1.82295000e-08  1.34780565e-311 
 1.82305000e-08  1.41417864e-311 
 1.82315000e-08  1.34780565e-311 
 1.82325000e-08  1.41417864e-311 
 1.82335000e-08  1.34780565e-311 
 1.82345000e-08  1.41417864e-311 
 1.82355000e-08  1.34780565e-311 
 1.82365000e-08  1.41417864e-311 
 1.82375000e-08  1.34780565e-311 
 1.82385000e-08  1.41417864e-311 
 1.82395000e-08  1.34780565e-311 
 1.82405000e-08  1.41417864e-311 
 1.82415000e-08  1.34780565e-311 
 1.82425000e-08  1.41417864e-311 
 1.82435000e-08  1.34780565e-311 
 1.82445000e-08  1.41417864e-311 
 1.82455000e-08  1.34780565e-311 
 1.82465000e-08  1.41417864e-311 
 1.82475000e-08  1.34780565e-311 
 1.82485000e-08  1.41417864e-311 
 1.82495000e-08  1.34780565e-311 
 1.82505000e-08  1.41417864e-311 
 1.82515000e-08  1.34780565e-311 
 1.82525000e-08  1.41417864e-311 
 1.82535000e-08  1.34780565e-311 
 1.82545000e-08  1.41417864e-311 
 1.82555000e-08  1.34780565e-311 
 1.82565000e-08  1.41417864e-311 
 1.82575000e-08  1.34780565e-311 
 1.82585000e-08  1.41417864e-311 
 1.82595000e-08  1.34780565e-311 
 1.82605000e-08  1.41417864e-311 
 1.82615000e-08  1.34780565e-311 
 1.82625000e-08  1.41417864e-311 
 1.82635000e-08  1.34780565e-311 
 1.82645000e-08  1.41417864e-311 
 1.82655000e-08  1.34780565e-311 
 1.82665000e-08  1.41417864e-311 
 1.82675000e-08  1.34780565e-311 
 1.82685000e-08  1.41417864e-311 
 1.82695000e-08  1.34780565e-311 
 1.82705000e-08  1.41417864e-311 
 1.82715000e-08  1.34780565e-311 
 1.82725000e-08  1.41417864e-311 
 1.82735000e-08  1.34780565e-311 
 1.82745000e-08  1.41417864e-311 
 1.82755000e-08  1.34780565e-311 
 1.82765000e-08  1.41417864e-311 
 1.82775000e-08  1.34780565e-311 
 1.82785000e-08  1.41417864e-311 
 1.82795000e-08  1.34780565e-311 
 1.82805000e-08  1.41417864e-311 
 1.82815000e-08  1.34780565e-311 
 1.82825000e-08  1.41417864e-311 
 1.82835000e-08  1.34780565e-311 
 1.82845000e-08  1.41417864e-311 
 1.82855000e-08  1.34780565e-311 
 1.82865000e-08  1.41417864e-311 
 1.82875000e-08  1.34780565e-311 
 1.82885000e-08  1.41417864e-311 
 1.82895000e-08  1.34780565e-311 
 1.82905000e-08  1.41417864e-311 
 1.82915000e-08  1.34780565e-311 
 1.82925000e-08  1.41417864e-311 
 1.82935000e-08  1.34780565e-311 
 1.82945000e-08  1.41417864e-311 
 1.82955000e-08  1.34780565e-311 
 1.82965000e-08  1.41417864e-311 
 1.82975000e-08  1.34780565e-311 
 1.82985000e-08  1.41417864e-311 
 1.82995000e-08  1.34780565e-311 
 1.83005000e-08  1.41417864e-311 
 1.83015000e-08  1.34780565e-311 
 1.83025000e-08  1.41417864e-311 
 1.83035000e-08  1.34780565e-311 
 1.83045000e-08  1.41417864e-311 
 1.83055000e-08  1.34780565e-311 
 1.83065000e-08  1.41417864e-311 
 1.83075000e-08  1.34780565e-311 
 1.83085000e-08  1.41417864e-311 
 1.83095000e-08  1.34780565e-311 
 1.83105000e-08  1.41417864e-311 
 1.83115000e-08  1.34780565e-311 
 1.83125000e-08  1.41417864e-311 
 1.83135000e-08  1.34780565e-311 
 1.83145000e-08  1.41417864e-311 
 1.83155000e-08  1.34780565e-311 
 1.83165000e-08  1.41417864e-311 
 1.83175000e-08  1.34780565e-311 
 1.83185000e-08  1.41417864e-311 
 1.83195000e-08  1.34780565e-311 
 1.83205000e-08  1.41417864e-311 
 1.83215000e-08  1.34780565e-311 
 1.83225000e-08  1.41417864e-311 
 1.83235000e-08  1.34780565e-311 
 1.83245000e-08  1.41417864e-311 
 1.83255000e-08  1.34780565e-311 
 1.83265000e-08  1.41417864e-311 
 1.83275000e-08  1.34780565e-311 
 1.83285000e-08  1.41417864e-311 
 1.83295000e-08  1.34780565e-311 
 1.83305000e-08  1.41417864e-311 
 1.83315000e-08  1.34780565e-311 
 1.83325000e-08  1.41417864e-311 
 1.83335000e-08  1.34780565e-311 
 1.83345000e-08  1.41417864e-311 
 1.83355000e-08  1.34780565e-311 
 1.83365000e-08  1.41417864e-311 
 1.83375000e-08  1.34780565e-311 
 1.83385000e-08  1.41417864e-311 
 1.83395000e-08  1.34780565e-311 
 1.83405000e-08  1.41417864e-311 
 1.83415000e-08  1.34780565e-311 
 1.83425000e-08  1.41417864e-311 
 1.83435000e-08  1.34780565e-311 
 1.83445000e-08  1.41417864e-311 
 1.83455000e-08  1.34780565e-311 
 1.83465000e-08  1.41417864e-311 
 1.83475000e-08  1.34780565e-311 
 1.83485000e-08  1.41417864e-311 
 1.83495000e-08  1.34780565e-311 
 1.83505000e-08  1.41417864e-311 
 1.83515000e-08  1.34780565e-311 
 1.83525000e-08  1.41417864e-311 
 1.83535000e-08  1.34780565e-311 
 1.83545000e-08  1.41417864e-311 
 1.83555000e-08  1.34780565e-311 
 1.83565000e-08  1.41417864e-311 
 1.83575000e-08  1.34780565e-311 
 1.83585000e-08  1.41417864e-311 
 1.83595000e-08  1.34780565e-311 
 1.83605000e-08  1.41417864e-311 
 1.83615000e-08  1.34780565e-311 
 1.83625000e-08  1.41417864e-311 
 1.83635000e-08  1.34780565e-311 
 1.83645000e-08  1.41417864e-311 
 1.83655000e-08  1.34780565e-311 
 1.83665000e-08  1.41417864e-311 
 1.83675000e-08  1.34780565e-311 
 1.83685000e-08  1.41417864e-311 
 1.83695000e-08  1.34780565e-311 
 1.83705000e-08  1.41417864e-311 
 1.83715000e-08  1.34780565e-311 
 1.83725000e-08  1.41417864e-311 
 1.83735000e-08  1.34780565e-311 
 1.83745000e-08  1.41417864e-311 
 1.83755000e-08  1.34780565e-311 
 1.83765000e-08  1.41417864e-311 
 1.83775000e-08  1.34780565e-311 
 1.83785000e-08  1.41417864e-311 
 1.83795000e-08  1.34780565e-311 
 1.83805000e-08  1.41417864e-311 
 1.83815000e-08  1.34780565e-311 
 1.83825000e-08  1.41417864e-311 
 1.83835000e-08  1.34780565e-311 
 1.83845000e-08  1.41417864e-311 
 1.83855000e-08  1.34780565e-311 
 1.83865000e-08  1.41417864e-311 
 1.83875000e-08  1.34780565e-311 
 1.83885000e-08  1.41417864e-311 
 1.83895000e-08  1.34780565e-311 
 1.83905000e-08  1.41417864e-311 
 1.83915000e-08  1.34780565e-311 
 1.83925000e-08  1.41417864e-311 
 1.83935000e-08  1.34780565e-311 
 1.83945000e-08  1.41417864e-311 
 1.83955000e-08  1.34780565e-311 
 1.83965000e-08  1.41417864e-311 
 1.83975000e-08  1.34780565e-311 
 1.83985000e-08  1.41417864e-311 
 1.83995000e-08  1.34780565e-311 
 1.84005000e-08  1.41417864e-311 
 1.84015000e-08  1.34780565e-311 
 1.84025000e-08  1.41417864e-311 
 1.84035000e-08  1.34780565e-311 
 1.84045000e-08  1.41417864e-311 
 1.84055000e-08  1.34780565e-311 
 1.84065000e-08  1.41417864e-311 
 1.84075000e-08  1.34780565e-311 
 1.84085000e-08  1.41417864e-311 
 1.84095000e-08  1.34780565e-311 
 1.84105000e-08  1.41417864e-311 
 1.84115000e-08  1.34780565e-311 
 1.84125000e-08  1.41417864e-311 
 1.84135000e-08  1.34780565e-311 
 1.84145000e-08  1.41417864e-311 
 1.84155000e-08  1.34780565e-311 
 1.84165000e-08  1.41417864e-311 
 1.84175000e-08  1.34780565e-311 
 1.84185000e-08  1.41417864e-311 
 1.84195000e-08  1.34780565e-311 
 1.84205000e-08  1.41417864e-311 
 1.84215000e-08  1.34780565e-311 
 1.84225000e-08  1.41417864e-311 
 1.84235000e-08  1.34780565e-311 
 1.84245000e-08  1.41417864e-311 
 1.84255000e-08  1.34780565e-311 
 1.84265000e-08  1.41417864e-311 
 1.84275000e-08  1.34780565e-311 
 1.84285000e-08  1.41417864e-311 
 1.84295000e-08  1.34780565e-311 
 1.84305000e-08  1.41417864e-311 
 1.84315000e-08  1.34780565e-311 
 1.84325000e-08  1.41417864e-311 
 1.84335000e-08  1.34780565e-311 
 1.84345000e-08  1.41417864e-311 
 1.84355000e-08  1.34780565e-311 
 1.84365000e-08  1.41417864e-311 
 1.84375000e-08  1.34780565e-311 
 1.84385000e-08  1.41417864e-311 
 1.84395000e-08  1.34780565e-311 
 1.84405000e-08  1.41417864e-311 
 1.84415000e-08  1.34780565e-311 
 1.84425000e-08  1.41417864e-311 
 1.84435000e-08  1.34780565e-311 
 1.84445000e-08  1.41417864e-311 
 1.84455000e-08  1.34780565e-311 
 1.84465000e-08  1.41417864e-311 
 1.84475000e-08  1.34780565e-311 
 1.84485000e-08  1.41417864e-311 
 1.84495000e-08  1.34780565e-311 
 1.84505000e-08  1.41417864e-311 
 1.84515000e-08  1.34780565e-311 
 1.84525000e-08  1.41417864e-311 
 1.84535000e-08  1.34780565e-311 
 1.84545000e-08  1.41417864e-311 
 1.84555000e-08  1.34780565e-311 
 1.84565000e-08  1.41417864e-311 
 1.84575000e-08  1.34780565e-311 
 1.84585000e-08  1.41417864e-311 
 1.84595000e-08  1.34780565e-311 
 1.84605000e-08  1.41417864e-311 
 1.84615000e-08  1.34780565e-311 
 1.84625000e-08  1.41417864e-311 
 1.84635000e-08  1.34780565e-311 
 1.84645000e-08  1.41417864e-311 
 1.84655000e-08  1.34780565e-311 
 1.84665000e-08  1.41417864e-311 
 1.84675000e-08  1.34780565e-311 
 1.84685000e-08  1.41417864e-311 
 1.84695000e-08  1.34780565e-311 
 1.84705000e-08  1.41417864e-311 
 1.84715000e-08  1.34780565e-311 
 1.84725000e-08  1.41417864e-311 
 1.84735000e-08  1.34780565e-311 
 1.84745000e-08  1.41417864e-311 
 1.84755000e-08  1.34780565e-311 
 1.84765000e-08  1.41417864e-311 
 1.84775000e-08  1.34780565e-311 
 1.84785000e-08  1.41417864e-311 
 1.84795000e-08  1.34780565e-311 
 1.84805000e-08  1.41417864e-311 
 1.84815000e-08  1.34780565e-311 
 1.84825000e-08  1.41417864e-311 
 1.84835000e-08  1.34780565e-311 
 1.84845000e-08  1.41417864e-311 
 1.84855000e-08  1.34780565e-311 
 1.84865000e-08  1.41417864e-311 
 1.84875000e-08  1.34780565e-311 
 1.84885000e-08  1.41417864e-311 
 1.84895000e-08  1.34780565e-311 
 1.84905000e-08  1.41417864e-311 
 1.84915000e-08  1.34780565e-311 
 1.84925000e-08  1.41417864e-311 
 1.84935000e-08  1.34780565e-311 
 1.84945000e-08  1.41417864e-311 
 1.84955000e-08  1.34780565e-311 
 1.84965000e-08  1.41417864e-311 
 1.84975000e-08  1.34780565e-311 
 1.84985000e-08  1.41417864e-311 
 1.84995000e-08  1.34780565e-311 
 1.85005000e-08  1.41417864e-311 
 1.85015000e-08  1.34780565e-311 
 1.85025000e-08  1.41417864e-311 
 1.85035000e-08  1.34780565e-311 
 1.85045000e-08  1.41417864e-311 
 1.85055000e-08  1.34780565e-311 
 1.85065000e-08  1.41417864e-311 
 1.85075000e-08  1.34780565e-311 
 1.85085000e-08  1.41417864e-311 
 1.85095000e-08  1.34780565e-311 
 1.85105000e-08  1.41417864e-311 
 1.85115000e-08  1.34780565e-311 
 1.85125000e-08  1.41417864e-311 
 1.85135000e-08  1.34780565e-311 
 1.85145000e-08  1.41417864e-311 
 1.85155000e-08  1.34780565e-311 
 1.85165000e-08  1.41417864e-311 
 1.85175000e-08  1.34780565e-311 
 1.85185000e-08  1.41417864e-311 
 1.85195000e-08  1.34780565e-311 
 1.85205000e-08  1.41417864e-311 
 1.85215000e-08  1.34780565e-311 
 1.85225000e-08  1.41417864e-311 
 1.85235000e-08  1.34780565e-311 
 1.85245000e-08  1.41417864e-311 
 1.85255000e-08  1.34780565e-311 
 1.85265000e-08  1.41417864e-311 
 1.85275000e-08  1.34780565e-311 
 1.85285000e-08  1.41417864e-311 
 1.85295000e-08  1.34780565e-311 
 1.85305000e-08  1.41417864e-311 
 1.85315000e-08  1.34780565e-311 
 1.85325000e-08  1.41417864e-311 
 1.85335000e-08  1.34780565e-311 
 1.85345000e-08  1.41417864e-311 
 1.85355000e-08  1.34780565e-311 
 1.85365000e-08  1.41417864e-311 
 1.85375000e-08  1.34780565e-311 
 1.85385000e-08  1.41417864e-311 
 1.85395000e-08  1.34780565e-311 
 1.85405000e-08  1.41417864e-311 
 1.85415000e-08  1.34780565e-311 
 1.85425000e-08  1.41417864e-311 
 1.85435000e-08  1.34780565e-311 
 1.85445000e-08  1.41417864e-311 
 1.85455000e-08  1.34780565e-311 
 1.85465000e-08  1.41417864e-311 
 1.85475000e-08  1.34780565e-311 
 1.85485000e-08  1.41417864e-311 
 1.85495000e-08  1.34780565e-311 
 1.85505000e-08  1.41417864e-311 
 1.85515000e-08  1.34780565e-311 
 1.85525000e-08  1.41417864e-311 
 1.85535000e-08  1.34780565e-311 
 1.85545000e-08  1.41417864e-311 
 1.85555000e-08  1.34780565e-311 
 1.85565000e-08  1.41417864e-311 
 1.85575000e-08  1.34780565e-311 
 1.85585000e-08  1.41417864e-311 
 1.85595000e-08  1.34780565e-311 
 1.85605000e-08  1.41417864e-311 
 1.85615000e-08  1.34780565e-311 
 1.85625000e-08  1.41417864e-311 
 1.85635000e-08  1.34780565e-311 
 1.85645000e-08  1.41417864e-311 
 1.85655000e-08  1.34780565e-311 
 1.85665000e-08  1.41417864e-311 
 1.85675000e-08  1.34780565e-311 
 1.85685000e-08  1.41417864e-311 
 1.85695000e-08  1.34780565e-311 
 1.85705000e-08  1.41417864e-311 
 1.85715000e-08  1.34780565e-311 
 1.85725000e-08  1.41417864e-311 
 1.85735000e-08  1.34780565e-311 
 1.85745000e-08  1.41417864e-311 
 1.85755000e-08  1.34780565e-311 
 1.85765000e-08  1.41417864e-311 
 1.85775000e-08  1.34780565e-311 
 1.85785000e-08  1.41417864e-311 
 1.85795000e-08  1.34780565e-311 
 1.85805000e-08  1.41417864e-311 
 1.85815000e-08  1.34780565e-311 
 1.85825000e-08  1.41417864e-311 
 1.85835000e-08  1.34780565e-311 
 1.85845000e-08  1.41417864e-311 
 1.85855000e-08  1.34780565e-311 
 1.85865000e-08  1.41417864e-311 
 1.85875000e-08  1.34780565e-311 
 1.85885000e-08  1.41417864e-311 
 1.85895000e-08  1.34780565e-311 
 1.85905000e-08  1.41417864e-311 
 1.85915000e-08  1.34780565e-311 
 1.85925000e-08  1.41417864e-311 
 1.85935000e-08  1.34780565e-311 
 1.85945000e-08  1.41417864e-311 
 1.85955000e-08  1.34780565e-311 
 1.85965000e-08  1.41417864e-311 
 1.85975000e-08  1.34780565e-311 
 1.85985000e-08  1.41417864e-311 
 1.85995000e-08  1.34780565e-311 
 1.86005000e-08  1.41417864e-311 
 1.86015000e-08  1.34780565e-311 
 1.86025000e-08  1.41417864e-311 
 1.86035000e-08  1.34780565e-311 
 1.86045000e-08  1.41417864e-311 
 1.86055000e-08  1.34780565e-311 
 1.86065000e-08  1.41417864e-311 
 1.86075000e-08  1.34780565e-311 
 1.86085000e-08  1.41417864e-311 
 1.86095000e-08  1.34780565e-311 
 1.86105000e-08  1.41417864e-311 
 1.86115000e-08  1.34780565e-311 
 1.86125000e-08  1.41417864e-311 
 1.86135000e-08  1.34780565e-311 
 1.86145000e-08  1.41417864e-311 
 1.86155000e-08  1.34780565e-311 
 1.86165000e-08  1.41417864e-311 
 1.86175000e-08  1.34780565e-311 
 1.86185000e-08  1.41417864e-311 
 1.86195000e-08  1.34780565e-311 
 1.86205000e-08  1.41417864e-311 
 1.86215000e-08  1.34780565e-311 
 1.86225000e-08  1.41417864e-311 
 1.86235000e-08  1.34780565e-311 
 1.86245000e-08  1.41417864e-311 
 1.86255000e-08  1.34780565e-311 
 1.86265000e-08  1.41417864e-311 
 1.86275000e-08  1.34780565e-311 
 1.86285000e-08  1.41417864e-311 
 1.86295000e-08  1.34780565e-311 
 1.86305000e-08  1.41417864e-311 
 1.86315000e-08  1.34780565e-311 
 1.86325000e-08  1.41417864e-311 
 1.86335000e-08  1.34780565e-311 
 1.86345000e-08  1.41417864e-311 
 1.86355000e-08  1.34780565e-311 
 1.86365000e-08  1.41417864e-311 
 1.86375000e-08  1.34780565e-311 
 1.86385000e-08  1.41417864e-311 
 1.86395000e-08  1.34780565e-311 
 1.86405000e-08  1.41417864e-311 
 1.86415000e-08  1.34780565e-311 
 1.86425000e-08  1.41417864e-311 
 1.86435000e-08  1.34780565e-311 
 1.86445000e-08  1.41417864e-311 
 1.86455000e-08  1.34780565e-311 
 1.86465000e-08  1.41417864e-311 
 1.86475000e-08  1.34780565e-311 
 1.86485000e-08  1.41417864e-311 
 1.86495000e-08  1.34780565e-311 
 1.86505000e-08  1.41417864e-311 
 1.86515000e-08  1.34780565e-311 
 1.86525000e-08  1.41417864e-311 
 1.86535000e-08  1.34780565e-311 
 1.86545000e-08  1.41417864e-311 
 1.86555000e-08  1.34780565e-311 
 1.86565000e-08  1.41417864e-311 
 1.86575000e-08  1.34780565e-311 
 1.86585000e-08  1.41417864e-311 
 1.86595000e-08  1.34780565e-311 
 1.86605000e-08  1.41417864e-311 
 1.86615000e-08  1.34780565e-311 
 1.86625000e-08  1.41417864e-311 
 1.86635000e-08  1.34780565e-311 
 1.86645000e-08  1.41417864e-311 
 1.86655000e-08  1.34780565e-311 
 1.86665000e-08  1.41417864e-311 
 1.86675000e-08  1.34780565e-311 
 1.86685000e-08  1.41417864e-311 
 1.86695000e-08  1.34780565e-311 
 1.86705000e-08  1.41417864e-311 
 1.86715000e-08  1.34780565e-311 
 1.86725000e-08  1.41417864e-311 
 1.86735000e-08  1.34780565e-311 
 1.86745000e-08  1.41417864e-311 
 1.86755000e-08  1.34780565e-311 
 1.86765000e-08  1.41417864e-311 
 1.86775000e-08  1.34780565e-311 
 1.86785000e-08  1.41417864e-311 
 1.86795000e-08  1.34780565e-311 
 1.86805000e-08  1.41417864e-311 
 1.86815000e-08  1.34780565e-311 
 1.86825000e-08  1.41417864e-311 
 1.86835000e-08  1.34780565e-311 
 1.86845000e-08  1.41417864e-311 
 1.86855000e-08  1.34780565e-311 
 1.86865000e-08  1.41417864e-311 
 1.86875000e-08  1.34780565e-311 
 1.86885000e-08  1.41417864e-311 
 1.86895000e-08  1.34780565e-311 
 1.86905000e-08  1.41417864e-311 
 1.86915000e-08  1.34780565e-311 
 1.86925000e-08  1.41417864e-311 
 1.86935000e-08  1.34780565e-311 
 1.86945000e-08  1.41417864e-311 
 1.86955000e-08  1.34780565e-311 
 1.86965000e-08  1.41417864e-311 
 1.86975000e-08  1.34780565e-311 
 1.86985000e-08  1.41417864e-311 
 1.86995000e-08  1.34780565e-311 
 1.87005000e-08  1.41417864e-311 
 1.87015000e-08  1.34780565e-311 
 1.87025000e-08  1.41417864e-311 
 1.87035000e-08  1.34780565e-311 
 1.87045000e-08  1.41417864e-311 
 1.87055000e-08  1.34780565e-311 
 1.87065000e-08  1.41417864e-311 
 1.87075000e-08  1.34780565e-311 
 1.87085000e-08  1.41417864e-311 
 1.87095000e-08  1.34780565e-311 
 1.87105000e-08  1.41417864e-311 
 1.87115000e-08  1.34780565e-311 
 1.87125000e-08  1.41417864e-311 
 1.87135000e-08  1.34780565e-311 
 1.87145000e-08  1.41417864e-311 
 1.87155000e-08  1.34780565e-311 
 1.87165000e-08  1.41417864e-311 
 1.87175000e-08  1.34780565e-311 
 1.87185000e-08  1.41417864e-311 
 1.87195000e-08  1.34780565e-311 
 1.87205000e-08  1.41417864e-311 
 1.87215000e-08  1.34780565e-311 
 1.87225000e-08  1.41417864e-311 
 1.87235000e-08  1.34780565e-311 
 1.87245000e-08  1.41417864e-311 
 1.87255000e-08  1.34780565e-311 
 1.87265000e-08  1.41417864e-311 
 1.87275000e-08  1.34780565e-311 
 1.87285000e-08  1.41417864e-311 
 1.87295000e-08  1.34780565e-311 
 1.87305000e-08  1.41417864e-311 
 1.87315000e-08  1.34780565e-311 
 1.87325000e-08  1.41417864e-311 
 1.87335000e-08  1.34780565e-311 
 1.87345000e-08  1.41417864e-311 
 1.87355000e-08  1.34780565e-311 
 1.87365000e-08  1.41417864e-311 
 1.87375000e-08  1.34780565e-311 
 1.87385000e-08  1.41417864e-311 
 1.87395000e-08  1.34780565e-311 
 1.87405000e-08  1.41417864e-311 
 1.87415000e-08  1.34780565e-311 
 1.87425000e-08  1.41417864e-311 
 1.87435000e-08  1.34780565e-311 
 1.87445000e-08  1.41417864e-311 
 1.87455000e-08  1.34780565e-311 
 1.87465000e-08  1.41417864e-311 
 1.87475000e-08  1.34780565e-311 
 1.87485000e-08  1.41417864e-311 
 1.87495000e-08  1.34780565e-311 
 1.87505000e-08  1.41417864e-311 
 1.87515000e-08  1.34780565e-311 
 1.87525000e-08  1.41417864e-311 
 1.87535000e-08  1.34780565e-311 
 1.87545000e-08  1.41417864e-311 
 1.87555000e-08  1.34780565e-311 
 1.87565000e-08  1.41417864e-311 
 1.87575000e-08  1.34780565e-311 
 1.87585000e-08  1.41417864e-311 
 1.87595000e-08  1.34780565e-311 
 1.87605000e-08  1.41417864e-311 
 1.87615000e-08  1.34780565e-311 
 1.87625000e-08  1.41417864e-311 
 1.87635000e-08  1.34780565e-311 
 1.87645000e-08  1.41417864e-311 
 1.87655000e-08  1.34780565e-311 
 1.87665000e-08  1.41417864e-311 
 1.87675000e-08  1.34780565e-311 
 1.87685000e-08  1.41417864e-311 
 1.87695000e-08  1.34780565e-311 
 1.87705000e-08  1.41417864e-311 
 1.87715000e-08  1.34780565e-311 
 1.87725000e-08  1.41417864e-311 
 1.87735000e-08  1.34780565e-311 
 1.87745000e-08  1.41417864e-311 
 1.87755000e-08  1.34780565e-311 
 1.87765000e-08  1.41417864e-311 
 1.87775000e-08  1.34780565e-311 
 1.87785000e-08  1.41417864e-311 
 1.87795000e-08  1.34780565e-311 
 1.87805000e-08  1.41417864e-311 
 1.87815000e-08  1.34780565e-311 
 1.87825000e-08  1.41417864e-311 
 1.87835000e-08  1.34780565e-311 
 1.87845000e-08  1.41417864e-311 
 1.87855000e-08  1.34780565e-311 
 1.87865000e-08  1.41417864e-311 
 1.87875000e-08  1.34780565e-311 
 1.87885000e-08  1.41417864e-311 
 1.87895000e-08  1.34780565e-311 
 1.87905000e-08  1.41417864e-311 
 1.87915000e-08  1.34780565e-311 
 1.87925000e-08  1.41417864e-311 
 1.87935000e-08  1.34780565e-311 
 1.87945000e-08  1.41417864e-311 
 1.87955000e-08  1.34780565e-311 
 1.87965000e-08  1.41417864e-311 
 1.87975000e-08  1.34780565e-311 
 1.87985000e-08  1.41417864e-311 
 1.87995000e-08  1.34780565e-311 
 1.88005000e-08  1.41417864e-311 
 1.88015000e-08  1.34780565e-311 
 1.88025000e-08  1.41417864e-311 
 1.88035000e-08  1.34780565e-311 
 1.88045000e-08  1.41417864e-311 
 1.88055000e-08  1.34780565e-311 
 1.88065000e-08  1.41417864e-311 
 1.88075000e-08  1.34780565e-311 
 1.88085000e-08  1.41417864e-311 
 1.88095000e-08  1.34780565e-311 
 1.88105000e-08  1.41417864e-311 
 1.88115000e-08  1.34780565e-311 
 1.88125000e-08  1.41417864e-311 
 1.88135000e-08  1.34780565e-311 
 1.88145000e-08  1.41417864e-311 
 1.88155000e-08  1.34780565e-311 
 1.88165000e-08  1.41417864e-311 
 1.88175000e-08  1.34780565e-311 
 1.88185000e-08  1.41417864e-311 
 1.88195000e-08  1.34780565e-311 
 1.88205000e-08  1.41417864e-311 
 1.88215000e-08  1.34780565e-311 
 1.88225000e-08  1.41417864e-311 
 1.88235000e-08  1.34780565e-311 
 1.88245000e-08  1.41417864e-311 
 1.88255000e-08  1.34780565e-311 
 1.88265000e-08  1.41417864e-311 
 1.88275000e-08  1.34780565e-311 
 1.88285000e-08  1.41417864e-311 
 1.88295000e-08  1.34780565e-311 
 1.88305000e-08  1.41417864e-311 
 1.88315000e-08  1.34780565e-311 
 1.88325000e-08  1.41417864e-311 
 1.88335000e-08  1.34780565e-311 
 1.88345000e-08  1.41417864e-311 
 1.88355000e-08  1.34780565e-311 
 1.88365000e-08  1.41417864e-311 
 1.88375000e-08  1.34780565e-311 
 1.88385000e-08  1.41417864e-311 
 1.88395000e-08  1.34780565e-311 
 1.88405000e-08  1.41417864e-311 
 1.88415000e-08  1.34780565e-311 
 1.88425000e-08  1.41417864e-311 
 1.88435000e-08  1.34780565e-311 
 1.88445000e-08  1.41417864e-311 
 1.88455000e-08  1.34780565e-311 
 1.88465000e-08  1.41417864e-311 
 1.88475000e-08  1.34780565e-311 
 1.88485000e-08  1.41417864e-311 
 1.88495000e-08  1.34780565e-311 
 1.88505000e-08  1.41417864e-311 
 1.88515000e-08  1.34780565e-311 
 1.88525000e-08  1.41417864e-311 
 1.88535000e-08  1.34780565e-311 
 1.88545000e-08  1.41417864e-311 
 1.88555000e-08  1.34780565e-311 
 1.88565000e-08  1.41417864e-311 
 1.88575000e-08  1.34780565e-311 
 1.88585000e-08  1.41417864e-311 
 1.88595000e-08  1.34780565e-311 
 1.88605000e-08  1.41417864e-311 
 1.88615000e-08  1.34780565e-311 
 1.88625000e-08  1.41417864e-311 
 1.88635000e-08  1.34780565e-311 
 1.88645000e-08  1.41417864e-311 
 1.88655000e-08  1.34780565e-311 
 1.88665000e-08  1.41417864e-311 
 1.88675000e-08  1.34780565e-311 
 1.88685000e-08  1.41417864e-311 
 1.88695000e-08  1.34780565e-311 
 1.88705000e-08  1.41417864e-311 
 1.88715000e-08  1.34780565e-311 
 1.88725000e-08  1.41417864e-311 
 1.88735000e-08  1.34780565e-311 
 1.88745000e-08  1.41417864e-311 
 1.88755000e-08  1.34780565e-311 
 1.88765000e-08  1.41417864e-311 
 1.88775000e-08  1.34780565e-311 
 1.88785000e-08  1.41417864e-311 
 1.88795000e-08  1.34780565e-311 
 1.88805000e-08  1.41417864e-311 
 1.88815000e-08  1.34780565e-311 
 1.88825000e-08  1.41417864e-311 
 1.88835000e-08  1.34780565e-311 
 1.88845000e-08  1.41417864e-311 
 1.88855000e-08  1.34780565e-311 
 1.88865000e-08  1.41417864e-311 
 1.88875000e-08  1.34780565e-311 
 1.88885000e-08  1.41417864e-311 
 1.88895000e-08  1.34780565e-311 
 1.88905000e-08  1.41417864e-311 
 1.88915000e-08  1.34780565e-311 
 1.88925000e-08  1.41417864e-311 
 1.88935000e-08  1.34780565e-311 
 1.88945000e-08  1.41417864e-311 
 1.88955000e-08  1.34780565e-311 
 1.88965000e-08  1.41417864e-311 
 1.88975000e-08  1.34780565e-311 
 1.88985000e-08  1.41417864e-311 
 1.88995000e-08  1.34780565e-311 
 1.89005000e-08  1.41417864e-311 
 1.89015000e-08  1.34780565e-311 
 1.89025000e-08  1.41417864e-311 
 1.89035000e-08  1.34780565e-311 
 1.89045000e-08  1.41417864e-311 
 1.89055000e-08  1.34780565e-311 
 1.89065000e-08  1.41417864e-311 
 1.89075000e-08  1.34780565e-311 
 1.89085000e-08  1.41417864e-311 
 1.89095000e-08  1.34780565e-311 
 1.89105000e-08  1.41417864e-311 
 1.89115000e-08  1.34780565e-311 
 1.89125000e-08  1.41417864e-311 
 1.89135000e-08  1.34780565e-311 
 1.89145000e-08  1.41417864e-311 
 1.89155000e-08  1.34780565e-311 
 1.89165000e-08  1.41417864e-311 
 1.89175000e-08  1.34780565e-311 
 1.89185000e-08  1.41417864e-311 
 1.89195000e-08  1.34780565e-311 
 1.89205000e-08  1.41417864e-311 
 1.89215000e-08  1.34780565e-311 
 1.89225000e-08  1.41417864e-311 
 1.89235000e-08  1.34780565e-311 
 1.89245000e-08  1.41417864e-311 
 1.89255000e-08  1.34780565e-311 
 1.89265000e-08  1.41417864e-311 
 1.89275000e-08  1.34780565e-311 
 1.89285000e-08  1.41417864e-311 
 1.89295000e-08  1.34780565e-311 
 1.89305000e-08  1.41417864e-311 
 1.89315000e-08  1.34780565e-311 
 1.89325000e-08  1.41417864e-311 
 1.89335000e-08  1.34780565e-311 
 1.89345000e-08  1.41417864e-311 
 1.89355000e-08  1.34780565e-311 
 1.89365000e-08  1.41417864e-311 
 1.89375000e-08  1.34780565e-311 
 1.89385000e-08  1.41417864e-311 
 1.89395000e-08  1.34780565e-311 
 1.89405000e-08  1.41417864e-311 
 1.89415000e-08  1.34780565e-311 
 1.89425000e-08  1.41417864e-311 
 1.89435000e-08  1.34780565e-311 
 1.89445000e-08  1.41417864e-311 
 1.89455000e-08  1.34780565e-311 
 1.89465000e-08  1.41417864e-311 
 1.89475000e-08  1.34780565e-311 
 1.89485000e-08  1.41417864e-311 
 1.89495000e-08  1.34780565e-311 
 1.89505000e-08  1.41417864e-311 
 1.89515000e-08  1.34780565e-311 
 1.89525000e-08  1.41417864e-311 
 1.89535000e-08  1.34780565e-311 
 1.89545000e-08  1.41417864e-311 
 1.89555000e-08  1.34780565e-311 
 1.89565000e-08  1.41417864e-311 
 1.89575000e-08  1.34780565e-311 
 1.89585000e-08  1.41417864e-311 
 1.89595000e-08  1.34780565e-311 
 1.89605000e-08  1.41417864e-311 
 1.89615000e-08  1.34780565e-311 
 1.89625000e-08  1.41417864e-311 
 1.89635000e-08  1.34780565e-311 
 1.89645000e-08  1.41417864e-311 
 1.89655000e-08  1.34780565e-311 
 1.89665000e-08  1.41417864e-311 
 1.89675000e-08  1.34780565e-311 
 1.89685000e-08  1.41417864e-311 
 1.89695000e-08  1.34780565e-311 
 1.89705000e-08  1.41417864e-311 
 1.89715000e-08  1.34780565e-311 
 1.89725000e-08  1.41417864e-311 
 1.89735000e-08  1.34780565e-311 
 1.89745000e-08  1.41417864e-311 
 1.89755000e-08  1.34780565e-311 
 1.89765000e-08  1.41417864e-311 
 1.89775000e-08  1.34780565e-311 
 1.89785000e-08  1.41417864e-311 
 1.89795000e-08  1.34780565e-311 
 1.89805000e-08  1.41417864e-311 
 1.89815000e-08  1.34780565e-311 
 1.89825000e-08  1.41417864e-311 
 1.89835000e-08  1.34780565e-311 
 1.89845000e-08  1.41417864e-311 
 1.89855000e-08  1.34780565e-311 
 1.89865000e-08  1.41417864e-311 
 1.89875000e-08  1.34780565e-311 
 1.89885000e-08  1.41417864e-311 
 1.89895000e-08  1.34780565e-311 
 1.89905000e-08  1.41417864e-311 
 1.89915000e-08  1.34780565e-311 
 1.89925000e-08  1.41417864e-311 
 1.89935000e-08  1.34780565e-311 
 1.89945000e-08  1.41417864e-311 
 1.89955000e-08  1.34780565e-311 
 1.89965000e-08  1.41417864e-311 
 1.89975000e-08  1.34780565e-311 
 1.89985000e-08  1.41417864e-311 
 1.89995000e-08  1.34780565e-311 
 1.90005000e-08  1.41417864e-311 
 1.90015000e-08  1.34780565e-311 
 1.90025000e-08  1.41417864e-311 
 1.90035000e-08  1.34780565e-311 
 1.90045000e-08  1.41417864e-311 
 1.90055000e-08  1.34780565e-311 
 1.90065000e-08  1.41417864e-311 
 1.90075000e-08  1.34780565e-311 
 1.90085000e-08  1.41417864e-311 
 1.90095000e-08  1.34780565e-311 
 1.90105000e-08  1.41417864e-311 
 1.90115000e-08  1.34780565e-311 
 1.90125000e-08  1.41417864e-311 
 1.90135000e-08  1.34780565e-311 
 1.90145000e-08  1.41417864e-311 
 1.90155000e-08  1.34780565e-311 
 1.90165000e-08  1.41417864e-311 
 1.90175000e-08  1.34780565e-311 
 1.90185000e-08  1.41417864e-311 
 1.90195000e-08  1.34780565e-311 
 1.90205000e-08  1.41417864e-311 
 1.90215000e-08  1.34780565e-311 
 1.90225000e-08  1.41417864e-311 
 1.90235000e-08  1.34780565e-311 
 1.90245000e-08  1.41417864e-311 
 1.90255000e-08  1.34780565e-311 
 1.90265000e-08  1.41417864e-311 
 1.90275000e-08  1.34780565e-311 
 1.90285000e-08  1.41417864e-311 
 1.90295000e-08  1.34780565e-311 
 1.90305000e-08  1.41417864e-311 
 1.90315000e-08  1.34780565e-311 
 1.90325000e-08  1.41417864e-311 
 1.90335000e-08  1.34780565e-311 
 1.90345000e-08  1.41417864e-311 
 1.90355000e-08  1.34780565e-311 
 1.90365000e-08  1.41417864e-311 
 1.90375000e-08  1.34780565e-311 
 1.90385000e-08  1.41417864e-311 
 1.90395000e-08  1.34780565e-311 
 1.90405000e-08  1.41417864e-311 
 1.90415000e-08  1.34780565e-311 
 1.90425000e-08  1.41417864e-311 
 1.90435000e-08  1.34780565e-311 
 1.90445000e-08  1.41417864e-311 
 1.90455000e-08  1.34780565e-311 
 1.90465000e-08  1.41417864e-311 
 1.90475000e-08  1.34780565e-311 
 1.90485000e-08  1.41417864e-311 
 1.90495000e-08  1.34780565e-311 
 1.90505000e-08  1.41417864e-311 
 1.90515000e-08  1.34780565e-311 
 1.90525000e-08  1.41417864e-311 
 1.90535000e-08  1.34780565e-311 
 1.90545000e-08  1.41417864e-311 
 1.90555000e-08  1.34780565e-311 
 1.90565000e-08  1.41417864e-311 
 1.90575000e-08  1.34780565e-311 
 1.90585000e-08  1.41417864e-311 
 1.90595000e-08  1.34780565e-311 
 1.90605000e-08  1.41417864e-311 
 1.90615000e-08  1.34780565e-311 
 1.90625000e-08  1.41417864e-311 
 1.90635000e-08  1.34780565e-311 
 1.90645000e-08  1.41417864e-311 
 1.90655000e-08  1.34780565e-311 
 1.90665000e-08  1.41417864e-311 
 1.90675000e-08  1.34780565e-311 
 1.90685000e-08  1.41417864e-311 
 1.90695000e-08  1.34780565e-311 
 1.90705000e-08  1.41417864e-311 
 1.90715000e-08  1.34780565e-311 
 1.90725000e-08  1.41417864e-311 
 1.90735000e-08  1.34780565e-311 
 1.90745000e-08  1.41417864e-311 
 1.90755000e-08  1.34780565e-311 
 1.90765000e-08  1.41417864e-311 
 1.90775000e-08  1.34780565e-311 
 1.90785000e-08  1.41417864e-311 
 1.90795000e-08  1.34780565e-311 
 1.90805000e-08  1.41417864e-311 
 1.90815000e-08  1.34780565e-311 
 1.90825000e-08  1.41417864e-311 
 1.90835000e-08  1.34780565e-311 
 1.90845000e-08  1.41417864e-311 
 1.90855000e-08  1.34780565e-311 
 1.90865000e-08  1.41417864e-311 
 1.90875000e-08  1.34780565e-311 
 1.90885000e-08  1.41417864e-311 
 1.90895000e-08  1.34780565e-311 
 1.90905000e-08  1.41417864e-311 
 1.90915000e-08  1.34780565e-311 
 1.90925000e-08  1.41417864e-311 
 1.90935000e-08  1.34780565e-311 
 1.90945000e-08  1.41417864e-311 
 1.90955000e-08  1.34780565e-311 
 1.90965000e-08  1.41417864e-311 
 1.90975000e-08  1.34780565e-311 
 1.90985000e-08  1.41417864e-311 
 1.90995000e-08  1.34780565e-311 
 1.91005000e-08  1.41417864e-311 
 1.91015000e-08  1.34780565e-311 
 1.91025000e-08  1.41417864e-311 
 1.91035000e-08  1.34780565e-311 
 1.91045000e-08  1.41417864e-311 
 1.91055000e-08  1.34780565e-311 
 1.91065000e-08  1.41417864e-311 
 1.91075000e-08  1.34780565e-311 
 1.91085000e-08  1.41417864e-311 
 1.91095000e-08  1.34780565e-311 
 1.91105000e-08  1.41417864e-311 
 1.91115000e-08  1.34780565e-311 
 1.91125000e-08  1.41417864e-311 
 1.91135000e-08  1.34780565e-311 
 1.91145000e-08  1.41417864e-311 
 1.91155000e-08  1.34780565e-311 
 1.91165000e-08  1.41417864e-311 
 1.91175000e-08  1.34780565e-311 
 1.91185000e-08  1.41417864e-311 
 1.91195000e-08  1.34780565e-311 
 1.91205000e-08  1.41417864e-311 
 1.91215000e-08  1.34780565e-311 
 1.91225000e-08  1.41417864e-311 
 1.91235000e-08  1.34780565e-311 
 1.91245000e-08  1.41417864e-311 
 1.91255000e-08  1.34780565e-311 
 1.91265000e-08  1.41417864e-311 
 1.91275000e-08  1.34780565e-311 
 1.91285000e-08  1.41417864e-311 
 1.91295000e-08  1.34780565e-311 
 1.91305000e-08  1.41417864e-311 
 1.91315000e-08  1.34780565e-311 
 1.91325000e-08  1.41417864e-311 
 1.91335000e-08  1.34780565e-311 
 1.91345000e-08  1.41417864e-311 
 1.91355000e-08  1.34780565e-311 
 1.91365000e-08  1.41417864e-311 
 1.91375000e-08  1.34780565e-311 
 1.91385000e-08  1.41417864e-311 
 1.91395000e-08  1.34780565e-311 
 1.91405000e-08  1.41417864e-311 
 1.91415000e-08  1.34780565e-311 
 1.91425000e-08  1.41417864e-311 
 1.91435000e-08  1.34780565e-311 
 1.91445000e-08  1.41417864e-311 
 1.91455000e-08  1.34780565e-311 
 1.91465000e-08  1.41417864e-311 
 1.91475000e-08  1.34780565e-311 
 1.91485000e-08  1.41417864e-311 
 1.91495000e-08  1.34780565e-311 
 1.91505000e-08  1.41417864e-311 
 1.91515000e-08  1.34780565e-311 
 1.91525000e-08  1.41417864e-311 
 1.91535000e-08  1.34780565e-311 
 1.91545000e-08  1.41417864e-311 
 1.91555000e-08  1.34780565e-311 
 1.91565000e-08  1.41417864e-311 
 1.91575000e-08  1.34780565e-311 
 1.91585000e-08  1.41417864e-311 
 1.91595000e-08  1.34780565e-311 
 1.91605000e-08  1.41417864e-311 
 1.91615000e-08  1.34780565e-311 
 1.91625000e-08  1.41417864e-311 
 1.91635000e-08  1.34780565e-311 
 1.91645000e-08  1.41417864e-311 
 1.91655000e-08  1.34780565e-311 
 1.91665000e-08  1.41417864e-311 
 1.91675000e-08  1.34780565e-311 
 1.91685000e-08  1.41417864e-311 
 1.91695000e-08  1.34780565e-311 
 1.91705000e-08  1.41417864e-311 
 1.91715000e-08  1.34780565e-311 
 1.91725000e-08  1.41417864e-311 
 1.91735000e-08  1.34780565e-311 
 1.91745000e-08  1.41417864e-311 
 1.91755000e-08  1.34780565e-311 
 1.91765000e-08  1.41417864e-311 
 1.91775000e-08  1.34780565e-311 
 1.91785000e-08  1.41417864e-311 
 1.91795000e-08  1.34780565e-311 
 1.91805000e-08  1.41417864e-311 
 1.91815000e-08  1.34780565e-311 
 1.91825000e-08  1.41417864e-311 
 1.91835000e-08  1.34780565e-311 
 1.91845000e-08  1.41417864e-311 
 1.91855000e-08  1.34780565e-311 
 1.91865000e-08  1.41417864e-311 
 1.91875000e-08  1.34780565e-311 
 1.91885000e-08  1.41417864e-311 
 1.91895000e-08  1.34780565e-311 
 1.91905000e-08  1.41417864e-311 
 1.91915000e-08  1.34780565e-311 
 1.91925000e-08  1.41417864e-311 
 1.91935000e-08  1.34780565e-311 
 1.91945000e-08  1.41417864e-311 
 1.91955000e-08  1.34780565e-311 
 1.91965000e-08  1.41417864e-311 
 1.91975000e-08  1.34780565e-311 
 1.91985000e-08  1.41417864e-311 
 1.91995000e-08  1.34780565e-311 
 1.92005000e-08  1.41417864e-311 
 1.92015000e-08  1.34780565e-311 
 1.92025000e-08  1.41417864e-311 
 1.92035000e-08  1.34780565e-311 
 1.92045000e-08  1.41417864e-311 
 1.92055000e-08  1.34780565e-311 
 1.92065000e-08  1.41417864e-311 
 1.92075000e-08  1.34780565e-311 
 1.92085000e-08  1.41417864e-311 
 1.92095000e-08  1.34780565e-311 
 1.92105000e-08  1.41417864e-311 
 1.92115000e-08  1.34780565e-311 
 1.92125000e-08  1.41417864e-311 
 1.92135000e-08  1.34780565e-311 
 1.92145000e-08  1.41417864e-311 
 1.92155000e-08  1.34780565e-311 
 1.92165000e-08  1.41417864e-311 
 1.92175000e-08  1.34780565e-311 
 1.92185000e-08  1.41417864e-311 
 1.92195000e-08  1.34780565e-311 
 1.92205000e-08  1.41417864e-311 
 1.92215000e-08  1.34780565e-311 
 1.92225000e-08  1.41417864e-311 
 1.92235000e-08  1.34780565e-311 
 1.92245000e-08  1.41417864e-311 
 1.92255000e-08  1.34780565e-311 
 1.92265000e-08  1.41417864e-311 
 1.92275000e-08  1.34780565e-311 
 1.92285000e-08  1.41417864e-311 
 1.92295000e-08  1.34780565e-311 
 1.92305000e-08  1.41417864e-311 
 1.92315000e-08  1.34780565e-311 
 1.92325000e-08  1.41417864e-311 
 1.92335000e-08  1.34780565e-311 
 1.92345000e-08  1.41417864e-311 
 1.92355000e-08  1.34780565e-311 
 1.92365000e-08  1.41417864e-311 
 1.92375000e-08  1.34780565e-311 
 1.92385000e-08  1.41417864e-311 
 1.92395000e-08  1.34780565e-311 
 1.92405000e-08  1.41417864e-311 
 1.92415000e-08  1.34780565e-311 
 1.92425000e-08  1.41417864e-311 
 1.92435000e-08  1.34780565e-311 
 1.92445000e-08  1.41417864e-311 
 1.92455000e-08  1.34780565e-311 
 1.92465000e-08  1.41417864e-311 
 1.92475000e-08  1.34780565e-311 
 1.92485000e-08  1.41417864e-311 
 1.92495000e-08  1.34780565e-311 
 1.92505000e-08  1.41417864e-311 
 1.92515000e-08  1.34780565e-311 
 1.92525000e-08  1.41417864e-311 
 1.92535000e-08  1.34780565e-311 
 1.92545000e-08  1.41417864e-311 
 1.92555000e-08  1.34780565e-311 
 1.92565000e-08  1.41417864e-311 
 1.92575000e-08  1.34780565e-311 
 1.92585000e-08  1.41417864e-311 
 1.92595000e-08  1.34780565e-311 
 1.92605000e-08  1.41417864e-311 
 1.92615000e-08  1.34780565e-311 
 1.92625000e-08  1.41417864e-311 
 1.92635000e-08  1.34780565e-311 
 1.92645000e-08  1.41417864e-311 
 1.92655000e-08  1.34780565e-311 
 1.92665000e-08  1.41417864e-311 
 1.92675000e-08  1.34780565e-311 
 1.92685000e-08  1.41417864e-311 
 1.92695000e-08  1.34780565e-311 
 1.92705000e-08  1.41417864e-311 
 1.92715000e-08  1.34780565e-311 
 1.92725000e-08  1.41417864e-311 
 1.92735000e-08  1.34780565e-311 
 1.92745000e-08  1.41417864e-311 
 1.92755000e-08  1.34780565e-311 
 1.92765000e-08  1.41417864e-311 
 1.92775000e-08  1.34780565e-311 
 1.92785000e-08  1.41417864e-311 
 1.92795000e-08  1.34780565e-311 
 1.92805000e-08  1.41417864e-311 
 1.92815000e-08  1.34780565e-311 
 1.92825000e-08  1.41417864e-311 
 1.92835000e-08  1.34780565e-311 
 1.92845000e-08  1.41417864e-311 
 1.92855000e-08  1.34780565e-311 
 1.92865000e-08  1.41417864e-311 
 1.92875000e-08  1.34780565e-311 
 1.92885000e-08  1.41417864e-311 
 1.92895000e-08  1.34780565e-311 
 1.92905000e-08  1.41417864e-311 
 1.92915000e-08  1.34780565e-311 
 1.92925000e-08  1.41417864e-311 
 1.92935000e-08  1.34780565e-311 
 1.92945000e-08  1.41417864e-311 
 1.92955000e-08  1.34780565e-311 
 1.92965000e-08  1.41417864e-311 
 1.92975000e-08  1.34780565e-311 
 1.92985000e-08  1.41417864e-311 
 1.92995000e-08  1.34780565e-311 
 1.93005000e-08  1.41417864e-311 
 1.93015000e-08  1.34780565e-311 
 1.93025000e-08  1.41417864e-311 
 1.93035000e-08  1.34780565e-311 
 1.93045000e-08  1.41417864e-311 
 1.93055000e-08  1.34780565e-311 
 1.93065000e-08  1.41417864e-311 
 1.93075000e-08  1.34780565e-311 
 1.93085000e-08  1.41417864e-311 
 1.93095000e-08  1.34780565e-311 
 1.93105000e-08  1.41417864e-311 
 1.93115000e-08  1.34780565e-311 
 1.93125000e-08  1.41417864e-311 
 1.93135000e-08  1.34780565e-311 
 1.93145000e-08  1.41417864e-311 
 1.93155000e-08  1.34780565e-311 
 1.93165000e-08  1.41417864e-311 
 1.93175000e-08  1.34780565e-311 
 1.93185000e-08  1.41417864e-311 
 1.93195000e-08  1.34780565e-311 
 1.93205000e-08  1.41417864e-311 
 1.93215000e-08  1.34780565e-311 
 1.93225000e-08  1.41417864e-311 
 1.93235000e-08  1.34780565e-311 
 1.93245000e-08  1.41417864e-311 
 1.93255000e-08  1.34780565e-311 
 1.93265000e-08  1.41417864e-311 
 1.93275000e-08  1.34780565e-311 
 1.93285000e-08  1.41417864e-311 
 1.93295000e-08  1.34780565e-311 
 1.93305000e-08  1.41417864e-311 
 1.93315000e-08  1.34780565e-311 
 1.93325000e-08  1.41417864e-311 
 1.93335000e-08  1.34780565e-311 
 1.93345000e-08  1.41417864e-311 
 1.93355000e-08  1.34780565e-311 
 1.93365000e-08  1.41417864e-311 
 1.93375000e-08  1.34780565e-311 
 1.93385000e-08  1.41417864e-311 
 1.93395000e-08  1.34780565e-311 
 1.93405000e-08  1.41417864e-311 
 1.93415000e-08  1.34780565e-311 
 1.93425000e-08  1.41417864e-311 
 1.93435000e-08  1.34780565e-311 
 1.93445000e-08  1.41417864e-311 
 1.93455000e-08  1.34780565e-311 
 1.93465000e-08  1.41417864e-311 
 1.93475000e-08  1.34780565e-311 
 1.93485000e-08  1.41417864e-311 
 1.93495000e-08  1.34780565e-311 
 1.93505000e-08  1.41417864e-311 
 1.93515000e-08  1.34780565e-311 
 1.93525000e-08  1.41417864e-311 
 1.93535000e-08  1.34780565e-311 
 1.93545000e-08  1.41417864e-311 
 1.93555000e-08  1.34780565e-311 
 1.93565000e-08  1.41417864e-311 
 1.93575000e-08  1.34780565e-311 
 1.93585000e-08  1.41417864e-311 
 1.93595000e-08  1.34780565e-311 
 1.93605000e-08  1.41417864e-311 
 1.93615000e-08  1.34780565e-311 
 1.93625000e-08  1.41417864e-311 
 1.93635000e-08  1.34780565e-311 
 1.93645000e-08  1.41417864e-311 
 1.93655000e-08  1.34780565e-311 
 1.93665000e-08  1.41417864e-311 
 1.93675000e-08  1.34780565e-311 
 1.93685000e-08  1.41417864e-311 
 1.93695000e-08  1.34780565e-311 
 1.93705000e-08  1.41417864e-311 
 1.93715000e-08  1.34780565e-311 
 1.93725000e-08  1.41417864e-311 
 1.93735000e-08  1.34780565e-311 
 1.93745000e-08  1.41417864e-311 
 1.93755000e-08  1.34780565e-311 
 1.93765000e-08  1.41417864e-311 
 1.93775000e-08  1.34780565e-311 
 1.93785000e-08  1.41417864e-311 
 1.93795000e-08  1.34780565e-311 
 1.93805000e-08  1.41417864e-311 
 1.93815000e-08  1.34780565e-311 
 1.93825000e-08  1.41417864e-311 
 1.93835000e-08  1.34780565e-311 
 1.93845000e-08  1.41417864e-311 
 1.93855000e-08  1.34780565e-311 
 1.93865000e-08  1.41417864e-311 
 1.93875000e-08  1.34780565e-311 
 1.93885000e-08  1.41417864e-311 
 1.93895000e-08  1.34780565e-311 
 1.93905000e-08  1.41417864e-311 
 1.93915000e-08  1.34780565e-311 
 1.93925000e-08  1.41417864e-311 
 1.93935000e-08  1.34780565e-311 
 1.93945000e-08  1.41417864e-311 
 1.93955000e-08  1.34780565e-311 
 1.93965000e-08  1.41417864e-311 
 1.93975000e-08  1.34780565e-311 
 1.93985000e-08  1.41417864e-311 
 1.93995000e-08  1.34780565e-311 
 1.94005000e-08  1.41417864e-311 
 1.94015000e-08  1.34780565e-311 
 1.94025000e-08  1.41417864e-311 
 1.94035000e-08  1.34780565e-311 
 1.94045000e-08  1.41417864e-311 
 1.94055000e-08  1.34780565e-311 
 1.94065000e-08  1.41417864e-311 
 1.94075000e-08  1.34780565e-311 
 1.94085000e-08  1.41417864e-311 
 1.94095000e-08  1.34780565e-311 
 1.94105000e-08  1.41417864e-311 
 1.94115000e-08  1.34780565e-311 
 1.94125000e-08  1.41417864e-311 
 1.94135000e-08  1.34780565e-311 
 1.94145000e-08  1.41417864e-311 
 1.94155000e-08  1.34780565e-311 
 1.94165000e-08  1.41417864e-311 
 1.94175000e-08  1.34780565e-311 
 1.94185000e-08  1.41417864e-311 
 1.94195000e-08  1.34780565e-311 
 1.94205000e-08  1.41417864e-311 
 1.94215000e-08  1.34780565e-311 
 1.94225000e-08  1.41417864e-311 
 1.94235000e-08  1.34780565e-311 
 1.94245000e-08  1.41417864e-311 
 1.94255000e-08  1.34780565e-311 
 1.94265000e-08  1.41417864e-311 
 1.94275000e-08  1.34780565e-311 
 1.94285000e-08  1.41417864e-311 
 1.94295000e-08  1.34780565e-311 
 1.94305000e-08  1.41417864e-311 
 1.94315000e-08  1.34780565e-311 
 1.94325000e-08  1.41417864e-311 
 1.94335000e-08  1.34780565e-311 
 1.94345000e-08  1.41417864e-311 
 1.94355000e-08  1.34780565e-311 
 1.94365000e-08  1.41417864e-311 
 1.94375000e-08  1.34780565e-311 
 1.94385000e-08  1.41417864e-311 
 1.94395000e-08  1.34780565e-311 
 1.94405000e-08  1.41417864e-311 
 1.94415000e-08  1.34780565e-311 
 1.94425000e-08  1.41417864e-311 
 1.94435000e-08  1.34780565e-311 
 1.94445000e-08  1.41417864e-311 
 1.94455000e-08  1.34780565e-311 
 1.94465000e-08  1.41417864e-311 
 1.94475000e-08  1.34780565e-311 
 1.94485000e-08  1.41417864e-311 
 1.94495000e-08  1.34780565e-311 
 1.94505000e-08  1.41417864e-311 
 1.94515000e-08  1.34780565e-311 
 1.94525000e-08  1.41417864e-311 
 1.94535000e-08  1.34780565e-311 
 1.94545000e-08  1.41417864e-311 
 1.94555000e-08  1.34780565e-311 
 1.94565000e-08  1.41417864e-311 
 1.94575000e-08  1.34780565e-311 
 1.94585000e-08  1.41417864e-311 
 1.94595000e-08  1.34780565e-311 
 1.94605000e-08  1.41417864e-311 
 1.94615000e-08  1.34780565e-311 
 1.94625000e-08  1.41417864e-311 
 1.94635000e-08  1.34780565e-311 
 1.94645000e-08  1.41417864e-311 
 1.94655000e-08  1.34780565e-311 
 1.94665000e-08  1.41417864e-311 
 1.94675000e-08  1.34780565e-311 
 1.94685000e-08  1.41417864e-311 
 1.94695000e-08  1.34780565e-311 
 1.94705000e-08  1.41417864e-311 
 1.94715000e-08  1.34780565e-311 
 1.94725000e-08  1.41417864e-311 
 1.94735000e-08  1.34780565e-311 
 1.94745000e-08  1.41417864e-311 
 1.94755000e-08  1.34780565e-311 
 1.94765000e-08  1.41417864e-311 
 1.94775000e-08  1.34780565e-311 
 1.94785000e-08  1.41417864e-311 
 1.94795000e-08  1.34780565e-311 
 1.94805000e-08  1.41417864e-311 
 1.94815000e-08  1.34780565e-311 
 1.94825000e-08  1.41417864e-311 
 1.94835000e-08  1.34780565e-311 
 1.94845000e-08  1.41417864e-311 
 1.94855000e-08  1.34780565e-311 
 1.94865000e-08  1.41417864e-311 
 1.94875000e-08  1.34780565e-311 
 1.94885000e-08  1.41417864e-311 
 1.94895000e-08  1.34780565e-311 
 1.94905000e-08  1.41417864e-311 
 1.94915000e-08  1.34780565e-311 
 1.94925000e-08  1.41417864e-311 
 1.94935000e-08  1.34780565e-311 
 1.94945000e-08  1.41417864e-311 
 1.94955000e-08  1.34780565e-311 
 1.94965000e-08  1.41417864e-311 
 1.94975000e-08  1.34780565e-311 
 1.94985000e-08  1.41417864e-311 
 1.94995000e-08  1.34780565e-311 
 1.95005000e-08  1.41417864e-311 
 1.95015000e-08  1.34780565e-311 
 1.95025000e-08  1.41417864e-311 
 1.95035000e-08  1.34780565e-311 
 1.95045000e-08  1.41417864e-311 
 1.95055000e-08  1.34780565e-311 
 1.95065000e-08  1.41417864e-311 
 1.95075000e-08  1.34780565e-311 
 1.95085000e-08  1.41417864e-311 
 1.95095000e-08  1.34780565e-311 
 1.95105000e-08  1.41417864e-311 
 1.95115000e-08  1.34780565e-311 
 1.95125000e-08  1.41417864e-311 
 1.95135000e-08  1.34780565e-311 
 1.95145000e-08  1.41417864e-311 
 1.95155000e-08  1.34780565e-311 
 1.95165000e-08  1.41417864e-311 
 1.95175000e-08  1.34780565e-311 
 1.95185000e-08  1.41417864e-311 
 1.95195000e-08  1.34780565e-311 
 1.95205000e-08  1.41417864e-311 
 1.95215000e-08  1.34780565e-311 
 1.95225000e-08  1.41417864e-311 
 1.95235000e-08  1.34780565e-311 
 1.95245000e-08  1.41417864e-311 
 1.95255000e-08  1.34780565e-311 
 1.95265000e-08  1.41417864e-311 
 1.95275000e-08  1.34780565e-311 
 1.95285000e-08  1.41417864e-311 
 1.95295000e-08  1.34780565e-311 
 1.95305000e-08  1.41417864e-311 
 1.95315000e-08  1.34780565e-311 
 1.95325000e-08  1.41417864e-311 
 1.95335000e-08  1.34780565e-311 
 1.95345000e-08  1.41417864e-311 
 1.95355000e-08  1.34780565e-311 
 1.95365000e-08  1.41417864e-311 
 1.95375000e-08  1.34780565e-311 
 1.95385000e-08  1.41417864e-311 
 1.95395000e-08  1.34780565e-311 
 1.95405000e-08  1.41417864e-311 
 1.95415000e-08  1.34780565e-311 
 1.95425000e-08  1.41417864e-311 
 1.95435000e-08  1.34780565e-311 
 1.95445000e-08  1.41417864e-311 
 1.95455000e-08  1.34780565e-311 
 1.95465000e-08  1.41417864e-311 
 1.95475000e-08  1.34780565e-311 
 1.95485000e-08  1.41417864e-311 
 1.95495000e-08  1.34780565e-311 
 1.95505000e-08  1.41417864e-311 
 1.95515000e-08  1.34780565e-311 
 1.95525000e-08  1.41417864e-311 
 1.95535000e-08  1.34780565e-311 
 1.95545000e-08  1.41417864e-311 
 1.95555000e-08  1.34780565e-311 
 1.95565000e-08  1.41417864e-311 
 1.95575000e-08  1.34780565e-311 
 1.95585000e-08  1.41417864e-311 
 1.95595000e-08  1.34780565e-311 
 1.95605000e-08  1.41417864e-311 
 1.95615000e-08  1.34780565e-311 
 1.95625000e-08  1.41417864e-311 
 1.95635000e-08  1.34780565e-311 
 1.95645000e-08  1.41417864e-311 
 1.95655000e-08  1.34780565e-311 
 1.95665000e-08  1.41417864e-311 
 1.95675000e-08  1.34780565e-311 
 1.95685000e-08  1.41417864e-311 
 1.95695000e-08  1.34780565e-311 
 1.95705000e-08  1.41417864e-311 
 1.95715000e-08  1.34780565e-311 
 1.95725000e-08  1.41417864e-311 
 1.95735000e-08  1.34780565e-311 
 1.95745000e-08  1.41417864e-311 
 1.95755000e-08  1.34780565e-311 
 1.95765000e-08  1.41417864e-311 
 1.95775000e-08  1.34780565e-311 
 1.95785000e-08  1.41417864e-311 
 1.95795000e-08  1.34780565e-311 
 1.95805000e-08  1.41417864e-311 
 1.95815000e-08  1.34780565e-311 
 1.95825000e-08  1.41417864e-311 
 1.95835000e-08  1.34780565e-311 
 1.95845000e-08  1.41417864e-311 
 1.95855000e-08  1.34780565e-311 
 1.95865000e-08  1.41417864e-311 
 1.95875000e-08  1.34780565e-311 
 1.95885000e-08  1.41417864e-311 
 1.95895000e-08  1.34780565e-311 
 1.95905000e-08  1.41417864e-311 
 1.95915000e-08  1.34780565e-311 
 1.95925000e-08  1.41417864e-311 
 1.95935000e-08  1.34780565e-311 
 1.95945000e-08  1.41417864e-311 
 1.95955000e-08  1.34780565e-311 
 1.95965000e-08  1.41417864e-311 
 1.95975000e-08  1.34780565e-311 
 1.95985000e-08  1.41417864e-311 
 1.95995000e-08  1.34780565e-311 
 1.96005000e-08  1.41417864e-311 
 1.96015000e-08  1.34780565e-311 
 1.96025000e-08  1.41417864e-311 
 1.96035000e-08  1.34780565e-311 
 1.96045000e-08  1.41417864e-311 
 1.96055000e-08  1.34780565e-311 
 1.96065000e-08  1.41417864e-311 
 1.96075000e-08  1.34780565e-311 
 1.96085000e-08  1.41417864e-311 
 1.96095000e-08  1.34780565e-311 
 1.96105000e-08  1.41417864e-311 
 1.96115000e-08  1.34780565e-311 
 1.96125000e-08  1.41417864e-311 
 1.96135000e-08  1.34780565e-311 
 1.96145000e-08  1.41417864e-311 
 1.96155000e-08  1.34780565e-311 
 1.96165000e-08  1.41417864e-311 
 1.96175000e-08  1.34780565e-311 
 1.96185000e-08  1.41417864e-311 
 1.96195000e-08  1.34780565e-311 
 1.96205000e-08  1.41417864e-311 
 1.96215000e-08  1.34780565e-311 
 1.96225000e-08  1.41417864e-311 
 1.96235000e-08  1.34780565e-311 
 1.96245000e-08  1.41417864e-311 
 1.96255000e-08  1.34780565e-311 
 1.96265000e-08  1.41417864e-311 
 1.96275000e-08  1.34780565e-311 
 1.96285000e-08  1.41417864e-311 
 1.96295000e-08  1.34780565e-311 
 1.96305000e-08  1.41417864e-311 
 1.96315000e-08  1.34780565e-311 
 1.96325000e-08  1.41417864e-311 
 1.96335000e-08  1.34780565e-311 
 1.96345000e-08  1.41417864e-311 
 1.96355000e-08  1.34780565e-311 
 1.96365000e-08  1.41417864e-311 
 1.96375000e-08  1.34780565e-311 
 1.96385000e-08  1.41417864e-311 
 1.96395000e-08  1.34780565e-311 
 1.96405000e-08  1.41417864e-311 
 1.96415000e-08  1.34780565e-311 
 1.96425000e-08  1.41417864e-311 
 1.96435000e-08  1.34780565e-311 
 1.96445000e-08  1.41417864e-311 
 1.96455000e-08  1.34780565e-311 
 1.96465000e-08  1.41417864e-311 
 1.96475000e-08  1.34780565e-311 
 1.96485000e-08  1.41417864e-311 
 1.96495000e-08  1.34780565e-311 
 1.96505000e-08  1.41417864e-311 
 1.96515000e-08  1.34780565e-311 
 1.96525000e-08  1.41417864e-311 
 1.96535000e-08  1.34780565e-311 
 1.96545000e-08  1.41417864e-311 
 1.96555000e-08  1.34780565e-311 
 1.96565000e-08  1.41417864e-311 
 1.96575000e-08  1.34780565e-311 
 1.96585000e-08  1.41417864e-311 
 1.96595000e-08  1.34780565e-311 
 1.96605000e-08  1.41417864e-311 
 1.96615000e-08  1.34780565e-311 
 1.96625000e-08  1.41417864e-311 
 1.96635000e-08  1.34780565e-311 
 1.96645000e-08  1.41417864e-311 
 1.96655000e-08  1.34780565e-311 
 1.96665000e-08  1.41417864e-311 
 1.96675000e-08  1.34780565e-311 
 1.96685000e-08  1.41417864e-311 
 1.96695000e-08  1.34780565e-311 
 1.96705000e-08  1.41417864e-311 
 1.96715000e-08  1.34780565e-311 
 1.96725000e-08  1.41417864e-311 
 1.96735000e-08  1.34780565e-311 
 1.96745000e-08  1.41417864e-311 
 1.96755000e-08  1.34780565e-311 
 1.96765000e-08  1.41417864e-311 
 1.96775000e-08  1.34780565e-311 
 1.96785000e-08  1.41417864e-311 
 1.96795000e-08  1.34780565e-311 
 1.96805000e-08  1.41417864e-311 
 1.96815000e-08  1.34780565e-311 
 1.96825000e-08  1.41417864e-311 
 1.96835000e-08  1.34780565e-311 
 1.96845000e-08  1.41417864e-311 
 1.96855000e-08  1.34780565e-311 
 1.96865000e-08  1.41417864e-311 
 1.96875000e-08  1.34780565e-311 
 1.96885000e-08  1.41417864e-311 
 1.96895000e-08  1.34780565e-311 
 1.96905000e-08  1.41417864e-311 
 1.96915000e-08  1.34780565e-311 
 1.96925000e-08  1.41417864e-311 
 1.96935000e-08  1.34780565e-311 
 1.96945000e-08  1.41417864e-311 
 1.96955000e-08  1.34780565e-311 
 1.96965000e-08  1.41417864e-311 
 1.96975000e-08  1.34780565e-311 
 1.96985000e-08  1.41417864e-311 
 1.96995000e-08  1.34780565e-311 
 1.97005000e-08  1.41417864e-311 
 1.97015000e-08  1.34780565e-311 
 1.97025000e-08  1.41417864e-311 
 1.97035000e-08  1.34780565e-311 
 1.97045000e-08  1.41417864e-311 
 1.97055000e-08  1.34780565e-311 
 1.97065000e-08  1.41417864e-311 
 1.97075000e-08  1.34780565e-311 
 1.97085000e-08  1.41417864e-311 
 1.97095000e-08  1.34780565e-311 
 1.97105000e-08  1.41417864e-311 
 1.97115000e-08  1.34780565e-311 
 1.97125000e-08  1.41417864e-311 
 1.97135000e-08  1.34780565e-311 
 1.97145000e-08  1.41417864e-311 
 1.97155000e-08  1.34780565e-311 
 1.97165000e-08  1.41417864e-311 
 1.97175000e-08  1.34780565e-311 
 1.97185000e-08  1.41417864e-311 
 1.97195000e-08  1.34780565e-311 
 1.97205000e-08  1.41417864e-311 
 1.97215000e-08  1.34780565e-311 
 1.97225000e-08  1.41417864e-311 
 1.97235000e-08  1.34780565e-311 
 1.97245000e-08  1.41417864e-311 
 1.97255000e-08  1.34780565e-311 
 1.97265000e-08  1.41417864e-311 
 1.97275000e-08  1.34780565e-311 
 1.97285000e-08  1.41417864e-311 
 1.97295000e-08  1.34780565e-311 
 1.97305000e-08  1.41417864e-311 
 1.97315000e-08  1.34780565e-311 
 1.97325000e-08  1.41417864e-311 
 1.97335000e-08  1.34780565e-311 
 1.97345000e-08  1.41417864e-311 
 1.97355000e-08  1.34780565e-311 
 1.97365000e-08  1.41417864e-311 
 1.97375000e-08  1.34780565e-311 
 1.97385000e-08  1.41417864e-311 
 1.97395000e-08  1.34780565e-311 
 1.97405000e-08  1.41417864e-311 
 1.97415000e-08  1.34780565e-311 
 1.97425000e-08  1.41417864e-311 
 1.97435000e-08  1.34780565e-311 
 1.97445000e-08  1.41417864e-311 
 1.97455000e-08  1.34780565e-311 
 1.97465000e-08  1.41417864e-311 
 1.97475000e-08  1.34780565e-311 
 1.97485000e-08  1.41417864e-311 
 1.97495000e-08  1.34780565e-311 
 1.97505000e-08  1.41417864e-311 
 1.97515000e-08  1.34780565e-311 
 1.97525000e-08  1.41417864e-311 
 1.97535000e-08  1.34780565e-311 
 1.97545000e-08  1.41417864e-311 
 1.97555000e-08  1.34780565e-311 
 1.97565000e-08  1.41417864e-311 
 1.97575000e-08  1.34780565e-311 
 1.97585000e-08  1.41417864e-311 
 1.97595000e-08  1.34780565e-311 
 1.97605000e-08  1.41417864e-311 
 1.97615000e-08  1.34780565e-311 
 1.97625000e-08  1.41417864e-311 
 1.97635000e-08  1.34780565e-311 
 1.97645000e-08  1.41417864e-311 
 1.97655000e-08  1.34780565e-311 
 1.97665000e-08  1.41417864e-311 
 1.97675000e-08  1.34780565e-311 
 1.97685000e-08  1.41417864e-311 
 1.97695000e-08  1.34780565e-311 
 1.97705000e-08  1.41417864e-311 
 1.97715000e-08  1.34780565e-311 
 1.97725000e-08  1.41417864e-311 
 1.97735000e-08  1.34780565e-311 
 1.97745000e-08  1.41417864e-311 
 1.97755000e-08  1.34780565e-311 
 1.97765000e-08  1.41417864e-311 
 1.97775000e-08  1.34780565e-311 
 1.97785000e-08  1.41417864e-311 
 1.97795000e-08  1.34780565e-311 
 1.97805000e-08  1.41417864e-311 
 1.97815000e-08  1.34780565e-311 
 1.97825000e-08  1.41417864e-311 
 1.97835000e-08  1.34780565e-311 
 1.97845000e-08  1.41417864e-311 
 1.97855000e-08  1.34780565e-311 
 1.97865000e-08  1.41417864e-311 
 1.97875000e-08  1.34780565e-311 
 1.97885000e-08  1.41417864e-311 
 1.97895000e-08  1.34780565e-311 
 1.97905000e-08  1.41417864e-311 
 1.97915000e-08  1.34780565e-311 
 1.97925000e-08  1.41417864e-311 
 1.97935000e-08  1.34780565e-311 
 1.97945000e-08  1.41417864e-311 
 1.97955000e-08  1.34780565e-311 
 1.97965000e-08  1.41417864e-311 
 1.97975000e-08  1.34780565e-311 
 1.97985000e-08  1.41417864e-311 
 1.97995000e-08  1.34780565e-311 
 1.98005000e-08  1.41417864e-311 
 1.98015000e-08  1.34780565e-311 
 1.98025000e-08  1.41417864e-311 
 1.98035000e-08  1.34780565e-311 
 1.98045000e-08  1.41417864e-311 
 1.98055000e-08  1.34780565e-311 
 1.98065000e-08  1.41417864e-311 
 1.98075000e-08  1.34780565e-311 
 1.98085000e-08  1.41417864e-311 
 1.98095000e-08  1.34780565e-311 
 1.98105000e-08  1.41417864e-311 
 1.98115000e-08  1.34780565e-311 
 1.98125000e-08  1.41417864e-311 
 1.98135000e-08  1.34780565e-311 
 1.98145000e-08  1.41417864e-311 
 1.98155000e-08  1.34780565e-311 
 1.98165000e-08  1.41417864e-311 
 1.98175000e-08  1.34780565e-311 
 1.98185000e-08  1.41417864e-311 
 1.98195000e-08  1.34780565e-311 
 1.98205000e-08  1.41417864e-311 
 1.98215000e-08  1.34780565e-311 
 1.98225000e-08  1.41417864e-311 
 1.98235000e-08  1.34780565e-311 
 1.98245000e-08  1.41417864e-311 
 1.98255000e-08  1.34780565e-311 
 1.98265000e-08  1.41417864e-311 
 1.98275000e-08  1.34780565e-311 
 1.98285000e-08  1.41417864e-311 
 1.98295000e-08  1.34780565e-311 
 1.98305000e-08  1.41417864e-311 
 1.98315000e-08  1.34780565e-311 
 1.98325000e-08  1.41417864e-311 
 1.98335000e-08  1.34780565e-311 
 1.98345000e-08  1.41417864e-311 
 1.98355000e-08  1.34780565e-311 
 1.98365000e-08  1.41417864e-311 
 1.98375000e-08  1.34780565e-311 
 1.98385000e-08  1.41417864e-311 
 1.98395000e-08  1.34780565e-311 
 1.98405000e-08  1.41417864e-311 
 1.98415000e-08  1.34780565e-311 
 1.98425000e-08  1.41417864e-311 
 1.98435000e-08  1.34780565e-311 
 1.98445000e-08  1.41417864e-311 
 1.98455000e-08  1.34780565e-311 
 1.98465000e-08  1.41417864e-311 
 1.98475000e-08  1.34780565e-311 
 1.98485000e-08  1.41417864e-311 
 1.98495000e-08  1.34780565e-311 
 1.98505000e-08  1.41417864e-311 
 1.98515000e-08  1.34780565e-311 
 1.98525000e-08  1.41417864e-311 
 1.98535000e-08  1.34780565e-311 
 1.98545000e-08  1.41417864e-311 
 1.98555000e-08  1.34780565e-311 
 1.98565000e-08  1.41417864e-311 
 1.98575000e-08  1.34780565e-311 
 1.98585000e-08  1.41417864e-311 
 1.98595000e-08  1.34780565e-311 
 1.98605000e-08  1.41417864e-311 
 1.98615000e-08  1.34780565e-311 
 1.98625000e-08  1.41417864e-311 
 1.98635000e-08  1.34780565e-311 
 1.98645000e-08  1.41417864e-311 
 1.98655000e-08  1.34780565e-311 
 1.98665000e-08  1.41417864e-311 
 1.98675000e-08  1.34780565e-311 
 1.98685000e-08  1.41417864e-311 
 1.98695000e-08  1.34780565e-311 
 1.98705000e-08  1.41417864e-311 
 1.98715000e-08  1.34780565e-311 
 1.98725000e-08  1.41417864e-311 
 1.98735000e-08  1.34780565e-311 
 1.98745000e-08  1.41417864e-311 
 1.98755000e-08  1.34780565e-311 
 1.98765000e-08  1.41417864e-311 
 1.98775000e-08  1.34780565e-311 
 1.98785000e-08  1.41417864e-311 
 1.98795000e-08  1.34780565e-311 
 1.98805000e-08  1.41417864e-311 
 1.98815000e-08  1.34780565e-311 
 1.98825000e-08  1.41417864e-311 
 1.98835000e-08  1.34780565e-311 
 1.98845000e-08  1.41417864e-311 
 1.98855000e-08  1.34780565e-311 
 1.98865000e-08  1.41417864e-311 
 1.98875000e-08  1.34780565e-311 
 1.98885000e-08  1.41417864e-311 
 1.98895000e-08  1.34780565e-311 
 1.98905000e-08  1.41417864e-311 
 1.98915000e-08  1.34780565e-311 
 1.98925000e-08  1.41417864e-311 
 1.98935000e-08  1.34780565e-311 
 1.98945000e-08  1.41417864e-311 
 1.98955000e-08  1.34780565e-311 
 1.98965000e-08  1.41417864e-311 
 1.98975000e-08  1.34780565e-311 
 1.98985000e-08  1.41417864e-311 
 1.98995000e-08  1.34780565e-311 
 1.99005000e-08  1.41417864e-311 
 1.99015000e-08  1.34780565e-311 
 1.99025000e-08  1.41417864e-311 
 1.99035000e-08  1.34780565e-311 
 1.99045000e-08  1.41417864e-311 
 1.99055000e-08  1.34780565e-311 
 1.99065000e-08  1.41417864e-311 
 1.99075000e-08  1.34780565e-311 
 1.99085000e-08  1.41417864e-311 
 1.99095000e-08  1.34780565e-311 
 1.99105000e-08  1.41417864e-311 
 1.99115000e-08  1.34780565e-311 
 1.99125000e-08  1.41417864e-311 
 1.99135000e-08  1.34780565e-311 
 1.99145000e-08  1.41417864e-311 
 1.99155000e-08  1.34780565e-311 
 1.99165000e-08  1.41417864e-311 
 1.99175000e-08  1.34780565e-311 
 1.99185000e-08  1.41417864e-311 
 1.99195000e-08  1.34780565e-311 
 1.99205000e-08  1.41417864e-311 
 1.99215000e-08  1.34780565e-311 
 1.99225000e-08  1.41417864e-311 
 1.99235000e-08  1.34780565e-311 
 1.99245000e-08  1.41417864e-311 
 1.99255000e-08  1.34780565e-311 
 1.99265000e-08  1.41417864e-311 
 1.99275000e-08  1.34780565e-311 
 1.99285000e-08  1.41417864e-311 
 1.99295000e-08  1.34780565e-311 
 1.99305000e-08  1.41417864e-311 
 1.99315000e-08  1.34780565e-311 
 1.99325000e-08  1.41417864e-311 
 1.99335000e-08  1.34780565e-311 
 1.99345000e-08  1.41417864e-311 
 1.99355000e-08  1.34780565e-311 
 1.99365000e-08  1.41417864e-311 
 1.99375000e-08  1.34780565e-311 
 1.99385000e-08  1.41417864e-311 
 1.99395000e-08  1.34780565e-311 
 1.99405000e-08  1.41417864e-311 
 1.99415000e-08  1.34780565e-311 
 1.99425000e-08  1.41417864e-311 
 1.99435000e-08  1.34780565e-311 
 1.99445000e-08  1.41417864e-311 
 1.99455000e-08  1.34780565e-311 
 1.99465000e-08  1.41417864e-311 
 1.99475000e-08  1.34780565e-311 
 1.99485000e-08  1.41417864e-311 
 1.99495000e-08  1.34780565e-311 
 1.99505000e-08  1.41417864e-311 
 1.99515000e-08  1.34780565e-311 
 1.99525000e-08  1.41417864e-311 
 1.99535000e-08  1.34780565e-311 
 1.99545000e-08  1.41417864e-311 
 1.99555000e-08  1.34780565e-311 
 1.99565000e-08  1.41417864e-311 
 1.99575000e-08  1.34780565e-311 
 1.99585000e-08  1.41417864e-311 
 1.99595000e-08  1.34780565e-311 
 1.99605000e-08  1.41417864e-311 
 1.99615000e-08  1.34780565e-311 
 1.99625000e-08  1.41417864e-311 
 1.99635000e-08  1.34780565e-311 
 1.99645000e-08  1.41417864e-311 
 1.99655000e-08  1.34780565e-311 
 1.99665000e-08  1.41417864e-311 
 1.99675000e-08  1.34780565e-311 
 1.99685000e-08  1.41417864e-311 
 1.99695000e-08  1.34780565e-311 
 1.99705000e-08  1.41417864e-311 
 1.99715000e-08  1.34780565e-311 
 1.99725000e-08  1.41417864e-311 
 1.99735000e-08  1.34780565e-311 
 1.99745000e-08  1.41417864e-311 
 1.99755000e-08  1.34780565e-311 
 1.99765000e-08  1.41417864e-311 
 1.99775000e-08  1.34780565e-311 
 1.99785000e-08  1.41417864e-311 
 1.99795000e-08  1.34780565e-311 
 1.99805000e-08  1.41417864e-311 
 1.99815000e-08  1.34780565e-311 
 1.99825000e-08  1.41417864e-311 
 1.99835000e-08  1.34780565e-311 
 1.99845000e-08  1.41417864e-311 
 1.99855000e-08  1.34780565e-311 
 1.99865000e-08  1.41417864e-311 
 1.99875000e-08  1.34780565e-311 
 1.99885000e-08  1.41417864e-311 
 1.99895000e-08  1.34780565e-311 
 1.99905000e-08  1.41417864e-311 
 1.99915000e-08  1.34780565e-311 
 1.99925000e-08  1.41417864e-311 
 1.99935000e-08  1.34780565e-311 
 1.99945000e-08  1.41417864e-311 
 1.99955000e-08  1.34780565e-311 
 1.99965000e-08  1.41417864e-311 
 1.99975000e-08  1.34780565e-311 
 1.99985000e-08  1.41417864e-311 
 1.99995000e-08  1.34780565e-311 
 2.00000000e-08  1.46164951e-311 
